

============================== 01:10:57.066682 | 3f0c0776-c227-4c6f-942c-2552c35a879a ==============================
[0m01:10:57.066682 [info ] [Dummy-1   ]: Running with dbt=1.9.4
[0m01:10:57.067657 [debug] [Dummy-1   ]: running dbt with arguments {'printer_width': '80', 'indirect_selection': 'eager', 'log_cache_events': 'False', 'write_json': 'True', 'partial_parse': 'True', 'cache_selected_only': 'False', 'warn_error': 'None', 'fail_fast': 'False', 'profiles_dir': '/tmp/dbt/', 'log_path': '/tmp/dbt/logs', 'version_check': 'True', 'debug': 'False', 'use_colors': 'True', 'use_experimental_parser': 'False', 'no_print': 'None', 'quiet': 'False', 'empty': 'False', 'warn_error_options': 'WarnErrorOptions(include=[], exclude=[])', 'static_parser': 'True', 'log_format': 'default', 'introspect': 'True', 'target_path': '/tmp/dbt/target', 'invocation_command': 'dbt ', 'send_anonymous_usage_stats': 'False'}
[0m01:10:57.354264 [info ] [Dummy-1   ]: Registered adapter: snowflake=1.9.2
[0m01:10:57.916649 [debug] [Dummy-1   ]: checksum: 53ed91fada2233efb98368d1716b44ab532c83a9c293cf1890b7905d5b45fb25, vars: {}, profile: , target: dev, version: 1.9.4
[0m01:10:57.917930 [info ] [Dummy-1   ]: Unable to do partial parsing because saved manifest not found. Starting full parse.
[0m01:10:59.364638 [error] [Dummy-1   ]: Encountered an error:
Compilation Error in test accepted_values_stg_employees__ACTIVE_EXITED___employment_status (models/staging/staging.yml)
  macro 'dbt_macro__test_accepted_values' takes no keyword argument 'arguments'
[0m01:10:59.366500 [debug] [Dummy-1   ]: Resource report: {"command_name": "build", "command_success": false, "command_wall_clock_time": 2.3765047, "process_in_blocks": "0", "process_kernel_time": 0.97, "process_mem_max_rss": "463972", "process_out_blocks": "0", "process_user_time": 4.82}
[0m01:10:59.367213 [debug] [Dummy-1   ]: Command `cli build` failed at 01:10:59.366928 after 2.38 seconds
[0m01:10:59.367835 [debug] [Dummy-1   ]: Flushing usage events


============================== 01:16:44.943178 | 2a3e1731-d83a-460f-8562-d84bae588ca3 ==============================
[0m01:16:44.943178 [info ] [Dummy-1   ]: Running with dbt=1.9.4
[0m01:16:44.944007 [debug] [Dummy-1   ]: running dbt with arguments {'printer_width': '80', 'indirect_selection': 'eager', 'log_cache_events': 'False', 'write_json': 'True', 'partial_parse': 'True', 'cache_selected_only': 'False', 'warn_error': 'None', 'debug': 'False', 'version_check': 'True', 'log_path': '/tmp/dbt/logs', 'fail_fast': 'False', 'profiles_dir': '/tmp/dbt/', 'use_colors': 'True', 'use_experimental_parser': 'False', 'no_print': 'None', 'quiet': 'False', 'empty': 'False', 'log_format': 'default', 'introspect': 'True', 'static_parser': 'True', 'warn_error_options': 'WarnErrorOptions(include=[], exclude=[])', 'target_path': '/tmp/dbt/target', 'invocation_command': 'dbt ', 'send_anonymous_usage_stats': 'False'}
[0m01:16:45.213030 [info ] [Dummy-1   ]: Registered adapter: snowflake=1.9.2
[0m01:16:45.742262 [debug] [Dummy-1   ]: checksum: 53ed91fada2233efb98368d1716b44ab532c83a9c293cf1890b7905d5b45fb25, vars: {}, profile: , target: dev, version: 1.9.4
[0m01:16:45.743536 [info ] [Dummy-1   ]: Unable to do partial parsing because saved manifest not found. Starting full parse.
[0m01:16:47.491892 [debug] [Dummy-1   ]: Wrote artifact WritableManifest to /tmp/dbt/target/manifest.json
[0m01:16:47.493769 [debug] [Dummy-1   ]: Wrote artifact SemanticManifest to /tmp/dbt/target/semantic_manifest.json
[0m01:16:47.551404 [info ] [Dummy-1   ]: Found 6 models, 14 data tests, 3 sources, 475 macros
[0m01:16:47.554675 [info ] [Dummy-1   ]: 
[0m01:16:47.555187 [info ] [Dummy-1   ]: Concurrency: 4 threads (target='dev')
[0m01:16:47.555614 [info ] [Dummy-1   ]: 
[0m01:16:47.556307 [debug] [Dummy-1   ]: Acquiring new snowflake connection 'master'
[0m01:16:47.562374 [debug] [ThreadPool]: Acquiring new snowflake connection 'list_EMPLOYEE_ANALYTICS_DEV'
[0m01:16:47.564095 [debug] [ThreadPool]: Acquiring new snowflake connection 'list_EMPLOYEE_ANALYTICS_DEV'
[0m01:16:47.648603 [debug] [ThreadPool]: Using snowflake connection "list_EMPLOYEE_ANALYTICS_DEV"
[0m01:16:47.649237 [debug] [ThreadPool]: Using snowflake connection "list_EMPLOYEE_ANALYTICS_DEV"
[0m01:16:47.649819 [debug] [ThreadPool]: On list_EMPLOYEE_ANALYTICS_DEV: /* {"app": "dbt", "dbt_version": "1.9.4", "profile_name": "employee_analytics", "target_name": "dev", "connection_name": "list_EMPLOYEE_ANALYTICS_DEV"} */
show terse schemas in database EMPLOYEE_ANALYTICS_DEV
    limit 10000
[0m01:16:47.650333 [debug] [ThreadPool]: On list_EMPLOYEE_ANALYTICS_DEV: /* {"app": "dbt", "dbt_version": "1.9.4", "profile_name": "employee_analytics", "target_name": "dev", "connection_name": "list_EMPLOYEE_ANALYTICS_DEV"} */
show terse schemas in database EMPLOYEE_ANALYTICS_DEV
    limit 10000
[0m01:16:47.650798 [debug] [ThreadPool]: Opening a new connection, currently in state init
[0m01:16:47.651251 [debug] [ThreadPool]: Opening a new connection, currently in state init
[0m01:16:48.083038 [debug] [ThreadPool]: SQL status: SUCCESS 5 in 0.432 seconds
[0m01:16:48.096105 [debug] [ThreadPool]: SQL status: SUCCESS 5 in 0.445 seconds
[0m01:16:48.098119 [debug] [ThreadPool]: Re-using an available connection from the pool (formerly list_EMPLOYEE_ANALYTICS_DEV, now create_EMPLOYEE_ANALYTICS_DEV_STAGING)
[0m01:16:48.098800 [debug] [ThreadPool]: Creating schema "database: "EMPLOYEE_ANALYTICS_DEV"
schema: "STAGING"
"
[0m01:16:48.104718 [debug] [ThreadPool]: Using snowflake connection "create_EMPLOYEE_ANALYTICS_DEV_STAGING"
[0m01:16:48.105200 [debug] [ThreadPool]: On create_EMPLOYEE_ANALYTICS_DEV_STAGING: /* {"app": "dbt", "dbt_version": "1.9.4", "profile_name": "employee_analytics", "target_name": "dev", "connection_name": "create_EMPLOYEE_ANALYTICS_DEV_STAGING"} */
create schema if not exists EMPLOYEE_ANALYTICS_DEV.STAGING
[0m01:16:48.105712 [debug] [ThreadPool]: Opening a new connection, currently in state init
[0m01:16:48.540705 [debug] [ThreadPool]: Snowflake adapter: Snowflake query id: 01c63f90-030a-755a-0030-9073005a0246
[0m01:16:48.541245 [debug] [ThreadPool]: Snowflake adapter: Snowflake error: 003001 (42501): SQL access control error:
Insufficient privileges to operate on database 'EMPLOYEE_ANALYTICS_DEV'. Your primary role EMPLOYEE_DBT must have CREATE SCHEMA granted on DATABASE EMPLOYEE_ANALYTICS_DEV.
[0m01:16:48.541839 [debug] [ThreadPool]: Snowflake adapter: Error running SQL: macro create_schema
[0m01:16:48.542265 [debug] [ThreadPool]: Snowflake adapter: Rolling back transaction.
[0m01:16:48.543582 [debug] [Dummy-1   ]: Connection 'master' was properly closed.
[0m01:16:48.544276 [debug] [Dummy-1   ]: Connection 'list_EMPLOYEE_ANALYTICS_DEV' was properly closed.
[0m01:16:48.544904 [debug] [Dummy-1   ]: Connection 'create_EMPLOYEE_ANALYTICS_DEV_STAGING' was properly closed.
[0m01:16:48.545342 [info ] [Dummy-1   ]: 
[0m01:16:48.545902 [info ] [Dummy-1   ]: Finished running  in 0 hours 0 minutes and 0.99 seconds (0.99s).
[0m01:16:48.546577 [error] [Dummy-1   ]: Encountered an error:
Database Error
  003001 (42501): SQL access control error:
  Insufficient privileges to operate on database 'EMPLOYEE_ANALYTICS_DEV'. Your primary role EMPLOYEE_DBT must have CREATE SCHEMA granted on DATABASE EMPLOYEE_ANALYTICS_DEV.
[0m01:16:48.548229 [debug] [Dummy-1   ]: Resource report: {"command_name": "build", "command_success": false, "command_wall_clock_time": 3.67745, "process_in_blocks": "0", "process_kernel_time": 0.9, "process_mem_max_rss": "491560", "process_out_blocks": "0", "process_user_time": 5.23}
[0m01:16:48.548864 [debug] [Dummy-1   ]: Command `cli build` failed at 01:16:48.548602 after 3.68 seconds
[0m01:16:48.549390 [debug] [Dummy-1   ]: Flushing usage events


============================== 01:20:55.565663 | d9654039-eb99-4044-9cd7-2fbd8f9c6fc1 ==============================
[0m01:20:55.565663 [info ] [Dummy-1   ]: Running with dbt=1.9.4
[0m01:20:55.566666 [debug] [Dummy-1   ]: running dbt with arguments {'printer_width': '80', 'indirect_selection': 'eager', 'write_json': 'True', 'log_cache_events': 'False', 'partial_parse': 'True', 'cache_selected_only': 'False', 'warn_error': 'None', 'fail_fast': 'False', 'debug': 'False', 'log_path': '/tmp/dbt/logs', 'profiles_dir': '/tmp/dbt/', 'version_check': 'True', 'use_colors': 'True', 'use_experimental_parser': 'False', 'empty': 'False', 'quiet': 'False', 'no_print': 'None', 'warn_error_options': 'WarnErrorOptions(include=[], exclude=[])', 'static_parser': 'True', 'log_format': 'default', 'invocation_command': 'dbt ', 'target_path': '/tmp/dbt/target', 'introspect': 'True', 'send_anonymous_usage_stats': 'False'}
[0m01:20:55.870213 [info ] [Dummy-1   ]: Registered adapter: snowflake=1.9.2
[0m01:20:56.404041 [debug] [Dummy-1   ]: checksum: 53ed91fada2233efb98368d1716b44ab532c83a9c293cf1890b7905d5b45fb25, vars: {}, profile: , target: dev, version: 1.9.4
[0m01:20:56.716458 [debug] [Dummy-1   ]: Partial parsing enabled: 0 files deleted, 0 files added, 0 files changed.
[0m01:20:56.717115 [debug] [Dummy-1   ]: Partial parsing enabled, no changes found, skipping parsing
[0m01:20:56.884769 [debug] [Dummy-1   ]: Wrote artifact WritableManifest to /tmp/dbt/target/manifest.json
[0m01:20:56.887106 [debug] [Dummy-1   ]: Wrote artifact SemanticManifest to /tmp/dbt/target/semantic_manifest.json
[0m01:20:56.959775 [info ] [Dummy-1   ]: Found 6 models, 14 data tests, 3 sources, 475 macros
[0m01:20:56.963459 [info ] [Dummy-1   ]: 
[0m01:20:56.964151 [info ] [Dummy-1   ]: Concurrency: 4 threads (target='dev')
[0m01:20:56.964606 [info ] [Dummy-1   ]: 
[0m01:20:56.965414 [debug] [Dummy-1   ]: Acquiring new snowflake connection 'master'
[0m01:20:56.972331 [debug] [ThreadPool]: Acquiring new snowflake connection 'list_EMPLOYEE_ANALYTICS_DEV'
[0m01:20:56.974649 [debug] [ThreadPool]: Acquiring new snowflake connection 'list_EMPLOYEE_ANALYTICS_DEV'
[0m01:20:57.087177 [debug] [ThreadPool]: Using snowflake connection "list_EMPLOYEE_ANALYTICS_DEV"
[0m01:20:57.088036 [debug] [ThreadPool]: Using snowflake connection "list_EMPLOYEE_ANALYTICS_DEV"
[0m01:20:57.088694 [debug] [ThreadPool]: On list_EMPLOYEE_ANALYTICS_DEV: /* {"app": "dbt", "dbt_version": "1.9.4", "profile_name": "employee_analytics", "target_name": "dev", "connection_name": "list_EMPLOYEE_ANALYTICS_DEV"} */
show terse schemas in database EMPLOYEE_ANALYTICS_DEV
    limit 10000
[0m01:20:57.089324 [debug] [ThreadPool]: On list_EMPLOYEE_ANALYTICS_DEV: /* {"app": "dbt", "dbt_version": "1.9.4", "profile_name": "employee_analytics", "target_name": "dev", "connection_name": "list_EMPLOYEE_ANALYTICS_DEV"} */
show terse schemas in database EMPLOYEE_ANALYTICS_DEV
    limit 10000
[0m01:20:57.089861 [debug] [ThreadPool]: Opening a new connection, currently in state init
[0m01:20:57.090340 [debug] [ThreadPool]: Opening a new connection, currently in state init
[0m01:20:57.558440 [debug] [ThreadPool]: SQL status: SUCCESS 6 in 0.468 seconds
[0m01:20:57.562689 [debug] [ThreadPool]: SQL status: SUCCESS 6 in 0.473 seconds
[0m01:20:57.567761 [debug] [ThreadPool]: Acquiring new snowflake connection 'list_EMPLOYEE_ANALYTICS_DEV_STAGING'
[0m01:20:57.569723 [debug] [ThreadPool]: Re-using an available connection from the pool (formerly list_EMPLOYEE_ANALYTICS_DEV, now list_EMPLOYEE_ANALYTICS_DEV_ANALYTICS)
[0m01:20:57.584299 [debug] [ThreadPool]: Using snowflake connection "list_EMPLOYEE_ANALYTICS_DEV_STAGING"
[0m01:20:57.588432 [debug] [ThreadPool]: Using snowflake connection "list_EMPLOYEE_ANALYTICS_DEV_ANALYTICS"
[0m01:20:57.589078 [debug] [ThreadPool]: On list_EMPLOYEE_ANALYTICS_DEV_STAGING: /* {"app": "dbt", "dbt_version": "1.9.4", "profile_name": "employee_analytics", "target_name": "dev", "connection_name": "list_EMPLOYEE_ANALYTICS_DEV_STAGING"} */
alter session set quoted_identifiers_ignore_case = false;
[0m01:20:57.589593 [debug] [ThreadPool]: On list_EMPLOYEE_ANALYTICS_DEV_ANALYTICS: /* {"app": "dbt", "dbt_version": "1.9.4", "profile_name": "employee_analytics", "target_name": "dev", "connection_name": "list_EMPLOYEE_ANALYTICS_DEV_ANALYTICS"} */
alter session set quoted_identifiers_ignore_case = false;
[0m01:20:57.590090 [debug] [ThreadPool]: Opening a new connection, currently in state init
[0m01:20:57.590599 [debug] [ThreadPool]: Opening a new connection, currently in state init
[0m01:20:58.020633 [debug] [ThreadPool]: SQL status: SUCCESS 1 in 0.430 seconds
[0m01:20:58.025487 [debug] [ThreadPool]: Using snowflake connection "list_EMPLOYEE_ANALYTICS_DEV_STAGING"
[0m01:20:58.026034 [debug] [ThreadPool]: On list_EMPLOYEE_ANALYTICS_DEV_STAGING: /* {"app": "dbt", "dbt_version": "1.9.4", "profile_name": "employee_analytics", "target_name": "dev", "connection_name": "list_EMPLOYEE_ANALYTICS_DEV_STAGING"} */
show objects in EMPLOYEE_ANALYTICS_DEV.STAGING
    limit 10000
    
;
[0m01:20:58.074201 [debug] [ThreadPool]: SQL status: SUCCESS 1 in 0.483 seconds
[0m01:20:58.076449 [debug] [ThreadPool]: Using snowflake connection "list_EMPLOYEE_ANALYTICS_DEV_ANALYTICS"
[0m01:20:58.077027 [debug] [ThreadPool]: On list_EMPLOYEE_ANALYTICS_DEV_ANALYTICS: /* {"app": "dbt", "dbt_version": "1.9.4", "profile_name": "employee_analytics", "target_name": "dev", "connection_name": "list_EMPLOYEE_ANALYTICS_DEV_ANALYTICS"} */
show objects in EMPLOYEE_ANALYTICS_DEV.ANALYTICS
    limit 10000
    
;
[0m01:20:58.119482 [debug] [ThreadPool]: SQL status: SUCCESS 0 in 0.093 seconds
[0m01:20:58.121615 [debug] [ThreadPool]: Using snowflake connection "list_EMPLOYEE_ANALYTICS_DEV_STAGING"
[0m01:20:58.122139 [debug] [ThreadPool]: On list_EMPLOYEE_ANALYTICS_DEV_STAGING: /* {"app": "dbt", "dbt_version": "1.9.4", "profile_name": "employee_analytics", "target_name": "dev", "connection_name": "list_EMPLOYEE_ANALYTICS_DEV_STAGING"} */
alter session unset quoted_identifiers_ignore_case;
[0m01:20:58.170051 [debug] [ThreadPool]: SQL status: SUCCESS 0 in 0.092 seconds
[0m01:20:58.172199 [debug] [ThreadPool]: Using snowflake connection "list_EMPLOYEE_ANALYTICS_DEV_ANALYTICS"
[0m01:20:58.172786 [debug] [ThreadPool]: On list_EMPLOYEE_ANALYTICS_DEV_ANALYTICS: /* {"app": "dbt", "dbt_version": "1.9.4", "profile_name": "employee_analytics", "target_name": "dev", "connection_name": "list_EMPLOYEE_ANALYTICS_DEV_ANALYTICS"} */
alter session unset quoted_identifiers_ignore_case;
[0m01:20:58.189279 [debug] [ThreadPool]: SQL status: SUCCESS 1 in 0.066 seconds
[0m01:20:58.232914 [debug] [ThreadPool]: SQL status: SUCCESS 1 in 0.059 seconds
[0m01:20:58.245956 [debug] [Thread-2 (]: Began running node model.employee_analytics.stg_departments
[0m01:20:58.246626 [debug] [Thread-3 (]: Began running node model.employee_analytics.stg_employee_events
[0m01:20:58.247206 [debug] [Thread-4 (]: Began running node model.employee_analytics.stg_employees
[0m01:20:58.248079 [info ] [Thread-2 (]: 1 of 20 START sql view model STAGING.stg_departments ........................... [RUN]
[0m01:20:58.248874 [info ] [Thread-3 (]: 2 of 20 START sql view model STAGING.stg_employee_events ....................... [RUN]
[0m01:20:58.249637 [info ] [Thread-4 (]: 3 of 20 START sql view model STAGING.stg_employees ............................. [RUN]
[0m01:20:58.250399 [debug] [Thread-2 (]: Re-using an available connection from the pool (formerly list_EMPLOYEE_ANALYTICS_DEV_ANALYTICS, now model.employee_analytics.stg_departments)
[0m01:20:58.251006 [debug] [Thread-3 (]: Re-using an available connection from the pool (formerly list_EMPLOYEE_ANALYTICS_DEV_STAGING, now model.employee_analytics.stg_employee_events)
[0m01:20:58.251610 [debug] [Thread-4 (]: Re-using an available connection from the pool (formerly list_EMPLOYEE_ANALYTICS_DEV, now model.employee_analytics.stg_employees)
[0m01:20:58.252246 [debug] [Thread-2 (]: Began compiling node model.employee_analytics.stg_departments
[0m01:20:58.252774 [debug] [Thread-3 (]: Began compiling node model.employee_analytics.stg_employee_events
[0m01:20:58.253265 [debug] [Thread-4 (]: Began compiling node model.employee_analytics.stg_employees
[0m01:20:58.264851 [debug] [Thread-2 (]: Writing injected SQL for node "model.employee_analytics.stg_departments"
[0m01:20:58.269845 [debug] [Thread-3 (]: Writing injected SQL for node "model.employee_analytics.stg_employee_events"
[0m01:20:58.274774 [debug] [Thread-4 (]: Writing injected SQL for node "model.employee_analytics.stg_employees"
[0m01:20:58.276834 [debug] [Thread-3 (]: Began executing node model.employee_analytics.stg_employee_events
[0m01:20:58.277449 [debug] [Thread-2 (]: Began executing node model.employee_analytics.stg_departments
[0m01:20:58.278081 [debug] [Thread-4 (]: Began executing node model.employee_analytics.stg_employees
[0m01:20:58.340494 [debug] [Thread-3 (]: Writing runtime sql for node "model.employee_analytics.stg_employee_events"
[0m01:20:58.345938 [debug] [Thread-2 (]: Writing runtime sql for node "model.employee_analytics.stg_departments"
[0m01:20:58.352505 [debug] [Thread-4 (]: Writing runtime sql for node "model.employee_analytics.stg_employees"
[0m01:20:58.354783 [debug] [Thread-2 (]: Using snowflake connection "model.employee_analytics.stg_departments"
[0m01:20:58.356070 [debug] [Thread-3 (]: Using snowflake connection "model.employee_analytics.stg_employee_events"
[0m01:20:58.357156 [debug] [Thread-4 (]: Using snowflake connection "model.employee_analytics.stg_employees"
[0m01:20:58.357764 [debug] [Thread-2 (]: On model.employee_analytics.stg_departments: /* {"app": "dbt", "dbt_version": "1.9.4", "profile_name": "employee_analytics", "target_name": "dev", "node_id": "model.employee_analytics.stg_departments"} */
create or replace   view EMPLOYEE_ANALYTICS_DEV.STAGING.stg_departments
  
   as (
    select department_id,trim(department_name) department_name,trim(department_head) department_head,trim(cost_center) cost_center from EMPLOYEE_ANALYTICS_DEV.RAW.DEPARTMENTS
  );
[0m01:20:58.358335 [debug] [Thread-3 (]: On model.employee_analytics.stg_employee_events: /* {"app": "dbt", "dbt_version": "1.9.4", "profile_name": "employee_analytics", "target_name": "dev", "node_id": "model.employee_analytics.stg_employee_events"} */
create or replace   view EMPLOYEE_ANALYTICS_DEV.STAGING.stg_employee_events
  
   as (
    select event_id,employee_id,upper(trim(event_type)) event_type,event_date,old_value,new_value from EMPLOYEE_ANALYTICS_DEV.RAW.EMPLOYEE_EVENTS
  );
[0m01:20:58.358886 [debug] [Thread-4 (]: On model.employee_analytics.stg_employees: /* {"app": "dbt", "dbt_version": "1.9.4", "profile_name": "employee_analytics", "target_name": "dev", "node_id": "model.employee_analytics.stg_employees"} */
create or replace   view EMPLOYEE_ANALYTICS_DEV.STAGING.stg_employees
  
   as (
    select employee_id,trim(employee_name) employee_name,lower(trim(email)) email,department_id,trim(job_title) job_title,join_date,exit_date,upper(trim(employment_status)) employment_status,salary,updated_at from EMPLOYEE_ANALYTICS_DEV.RAW.EMPLOYEES
  );
[0m01:20:58.359475 [debug] [Thread-2 (]: Opening a new connection, currently in state init
[0m01:20:58.360068 [debug] [Thread-3 (]: Opening a new connection, currently in state init
[0m01:20:58.360561 [debug] [Thread-4 (]: Opening a new connection, currently in state init
[0m01:20:59.040096 [debug] [Thread-3 (]: SQL status: SUCCESS 1 in 0.680 seconds
[0m01:20:59.051456 [debug] [Thread-2 (]: SQL status: SUCCESS 1 in 0.692 seconds
[0m01:20:59.069624 [info ] [Thread-3 (]: 2 of 20 OK created sql view model STAGING.stg_employee_events .................. [[32mSUCCESS 1[0m in 0.81s]
[0m01:20:59.070446 [info ] [Thread-2 (]: 1 of 20 OK created sql view model STAGING.stg_departments ...................... [[32mSUCCESS 1[0m in 0.82s]
[0m01:20:59.071234 [debug] [Thread-3 (]: Finished running node model.employee_analytics.stg_employee_events
[0m01:20:59.072036 [debug] [Thread-2 (]: Finished running node model.employee_analytics.stg_departments
[0m01:20:59.073357 [debug] [Thread-5 (]: Began running node test.employee_analytics.not_null_stg_employee_events_event_id.ec250bcb52
[0m01:20:59.073896 [debug] [Thread-3 (]: Began running node test.employee_analytics.unique_stg_employee_events_event_id.d61930ab8c
[0m01:20:59.074951 [debug] [Thread-2 (]: Began running node test.employee_analytics.not_null_stg_departments_department_id.ce7f6f5cf8
[0m01:20:59.075571 [info ] [Thread-5 (]: 4 of 20 START test not_null_stg_employee_events_event_id ....................... [RUN]
[0m01:20:59.076308 [info ] [Thread-3 (]: 5 of 20 START test unique_stg_employee_events_event_id ......................... [RUN]
[0m01:20:59.077018 [info ] [Thread-2 (]: 6 of 20 START test not_null_stg_departments_department_id ...................... [RUN]
[0m01:20:59.077913 [debug] [Thread-5 (]: Acquiring new snowflake connection 'test.employee_analytics.not_null_stg_employee_events_event_id.ec250bcb52'
[0m01:20:59.078559 [debug] [Thread-3 (]: Re-using an available connection from the pool (formerly model.employee_analytics.stg_employee_events, now test.employee_analytics.unique_stg_employee_events_event_id.d61930ab8c)
[0m01:20:59.079184 [debug] [Thread-2 (]: Re-using an available connection from the pool (formerly model.employee_analytics.stg_departments, now test.employee_analytics.not_null_stg_departments_department_id.ce7f6f5cf8)
[0m01:20:59.079816 [debug] [Thread-5 (]: Began compiling node test.employee_analytics.not_null_stg_employee_events_event_id.ec250bcb52
[0m01:20:59.080363 [debug] [Thread-3 (]: Began compiling node test.employee_analytics.unique_stg_employee_events_event_id.d61930ab8c
[0m01:20:59.080862 [debug] [Thread-2 (]: Began compiling node test.employee_analytics.not_null_stg_departments_department_id.ce7f6f5cf8
[0m01:20:59.094450 [debug] [Thread-4 (]: SQL status: SUCCESS 1 in 0.734 seconds
[0m01:20:59.097433 [debug] [Thread-5 (]: Writing injected SQL for node "test.employee_analytics.not_null_stg_employee_events_event_id.ec250bcb52"
[0m01:20:59.106196 [debug] [Thread-3 (]: Writing injected SQL for node "test.employee_analytics.unique_stg_employee_events_event_id.d61930ab8c"
[0m01:20:59.114719 [debug] [Thread-2 (]: Writing injected SQL for node "test.employee_analytics.not_null_stg_departments_department_id.ce7f6f5cf8"
[0m01:20:59.117630 [info ] [Thread-4 (]: 3 of 20 OK created sql view model STAGING.stg_employees ........................ [[32mSUCCESS 1[0m in 0.87s]
[0m01:20:59.118917 [debug] [Thread-5 (]: Began executing node test.employee_analytics.not_null_stg_employee_events_event_id.ec250bcb52
[0m01:20:59.119884 [debug] [Thread-3 (]: Began executing node test.employee_analytics.unique_stg_employee_events_event_id.d61930ab8c
[0m01:20:59.120595 [debug] [Thread-4 (]: Finished running node model.employee_analytics.stg_employees
[0m01:20:59.121156 [debug] [Thread-2 (]: Began executing node test.employee_analytics.not_null_stg_departments_department_id.ce7f6f5cf8
[0m01:20:59.141119 [debug] [Thread-5 (]: Writing runtime sql for node "test.employee_analytics.not_null_stg_employee_events_event_id.ec250bcb52"
[0m01:20:59.145347 [debug] [Thread-3 (]: Writing runtime sql for node "test.employee_analytics.unique_stg_employee_events_event_id.d61930ab8c"
[0m01:20:59.146125 [debug] [Thread-4 (]: Began running node test.employee_analytics.unique_stg_departments_department_id.8e1b8b707b
[0m01:20:59.150841 [debug] [Thread-2 (]: Writing runtime sql for node "test.employee_analytics.not_null_stg_departments_department_id.ce7f6f5cf8"
[0m01:20:59.152635 [debug] [Thread-5 (]: Using snowflake connection "test.employee_analytics.not_null_stg_employee_events_event_id.ec250bcb52"
[0m01:20:59.153264 [info ] [Thread-4 (]: 7 of 20 START test unique_stg_departments_department_id ........................ [RUN]
[0m01:20:59.154412 [debug] [Thread-3 (]: Using snowflake connection "test.employee_analytics.unique_stg_employee_events_event_id.d61930ab8c"
[0m01:20:59.155204 [debug] [Thread-5 (]: On test.employee_analytics.not_null_stg_employee_events_event_id.ec250bcb52: /* {"app": "dbt", "dbt_version": "1.9.4", "profile_name": "employee_analytics", "target_name": "dev", "node_id": "test.employee_analytics.not_null_stg_employee_events_event_id.ec250bcb52"} */
select
      count(*) as failures,
      count(*) != 0 as should_warn,
      count(*) != 0 as should_error
    from (
      
    
    



select event_id
from EMPLOYEE_ANALYTICS_DEV.STAGING.stg_employee_events
where event_id is null



      
    ) dbt_internal_test
[0m01:20:59.156258 [debug] [Thread-2 (]: Using snowflake connection "test.employee_analytics.not_null_stg_departments_department_id.ce7f6f5cf8"
[0m01:20:59.156941 [debug] [Thread-4 (]: Re-using an available connection from the pool (formerly model.employee_analytics.stg_employees, now test.employee_analytics.unique_stg_departments_department_id.8e1b8b707b)
[0m01:20:59.157510 [debug] [Thread-3 (]: On test.employee_analytics.unique_stg_employee_events_event_id.d61930ab8c: /* {"app": "dbt", "dbt_version": "1.9.4", "profile_name": "employee_analytics", "target_name": "dev", "node_id": "test.employee_analytics.unique_stg_employee_events_event_id.d61930ab8c"} */
select
      count(*) as failures,
      count(*) != 0 as should_warn,
      count(*) != 0 as should_error
    from (
      
    
    

select
    event_id as unique_field,
    count(*) as n_records

from EMPLOYEE_ANALYTICS_DEV.STAGING.stg_employee_events
where event_id is not null
group by event_id
having count(*) > 1



      
    ) dbt_internal_test
[0m01:20:59.158049 [debug] [Thread-5 (]: Opening a new connection, currently in state init
[0m01:20:59.158624 [debug] [Thread-2 (]: On test.employee_analytics.not_null_stg_departments_department_id.ce7f6f5cf8: /* {"app": "dbt", "dbt_version": "1.9.4", "profile_name": "employee_analytics", "target_name": "dev", "node_id": "test.employee_analytics.not_null_stg_departments_department_id.ce7f6f5cf8"} */
select
      count(*) as failures,
      count(*) != 0 as should_warn,
      count(*) != 0 as should_error
    from (
      
    
    



select department_id
from EMPLOYEE_ANALYTICS_DEV.STAGING.stg_departments
where department_id is null



      
    ) dbt_internal_test
[0m01:20:59.159195 [debug] [Thread-4 (]: Began compiling node test.employee_analytics.unique_stg_departments_department_id.8e1b8b707b
[0m01:20:59.159765 [debug] [Thread-3 (]: Opening a new connection, currently in state init
[0m01:20:59.160525 [debug] [Thread-2 (]: Opening a new connection, currently in state init
[0m01:20:59.166866 [debug] [Thread-4 (]: Writing injected SQL for node "test.employee_analytics.unique_stg_departments_department_id.8e1b8b707b"
[0m01:20:59.168190 [debug] [Thread-4 (]: Began executing node test.employee_analytics.unique_stg_departments_department_id.8e1b8b707b
[0m01:20:59.173740 [debug] [Thread-4 (]: Writing runtime sql for node "test.employee_analytics.unique_stg_departments_department_id.8e1b8b707b"
[0m01:20:59.175065 [debug] [Thread-4 (]: Using snowflake connection "test.employee_analytics.unique_stg_departments_department_id.8e1b8b707b"
[0m01:20:59.175739 [debug] [Thread-4 (]: On test.employee_analytics.unique_stg_departments_department_id.8e1b8b707b: /* {"app": "dbt", "dbt_version": "1.9.4", "profile_name": "employee_analytics", "target_name": "dev", "node_id": "test.employee_analytics.unique_stg_departments_department_id.8e1b8b707b"} */
select
      count(*) as failures,
      count(*) != 0 as should_warn,
      count(*) != 0 as should_error
    from (
      
    
    

select
    department_id as unique_field,
    count(*) as n_records

from EMPLOYEE_ANALYTICS_DEV.STAGING.stg_departments
where department_id is not null
group by department_id
having count(*) > 1



      
    ) dbt_internal_test
[0m01:20:59.176290 [debug] [Thread-4 (]: Opening a new connection, currently in state init
[0m01:20:59.768802 [debug] [Thread-5 (]: SQL status: SUCCESS 1 in 0.611 seconds
[0m01:20:59.773482 [info ] [Thread-5 (]: 4 of 20 PASS not_null_stg_employee_events_event_id ............................. [[32mPASS[0m in 0.70s]
[0m01:20:59.774413 [debug] [Thread-5 (]: Finished running node test.employee_analytics.not_null_stg_employee_events_event_id.ec250bcb52
[0m01:20:59.775273 [debug] [Thread-5 (]: Began running node test.employee_analytics.accepted_values_stg_employees_employment_status__ACTIVE__EXITED.696b0099c8
[0m01:20:59.776130 [info ] [Thread-5 (]: 8 of 20 START test accepted_values_stg_employees_employment_status__ACTIVE__EXITED  [RUN]
[0m01:20:59.776886 [debug] [Thread-5 (]: Re-using an available connection from the pool (formerly test.employee_analytics.not_null_stg_employee_events_event_id.ec250bcb52, now test.employee_analytics.accepted_values_stg_employees_employment_status__ACTIVE__EXITED.696b0099c8)
[0m01:20:59.777635 [debug] [Thread-5 (]: Began compiling node test.employee_analytics.accepted_values_stg_employees_employment_status__ACTIVE__EXITED.696b0099c8
[0m01:20:59.789722 [debug] [Thread-5 (]: Writing injected SQL for node "test.employee_analytics.accepted_values_stg_employees_employment_status__ACTIVE__EXITED.696b0099c8"
[0m01:20:59.790670 [debug] [Thread-5 (]: Began executing node test.employee_analytics.accepted_values_stg_employees_employment_status__ACTIVE__EXITED.696b0099c8
[0m01:20:59.795016 [debug] [Thread-5 (]: Writing runtime sql for node "test.employee_analytics.accepted_values_stg_employees_employment_status__ACTIVE__EXITED.696b0099c8"
[0m01:20:59.796561 [debug] [Thread-5 (]: Using snowflake connection "test.employee_analytics.accepted_values_stg_employees_employment_status__ACTIVE__EXITED.696b0099c8"
[0m01:20:59.797246 [debug] [Thread-5 (]: On test.employee_analytics.accepted_values_stg_employees_employment_status__ACTIVE__EXITED.696b0099c8: /* {"app": "dbt", "dbt_version": "1.9.4", "profile_name": "employee_analytics", "target_name": "dev", "node_id": "test.employee_analytics.accepted_values_stg_employees_employment_status__ACTIVE__EXITED.696b0099c8"} */
select
      count(*) as failures,
      count(*) != 0 as should_warn,
      count(*) != 0 as should_error
    from (
      
    
    

with all_values as (

    select
        employment_status as value_field,
        count(*) as n_records

    from EMPLOYEE_ANALYTICS_DEV.STAGING.stg_employees
    group by employment_status

)

select *
from all_values
where value_field not in (
    'ACTIVE','EXITED'
)



      
    ) dbt_internal_test
[0m01:20:59.797925 [debug] [Thread-5 (]: Opening a new connection, currently in state init
[0m01:20:59.798720 [debug] [Thread-2 (]: SQL status: SUCCESS 1 in 0.638 seconds
[0m01:20:59.801625 [info ] [Thread-2 (]: 6 of 20 PASS not_null_stg_departments_department_id ............................ [[32mPASS[0m in 0.72s]
[0m01:20:59.802481 [debug] [Thread-2 (]: Finished running node test.employee_analytics.not_null_stg_departments_department_id.ce7f6f5cf8
[0m01:20:59.803179 [debug] [Thread-2 (]: Began running node test.employee_analytics.not_null_stg_employees_department_id.a7701eed35
[0m01:20:59.803999 [info ] [Thread-2 (]: 9 of 20 START test not_null_stg_employees_department_id ........................ [RUN]
[0m01:20:59.804693 [debug] [Thread-2 (]: Re-using an available connection from the pool (formerly test.employee_analytics.not_null_stg_departments_department_id.ce7f6f5cf8, now test.employee_analytics.not_null_stg_employees_department_id.a7701eed35)
[0m01:20:59.805214 [debug] [Thread-2 (]: Began compiling node test.employee_analytics.not_null_stg_employees_department_id.a7701eed35
[0m01:20:59.811586 [debug] [Thread-2 (]: Writing injected SQL for node "test.employee_analytics.not_null_stg_employees_department_id.a7701eed35"
[0m01:20:59.812513 [debug] [Thread-2 (]: Began executing node test.employee_analytics.not_null_stg_employees_department_id.a7701eed35
[0m01:20:59.818128 [debug] [Thread-2 (]: Writing runtime sql for node "test.employee_analytics.not_null_stg_employees_department_id.a7701eed35"
[0m01:20:59.819458 [debug] [Thread-2 (]: Using snowflake connection "test.employee_analytics.not_null_stg_employees_department_id.a7701eed35"
[0m01:20:59.820156 [debug] [Thread-2 (]: On test.employee_analytics.not_null_stg_employees_department_id.a7701eed35: /* {"app": "dbt", "dbt_version": "1.9.4", "profile_name": "employee_analytics", "target_name": "dev", "node_id": "test.employee_analytics.not_null_stg_employees_department_id.a7701eed35"} */
select
      count(*) as failures,
      count(*) != 0 as should_warn,
      count(*) != 0 as should_error
    from (
      
    
    



select department_id
from EMPLOYEE_ANALYTICS_DEV.STAGING.stg_employees
where department_id is null



      
    ) dbt_internal_test
[0m01:20:59.820705 [debug] [Thread-2 (]: Opening a new connection, currently in state init
[0m01:20:59.832194 [debug] [Thread-3 (]: SQL status: SUCCESS 1 in 0.672 seconds
[0m01:20:59.834755 [info ] [Thread-3 (]: 5 of 20 PASS unique_stg_employee_events_event_id ............................... [[32mPASS[0m in 0.76s]
[0m01:20:59.836347 [debug] [Thread-3 (]: Finished running node test.employee_analytics.unique_stg_employee_events_event_id.d61930ab8c
[0m01:20:59.837828 [debug] [Thread-4 (]: SQL status: SUCCESS 1 in 0.661 seconds
[0m01:20:59.838631 [debug] [Thread-3 (]: Began running node test.employee_analytics.not_null_stg_employees_employee_id.7f6f73d15b
[0m01:20:59.841524 [info ] [Thread-4 (]: 7 of 20 PASS unique_stg_departments_department_id .............................. [[32mPASS[0m in 0.68s]
[0m01:20:59.842281 [info ] [Thread-3 (]: 10 of 20 START test not_null_stg_employees_employee_id ......................... [RUN]
[0m01:20:59.843076 [debug] [Thread-4 (]: Finished running node test.employee_analytics.unique_stg_departments_department_id.8e1b8b707b
[0m01:20:59.843863 [debug] [Thread-3 (]: Re-using an available connection from the pool (formerly test.employee_analytics.unique_stg_employee_events_event_id.d61930ab8c, now test.employee_analytics.not_null_stg_employees_employee_id.7f6f73d15b)
[0m01:20:59.844541 [debug] [Thread-4 (]: Began running node test.employee_analytics.relationships_stg_employee_events_employee_id__employee_id__ref_stg_employees_.d0912f39d6
[0m01:20:59.845213 [debug] [Thread-3 (]: Began compiling node test.employee_analytics.not_null_stg_employees_employee_id.7f6f73d15b
[0m01:20:59.845771 [info ] [Thread-4 (]: 11 of 20 START test relationships_stg_employee_events_employee_id__employee_id__ref_stg_employees_  [RUN]
[0m01:20:59.852254 [debug] [Thread-3 (]: Writing injected SQL for node "test.employee_analytics.not_null_stg_employees_employee_id.7f6f73d15b"
[0m01:20:59.853087 [debug] [Thread-4 (]: Re-using an available connection from the pool (formerly test.employee_analytics.unique_stg_departments_department_id.8e1b8b707b, now test.employee_analytics.relationships_stg_employee_events_employee_id__employee_id__ref_stg_employees_.d0912f39d6)
[0m01:20:59.854089 [debug] [Thread-4 (]: Began compiling node test.employee_analytics.relationships_stg_employee_events_employee_id__employee_id__ref_stg_employees_.d0912f39d6
[0m01:20:59.854704 [debug] [Thread-3 (]: Began executing node test.employee_analytics.not_null_stg_employees_employee_id.7f6f73d15b
[0m01:20:59.865957 [debug] [Thread-4 (]: Writing injected SQL for node "test.employee_analytics.relationships_stg_employee_events_employee_id__employee_id__ref_stg_employees_.d0912f39d6"
[0m01:20:59.870788 [debug] [Thread-3 (]: Writing runtime sql for node "test.employee_analytics.not_null_stg_employees_employee_id.7f6f73d15b"
[0m01:20:59.872537 [debug] [Thread-4 (]: Began executing node test.employee_analytics.relationships_stg_employee_events_employee_id__employee_id__ref_stg_employees_.d0912f39d6
[0m01:20:59.873778 [debug] [Thread-3 (]: Using snowflake connection "test.employee_analytics.not_null_stg_employees_employee_id.7f6f73d15b"
[0m01:20:59.877936 [debug] [Thread-4 (]: Writing runtime sql for node "test.employee_analytics.relationships_stg_employee_events_employee_id__employee_id__ref_stg_employees_.d0912f39d6"
[0m01:20:59.888237 [debug] [Thread-3 (]: On test.employee_analytics.not_null_stg_employees_employee_id.7f6f73d15b: /* {"app": "dbt", "dbt_version": "1.9.4", "profile_name": "employee_analytics", "target_name": "dev", "node_id": "test.employee_analytics.not_null_stg_employees_employee_id.7f6f73d15b"} */
select
      count(*) as failures,
      count(*) != 0 as should_warn,
      count(*) != 0 as should_error
    from (
      
    
    



select employee_id
from EMPLOYEE_ANALYTICS_DEV.STAGING.stg_employees
where employee_id is null



      
    ) dbt_internal_test
[0m01:20:59.889279 [debug] [Thread-3 (]: Opening a new connection, currently in state init
[0m01:20:59.890735 [debug] [Thread-4 (]: Using snowflake connection "test.employee_analytics.relationships_stg_employee_events_employee_id__employee_id__ref_stg_employees_.d0912f39d6"
[0m01:20:59.891605 [debug] [Thread-4 (]: On test.employee_analytics.relationships_stg_employee_events_employee_id__employee_id__ref_stg_employees_.d0912f39d6: /* {"app": "dbt", "dbt_version": "1.9.4", "profile_name": "employee_analytics", "target_name": "dev", "node_id": "test.employee_analytics.relationships_stg_employee_events_employee_id__employee_id__ref_stg_employees_.d0912f39d6"} */
select
      count(*) as failures,
      count(*) != 0 as should_warn,
      count(*) != 0 as should_error
    from (
      
    
    

with child as (
    select employee_id as from_field
    from EMPLOYEE_ANALYTICS_DEV.STAGING.stg_employee_events
    where employee_id is not null
),

parent as (
    select employee_id as to_field
    from EMPLOYEE_ANALYTICS_DEV.STAGING.stg_employees
)

select
    from_field

from child
left join parent
    on child.from_field = parent.to_field

where parent.to_field is null



      
    ) dbt_internal_test
[0m01:20:59.892288 [debug] [Thread-4 (]: Opening a new connection, currently in state init
[0m01:21:00.352981 [debug] [Thread-2 (]: SQL status: SUCCESS 1 in 0.532 seconds
[0m01:21:00.355549 [info ] [Thread-2 (]: 9 of 20 PASS not_null_stg_employees_department_id .............................. [[32mPASS[0m in 0.55s]
[0m01:21:00.356489 [debug] [Thread-2 (]: Finished running node test.employee_analytics.not_null_stg_employees_department_id.a7701eed35
[0m01:21:00.357131 [debug] [Thread-2 (]: Began running node test.employee_analytics.unique_stg_employees_employee_id.db72478d64
[0m01:21:00.357791 [info ] [Thread-2 (]: 12 of 20 START test unique_stg_employees_employee_id ........................... [RUN]
[0m01:21:00.358466 [debug] [Thread-2 (]: Re-using an available connection from the pool (formerly test.employee_analytics.not_null_stg_employees_department_id.a7701eed35, now test.employee_analytics.unique_stg_employees_employee_id.db72478d64)
[0m01:21:00.358970 [debug] [Thread-2 (]: Began compiling node test.employee_analytics.unique_stg_employees_employee_id.db72478d64
[0m01:21:00.365247 [debug] [Thread-2 (]: Writing injected SQL for node "test.employee_analytics.unique_stg_employees_employee_id.db72478d64"
[0m01:21:00.366061 [debug] [Thread-2 (]: Began executing node test.employee_analytics.unique_stg_employees_employee_id.db72478d64
[0m01:21:00.370543 [debug] [Thread-2 (]: Writing runtime sql for node "test.employee_analytics.unique_stg_employees_employee_id.db72478d64"
[0m01:21:00.372050 [debug] [Thread-2 (]: Using snowflake connection "test.employee_analytics.unique_stg_employees_employee_id.db72478d64"
[0m01:21:00.372688 [debug] [Thread-2 (]: On test.employee_analytics.unique_stg_employees_employee_id.db72478d64: /* {"app": "dbt", "dbt_version": "1.9.4", "profile_name": "employee_analytics", "target_name": "dev", "node_id": "test.employee_analytics.unique_stg_employees_employee_id.db72478d64"} */
select
      count(*) as failures,
      count(*) != 0 as should_warn,
      count(*) != 0 as should_error
    from (
      
    
    

select
    employee_id as unique_field,
    count(*) as n_records

from EMPLOYEE_ANALYTICS_DEV.STAGING.stg_employees
where employee_id is not null
group by employee_id
having count(*) > 1



      
    ) dbt_internal_test
[0m01:21:00.373244 [debug] [Thread-2 (]: Opening a new connection, currently in state init
[0m01:21:00.408137 [debug] [Thread-5 (]: SQL status: SUCCESS 1 in 0.610 seconds
[0m01:21:00.410665 [info ] [Thread-5 (]: 8 of 20 PASS accepted_values_stg_employees_employment_status__ACTIVE__EXITED ... [[32mPASS[0m in 0.63s]
[0m01:21:00.411485 [debug] [Thread-5 (]: Finished running node test.employee_analytics.accepted_values_stg_employees_employment_status__ACTIVE__EXITED.696b0099c8
[0m01:21:00.412229 [debug] [Thread-5 (]: Began running node model.employee_analytics.agg_employee_movement
[0m01:21:00.413095 [info ] [Thread-5 (]: 13 of 20 START sql table model ANALYTICS.agg_employee_movement ................. [RUN]
[0m01:21:00.413789 [debug] [Thread-5 (]: Re-using an available connection from the pool (formerly test.employee_analytics.accepted_values_stg_employees_employment_status__ACTIVE__EXITED.696b0099c8, now model.employee_analytics.agg_employee_movement)
[0m01:21:00.414350 [debug] [Thread-5 (]: Began compiling node model.employee_analytics.agg_employee_movement
[0m01:21:00.419077 [debug] [Thread-5 (]: Writing injected SQL for node "model.employee_analytics.agg_employee_movement"
[0m01:21:00.420028 [debug] [Thread-3 (]: SQL status: SUCCESS 1 in 0.531 seconds
[0m01:21:00.422677 [info ] [Thread-3 (]: 10 of 20 PASS not_null_stg_employees_employee_id ............................... [[32mPASS[0m in 0.58s]
[0m01:21:00.423552 [debug] [Thread-5 (]: Began executing node model.employee_analytics.agg_employee_movement
[0m01:21:00.424345 [debug] [Thread-3 (]: Finished running node test.employee_analytics.not_null_stg_employees_employee_id.7f6f73d15b
[0m01:21:00.461076 [debug] [Thread-5 (]: Writing runtime sql for node "model.employee_analytics.agg_employee_movement"
[0m01:21:00.463532 [debug] [Thread-5 (]: Using snowflake connection "model.employee_analytics.agg_employee_movement"
[0m01:21:00.464282 [debug] [Thread-5 (]: On model.employee_analytics.agg_employee_movement: /* {"app": "dbt", "dbt_version": "1.9.4", "profile_name": "employee_analytics", "target_name": "dev", "node_id": "model.employee_analytics.agg_employee_movement"} */
create or replace transient table EMPLOYEE_ANALYTICS_DEV.ANALYTICS.agg_employee_movement
         as
        (select date_trunc('month',event_date)::date month,count_if(event_type='JOINED') joiners,count_if(event_type='EXITED') exits,count_if(event_type='TRANSFERRED') transfers,count_if(event_type='PROMOTED') promotions,count_if(event_type='SALARY_CHANGE') salary_changes from EMPLOYEE_ANALYTICS_DEV.STAGING.stg_employee_events group by 1
        );
[0m01:21:00.464852 [debug] [Thread-5 (]: Opening a new connection, currently in state init
[0m01:21:00.474330 [debug] [Thread-4 (]: SQL status: SUCCESS 1 in 0.582 seconds
[0m01:21:00.476981 [info ] [Thread-4 (]: 11 of 20 PASS relationships_stg_employee_events_employee_id__employee_id__ref_stg_employees_  [[32mPASS[0m in 0.62s]
[0m01:21:00.477843 [debug] [Thread-4 (]: Finished running node test.employee_analytics.relationships_stg_employee_events_employee_id__employee_id__ref_stg_employees_.d0912f39d6
[0m01:21:00.842444 [debug] [Thread-2 (]: SQL status: SUCCESS 1 in 0.469 seconds
[0m01:21:00.845027 [info ] [Thread-2 (]: 12 of 20 PASS unique_stg_employees_employee_id ................................. [[32mPASS[0m in 0.49s]
[0m01:21:00.846500 [debug] [Thread-2 (]: Finished running node test.employee_analytics.unique_stg_employees_employee_id.db72478d64
[0m01:21:00.847508 [debug] [Thread-3 (]: Began running node model.employee_analytics.dim_employees
[0m01:21:00.848362 [info ] [Thread-3 (]: 14 of 20 START sql table model ANALYTICS.dim_employees ......................... [RUN]
[0m01:21:00.849109 [debug] [Thread-3 (]: Re-using an available connection from the pool (formerly test.employee_analytics.not_null_stg_employees_employee_id.7f6f73d15b, now model.employee_analytics.dim_employees)
[0m01:21:00.849650 [debug] [Thread-3 (]: Began compiling node model.employee_analytics.dim_employees
[0m01:21:00.854891 [debug] [Thread-3 (]: Writing injected SQL for node "model.employee_analytics.dim_employees"
[0m01:21:00.855734 [debug] [Thread-3 (]: Began executing node model.employee_analytics.dim_employees
[0m01:21:00.860419 [debug] [Thread-3 (]: Writing runtime sql for node "model.employee_analytics.dim_employees"
[0m01:21:00.861902 [debug] [Thread-3 (]: Using snowflake connection "model.employee_analytics.dim_employees"
[0m01:21:00.862481 [debug] [Thread-3 (]: On model.employee_analytics.dim_employees: /* {"app": "dbt", "dbt_version": "1.9.4", "profile_name": "employee_analytics", "target_name": "dev", "node_id": "model.employee_analytics.dim_employees"} */
create or replace transient table EMPLOYEE_ANALYTICS_DEV.ANALYTICS.dim_employees
         as
        (select e.employee_id,e.employee_name,e.email,e.job_title,d.department_name,d.cost_center,e.join_date,e.exit_date,e.employment_status,e.salary,datediff(month,e.join_date,coalesce(e.exit_date,current_date())) tenure_months from EMPLOYEE_ANALYTICS_DEV.STAGING.stg_employees e left join EMPLOYEE_ANALYTICS_DEV.STAGING.stg_departments d on e.department_id=d.department_id
        );
[0m01:21:00.862983 [debug] [Thread-3 (]: Opening a new connection, currently in state init
[0m01:21:01.665392 [debug] [Thread-5 (]: SQL status: SUCCESS 1 in 1.200 seconds
[0m01:21:01.668808 [info ] [Thread-5 (]: 13 of 20 OK created sql table model ANALYTICS.agg_employee_movement ............ [[32mSUCCESS 1[0m in 1.25s]
[0m01:21:01.669694 [debug] [Thread-5 (]: Finished running node model.employee_analytics.agg_employee_movement
[0m01:21:02.018100 [debug] [Thread-3 (]: SQL status: SUCCESS 1 in 1.155 seconds
[0m01:21:02.021097 [info ] [Thread-3 (]: 14 of 20 OK created sql table model ANALYTICS.dim_employees .................... [[32mSUCCESS 1[0m in 1.17s]
[0m01:21:02.021906 [debug] [Thread-3 (]: Finished running node model.employee_analytics.dim_employees
[0m01:21:02.023263 [debug] [Thread-2 (]: Began running node test.employee_analytics.assert_exit_date_valid
[0m01:21:02.024043 [debug] [Thread-4 (]: Began running node test.employee_analytics.assert_salary_positive
[0m01:21:02.024712 [debug] [Thread-5 (]: Began running node test.employee_analytics.not_null_dim_employees_employee_id.ef83a0c291
[0m01:21:02.025347 [debug] [Thread-3 (]: Began running node test.employee_analytics.not_null_dim_employees_salary.1690cd4958
[0m01:21:02.026134 [info ] [Thread-2 (]: 15 of 20 START test assert_exit_date_valid ..................................... [RUN]
[0m01:21:02.026756 [info ] [Thread-4 (]: 16 of 20 START test assert_salary_positive ..................................... [RUN]
[0m01:21:02.027365 [info ] [Thread-5 (]: 17 of 20 START test not_null_dim_employees_employee_id ......................... [RUN]
[0m01:21:02.028041 [info ] [Thread-3 (]: 18 of 20 START test not_null_dim_employees_salary .............................. [RUN]
[0m01:21:02.028780 [debug] [Thread-2 (]: Re-using an available connection from the pool (formerly test.employee_analytics.unique_stg_employees_employee_id.db72478d64, now test.employee_analytics.assert_exit_date_valid)
[0m01:21:02.029422 [debug] [Thread-4 (]: Re-using an available connection from the pool (formerly test.employee_analytics.relationships_stg_employee_events_employee_id__employee_id__ref_stg_employees_.d0912f39d6, now test.employee_analytics.assert_salary_positive)
[0m01:21:02.030022 [debug] [Thread-5 (]: Re-using an available connection from the pool (formerly model.employee_analytics.agg_employee_movement, now test.employee_analytics.not_null_dim_employees_employee_id.ef83a0c291)
[0m01:21:02.030595 [debug] [Thread-3 (]: Re-using an available connection from the pool (formerly model.employee_analytics.dim_employees, now test.employee_analytics.not_null_dim_employees_salary.1690cd4958)
[0m01:21:02.031148 [debug] [Thread-2 (]: Began compiling node test.employee_analytics.assert_exit_date_valid
[0m01:21:02.031706 [debug] [Thread-4 (]: Began compiling node test.employee_analytics.assert_salary_positive
[0m01:21:02.032228 [debug] [Thread-5 (]: Began compiling node test.employee_analytics.not_null_dim_employees_employee_id.ef83a0c291
[0m01:21:02.032765 [debug] [Thread-3 (]: Began compiling node test.employee_analytics.not_null_dim_employees_salary.1690cd4958
[0m01:21:02.037655 [debug] [Thread-2 (]: Writing injected SQL for node "test.employee_analytics.assert_exit_date_valid"
[0m01:21:02.042669 [debug] [Thread-4 (]: Writing injected SQL for node "test.employee_analytics.assert_salary_positive"
[0m01:21:02.144206 [debug] [Thread-5 (]: Writing injected SQL for node "test.employee_analytics.not_null_dim_employees_employee_id.ef83a0c291"
[0m01:21:02.150381 [debug] [Thread-3 (]: Writing injected SQL for node "test.employee_analytics.not_null_dim_employees_salary.1690cd4958"
[0m01:21:02.151977 [debug] [Thread-2 (]: Began executing node test.employee_analytics.assert_exit_date_valid
[0m01:21:02.152550 [debug] [Thread-4 (]: Began executing node test.employee_analytics.assert_salary_positive
[0m01:21:02.153626 [debug] [Thread-5 (]: Began executing node test.employee_analytics.not_null_dim_employees_employee_id.ef83a0c291
[0m01:21:02.157769 [debug] [Thread-2 (]: Writing runtime sql for node "test.employee_analytics.assert_exit_date_valid"
[0m01:21:02.158472 [debug] [Thread-3 (]: Began executing node test.employee_analytics.not_null_dim_employees_salary.1690cd4958
[0m01:21:02.162905 [debug] [Thread-4 (]: Writing runtime sql for node "test.employee_analytics.assert_salary_positive"
[0m01:21:02.166983 [debug] [Thread-5 (]: Writing runtime sql for node "test.employee_analytics.not_null_dim_employees_employee_id.ef83a0c291"
[0m01:21:02.173423 [debug] [Thread-3 (]: Writing runtime sql for node "test.employee_analytics.not_null_dim_employees_salary.1690cd4958"
[0m01:21:02.174924 [debug] [Thread-2 (]: Using snowflake connection "test.employee_analytics.assert_exit_date_valid"
[0m01:21:02.176375 [debug] [Thread-4 (]: Using snowflake connection "test.employee_analytics.assert_salary_positive"
[0m01:21:02.177576 [debug] [Thread-2 (]: On test.employee_analytics.assert_exit_date_valid: /* {"app": "dbt", "dbt_version": "1.9.4", "profile_name": "employee_analytics", "target_name": "dev", "node_id": "test.employee_analytics.assert_exit_date_valid"} */
select
      count(*) as failures,
      count(*) != 0 as should_warn,
      count(*) != 0 as should_error
    from (
      select * from EMPLOYEE_ANALYTICS_DEV.ANALYTICS.dim_employees where exit_date is not null and exit_date < join_date
      
    ) dbt_internal_test
[0m01:21:02.178549 [debug] [Thread-5 (]: Using snowflake connection "test.employee_analytics.not_null_dim_employees_employee_id.ef83a0c291"
[0m01:21:02.179574 [debug] [Thread-3 (]: Using snowflake connection "test.employee_analytics.not_null_dim_employees_salary.1690cd4958"
[0m01:21:02.180239 [debug] [Thread-4 (]: On test.employee_analytics.assert_salary_positive: /* {"app": "dbt", "dbt_version": "1.9.4", "profile_name": "employee_analytics", "target_name": "dev", "node_id": "test.employee_analytics.assert_salary_positive"} */
select
      count(*) as failures,
      count(*) != 0 as should_warn,
      count(*) != 0 as should_error
    from (
      select * from EMPLOYEE_ANALYTICS_DEV.ANALYTICS.dim_employees where salary <= 0
      
    ) dbt_internal_test
[0m01:21:02.180799 [debug] [Thread-2 (]: Opening a new connection, currently in state init
[0m01:21:02.181343 [debug] [Thread-5 (]: On test.employee_analytics.not_null_dim_employees_employee_id.ef83a0c291: /* {"app": "dbt", "dbt_version": "1.9.4", "profile_name": "employee_analytics", "target_name": "dev", "node_id": "test.employee_analytics.not_null_dim_employees_employee_id.ef83a0c291"} */
select
      count(*) as failures,
      count(*) != 0 as should_warn,
      count(*) != 0 as should_error
    from (
      
    
    



select employee_id
from EMPLOYEE_ANALYTICS_DEV.ANALYTICS.dim_employees
where employee_id is null



      
    ) dbt_internal_test
[0m01:21:02.181876 [debug] [Thread-3 (]: On test.employee_analytics.not_null_dim_employees_salary.1690cd4958: /* {"app": "dbt", "dbt_version": "1.9.4", "profile_name": "employee_analytics", "target_name": "dev", "node_id": "test.employee_analytics.not_null_dim_employees_salary.1690cd4958"} */
select
      count(*) as failures,
      count(*) != 0 as should_warn,
      count(*) != 0 as should_error
    from (
      
    
    



select salary
from EMPLOYEE_ANALYTICS_DEV.ANALYTICS.dim_employees
where salary is null



      
    ) dbt_internal_test
[0m01:21:02.182392 [debug] [Thread-4 (]: Opening a new connection, currently in state init
[0m01:21:02.183042 [debug] [Thread-5 (]: Opening a new connection, currently in state init
[0m01:21:02.183571 [debug] [Thread-3 (]: Opening a new connection, currently in state init
[0m01:21:02.760792 [debug] [Thread-4 (]: SQL status: SUCCESS 1 in 0.578 seconds
[0m01:21:02.761676 [debug] [Thread-5 (]: SQL status: SUCCESS 1 in 0.579 seconds
[0m01:21:02.762505 [debug] [Thread-3 (]: SQL status: SUCCESS 1 in 0.579 seconds
[0m01:21:02.765014 [info ] [Thread-4 (]: 16 of 20 PASS assert_salary_positive ........................................... [[32mPASS[0m in 0.74s]
[0m01:21:02.767365 [info ] [Thread-5 (]: 17 of 20 PASS not_null_dim_employees_employee_id ............................... [[32mPASS[0m in 0.74s]
[0m01:21:02.769754 [info ] [Thread-3 (]: 18 of 20 PASS not_null_dim_employees_salary .................................... [[32mPASS[0m in 0.74s]
[0m01:21:02.770610 [debug] [Thread-4 (]: Finished running node test.employee_analytics.assert_salary_positive
[0m01:21:02.771427 [debug] [Thread-2 (]: SQL status: SUCCESS 1 in 0.591 seconds
[0m01:21:02.772281 [debug] [Thread-5 (]: Finished running node test.employee_analytics.not_null_dim_employees_employee_id.ef83a0c291
[0m01:21:02.773005 [debug] [Thread-3 (]: Finished running node test.employee_analytics.not_null_dim_employees_salary.1690cd4958
[0m01:21:02.773701 [debug] [Thread-4 (]: Began running node test.employee_analytics.unique_dim_employees_employee_id.79828c8f30
[0m01:21:02.776222 [info ] [Thread-2 (]: 15 of 20 PASS assert_exit_date_valid ........................................... [[32mPASS[0m in 0.75s]
[0m01:21:02.777441 [info ] [Thread-4 (]: 19 of 20 START test unique_dim_employees_employee_id ........................... [RUN]
[0m01:21:02.778236 [debug] [Thread-2 (]: Finished running node test.employee_analytics.assert_exit_date_valid
[0m01:21:02.778919 [debug] [Thread-4 (]: Re-using an available connection from the pool (formerly test.employee_analytics.assert_salary_positive, now test.employee_analytics.unique_dim_employees_employee_id.79828c8f30)
[0m01:21:02.779862 [debug] [Thread-4 (]: Began compiling node test.employee_analytics.unique_dim_employees_employee_id.79828c8f30
[0m01:21:02.786632 [debug] [Thread-4 (]: Writing injected SQL for node "test.employee_analytics.unique_dim_employees_employee_id.79828c8f30"
[0m01:21:02.787454 [debug] [Thread-4 (]: Began executing node test.employee_analytics.unique_dim_employees_employee_id.79828c8f30
[0m01:21:02.791471 [debug] [Thread-4 (]: Writing runtime sql for node "test.employee_analytics.unique_dim_employees_employee_id.79828c8f30"
[0m01:21:02.792864 [debug] [Thread-4 (]: Using snowflake connection "test.employee_analytics.unique_dim_employees_employee_id.79828c8f30"
[0m01:21:02.793429 [debug] [Thread-4 (]: On test.employee_analytics.unique_dim_employees_employee_id.79828c8f30: /* {"app": "dbt", "dbt_version": "1.9.4", "profile_name": "employee_analytics", "target_name": "dev", "node_id": "test.employee_analytics.unique_dim_employees_employee_id.79828c8f30"} */
select
      count(*) as failures,
      count(*) != 0 as should_warn,
      count(*) != 0 as should_error
    from (
      
    
    

select
    employee_id as unique_field,
    count(*) as n_records

from EMPLOYEE_ANALYTICS_DEV.ANALYTICS.dim_employees
where employee_id is not null
group by employee_id
having count(*) > 1



      
    ) dbt_internal_test
[0m01:21:02.793945 [debug] [Thread-4 (]: Opening a new connection, currently in state init
[0m01:21:03.307216 [debug] [Thread-4 (]: SQL status: SUCCESS 1 in 0.513 seconds
[0m01:21:03.309824 [info ] [Thread-4 (]: 19 of 20 PASS unique_dim_employees_employee_id ................................. [[32mPASS[0m in 0.53s]
[0m01:21:03.310712 [debug] [Thread-4 (]: Finished running node test.employee_analytics.unique_dim_employees_employee_id.79828c8f30
[0m01:21:03.311947 [debug] [Thread-5 (]: Began running node model.employee_analytics.agg_department_summary
[0m01:21:03.312912 [info ] [Thread-5 (]: 20 of 20 START sql table model ANALYTICS.agg_department_summary ................ [RUN]
[0m01:21:03.313669 [debug] [Thread-5 (]: Re-using an available connection from the pool (formerly test.employee_analytics.not_null_dim_employees_employee_id.ef83a0c291, now model.employee_analytics.agg_department_summary)
[0m01:21:03.314215 [debug] [Thread-5 (]: Began compiling node model.employee_analytics.agg_department_summary
[0m01:21:03.318902 [debug] [Thread-5 (]: Writing injected SQL for node "model.employee_analytics.agg_department_summary"
[0m01:21:03.319745 [debug] [Thread-5 (]: Began executing node model.employee_analytics.agg_department_summary
[0m01:21:03.326085 [debug] [Thread-5 (]: Writing runtime sql for node "model.employee_analytics.agg_department_summary"
[0m01:21:03.327496 [debug] [Thread-5 (]: Using snowflake connection "model.employee_analytics.agg_department_summary"
[0m01:21:03.328184 [debug] [Thread-5 (]: On model.employee_analytics.agg_department_summary: /* {"app": "dbt", "dbt_version": "1.9.4", "profile_name": "employee_analytics", "target_name": "dev", "node_id": "model.employee_analytics.agg_department_summary"} */
create or replace transient table EMPLOYEE_ANALYTICS_DEV.ANALYTICS.agg_department_summary
         as
        (select department_name,count(*) total_employees,count_if(employment_status='ACTIVE') active_employees,count_if(employment_status='EXITED') exited_employees,round(avg(salary),2) avg_salary,round(avg(tenure_months),1) avg_tenure_months from EMPLOYEE_ANALYTICS_DEV.ANALYTICS.dim_employees group by department_name
        );
[0m01:21:03.328724 [debug] [Thread-5 (]: Opening a new connection, currently in state init
[0m01:21:04.478930 [debug] [Thread-5 (]: SQL status: SUCCESS 1 in 1.150 seconds
[0m01:21:04.482001 [info ] [Thread-5 (]: 20 of 20 OK created sql table model ANALYTICS.agg_department_summary ........... [[32mSUCCESS 1[0m in 1.17s]
[0m01:21:04.482881 [debug] [Thread-5 (]: Finished running node model.employee_analytics.agg_department_summary
[0m01:21:04.486806 [debug] [Dummy-1   ]: Connection 'master' was properly closed.
[0m01:21:04.487761 [debug] [Dummy-1   ]: Connection 'test.employee_analytics.unique_dim_employees_employee_id.79828c8f30' was properly closed.
[0m01:21:04.488338 [debug] [Dummy-1   ]: Connection 'test.employee_analytics.assert_exit_date_valid' was properly closed.
[0m01:21:04.488826 [debug] [Dummy-1   ]: Connection 'test.employee_analytics.not_null_dim_employees_salary.1690cd4958' was properly closed.
[0m01:21:04.489318 [debug] [Dummy-1   ]: Connection 'model.employee_analytics.agg_department_summary' was properly closed.
[0m01:21:04.489974 [info ] [Dummy-1   ]: 
[0m01:21:04.490514 [info ] [Dummy-1   ]: Finished running 3 table models, 14 data tests, 3 view models in 0 hours 0 minutes and 7.52 seconds (7.52s).
[0m01:21:04.493620 [debug] [Dummy-1   ]: Command end result
[0m01:21:04.519742 [debug] [Dummy-1   ]: Wrote artifact WritableManifest to /tmp/dbt/target/manifest.json
[0m01:21:04.522059 [debug] [Dummy-1   ]: Wrote artifact SemanticManifest to /tmp/dbt/target/semantic_manifest.json
[0m01:21:04.530042 [debug] [Dummy-1   ]: Wrote artifact RunExecutionResult to /tmp/dbt/target/run_results.json
[0m01:21:04.530690 [info ] [Dummy-1   ]: 
[0m01:21:04.531353 [info ] [Dummy-1   ]: [32mCompleted successfully[0m
[0m01:21:04.531981 [info ] [Dummy-1   ]: 
[0m01:21:04.532491 [info ] [Dummy-1   ]: Done. PASS=20 WARN=0 ERROR=0 SKIP=0 TOTAL=20
[0m01:21:04.534653 [debug] [Dummy-1   ]: Resource report: {"command_name": "build", "command_success": true, "command_wall_clock_time": 9.0490265, "process_in_blocks": "0", "process_kernel_time": 0.97, "process_mem_max_rss": "469332", "process_out_blocks": "0", "process_user_time": 5.39}
[0m01:21:04.535327 [debug] [Dummy-1   ]: Command `cli build` succeeded at 01:21:04.535064 after 9.05 seconds
[0m01:21:04.535978 [debug] [Dummy-1   ]: Flushing usage events


============================== 01:27:08.755962 | 14372a9c-7011-4571-86a1-652221f79ca6 ==============================
[0m01:27:08.755962 [info ] [Dummy-1   ]: Running with dbt=1.9.4
[0m01:27:08.756948 [debug] [Dummy-1   ]: running dbt with arguments {'printer_width': '80', 'indirect_selection': 'eager', 'write_json': 'True', 'log_cache_events': 'False', 'partial_parse': 'True', 'cache_selected_only': 'False', 'profiles_dir': '/tmp/dbt/', 'debug': 'False', 'version_check': 'True', 'log_path': '/tmp/dbt/logs', 'fail_fast': 'False', 'warn_error': 'None', 'use_colors': 'True', 'use_experimental_parser': 'False', 'no_print': 'None', 'quiet': 'False', 'empty': 'False', 'warn_error_options': 'WarnErrorOptions(include=[], exclude=[])', 'invocation_command': 'dbt ', 'static_parser': 'True', 'introspect': 'True', 'target_path': '/tmp/dbt/target', 'log_format': 'default', 'send_anonymous_usage_stats': 'False'}
[0m01:27:09.053512 [info ] [Dummy-1   ]: Registered adapter: snowflake=1.9.2
[0m01:27:09.608912 [debug] [Dummy-1   ]: checksum: 53ed91fada2233efb98368d1716b44ab532c83a9c293cf1890b7905d5b45fb25, vars: {}, profile: , target: dev, version: 1.9.4
[0m01:27:09.934140 [debug] [Dummy-1   ]: Partial parsing enabled: 0 files deleted, 0 files added, 0 files changed.
[0m01:27:09.934840 [debug] [Dummy-1   ]: Partial parsing enabled, no changes found, skipping parsing
[0m01:27:10.101433 [debug] [Dummy-1   ]: Wrote artifact WritableManifest to /tmp/dbt/target/manifest.json
[0m01:27:10.103746 [debug] [Dummy-1   ]: Wrote artifact SemanticManifest to /tmp/dbt/target/semantic_manifest.json
[0m01:27:10.179036 [info ] [Dummy-1   ]: Found 6 models, 14 data tests, 3 sources, 475 macros
[0m01:27:10.182805 [info ] [Dummy-1   ]: 
[0m01:27:10.183403 [info ] [Dummy-1   ]: Concurrency: 4 threads (target='dev')
[0m01:27:10.183868 [info ] [Dummy-1   ]: 
[0m01:27:10.184668 [debug] [Dummy-1   ]: Acquiring new snowflake connection 'master'
[0m01:27:10.191700 [debug] [ThreadPool]: Acquiring new snowflake connection 'list_EMPLOYEE_ANALYTICS_DEV'
[0m01:27:10.193769 [debug] [ThreadPool]: Acquiring new snowflake connection 'list_EMPLOYEE_ANALYTICS_DEV'
[0m01:27:10.304838 [debug] [ThreadPool]: Using snowflake connection "list_EMPLOYEE_ANALYTICS_DEV"
[0m01:27:10.305559 [debug] [ThreadPool]: Using snowflake connection "list_EMPLOYEE_ANALYTICS_DEV"
[0m01:27:10.306102 [debug] [ThreadPool]: On list_EMPLOYEE_ANALYTICS_DEV: /* {"app": "dbt", "dbt_version": "1.9.4", "profile_name": "employee_analytics", "target_name": "dev", "connection_name": "list_EMPLOYEE_ANALYTICS_DEV"} */
show terse schemas in database EMPLOYEE_ANALYTICS_DEV
    limit 10000
[0m01:27:10.306679 [debug] [ThreadPool]: On list_EMPLOYEE_ANALYTICS_DEV: /* {"app": "dbt", "dbt_version": "1.9.4", "profile_name": "employee_analytics", "target_name": "dev", "connection_name": "list_EMPLOYEE_ANALYTICS_DEV"} */
show terse schemas in database EMPLOYEE_ANALYTICS_DEV
    limit 10000
[0m01:27:10.307239 [debug] [ThreadPool]: Opening a new connection, currently in state init
[0m01:27:10.307686 [debug] [ThreadPool]: Opening a new connection, currently in state init
[0m01:27:10.823122 [debug] [ThreadPool]: SQL status: SUCCESS 6 in 0.516 seconds
[0m01:27:10.824039 [debug] [ThreadPool]: SQL status: SUCCESS 6 in 0.516 seconds
[0m01:27:10.830340 [debug] [ThreadPool]: Acquiring new snowflake connection 'list_EMPLOYEE_ANALYTICS_DEV_ANALYTICS'
[0m01:27:10.832064 [debug] [ThreadPool]: Re-using an available connection from the pool (formerly list_EMPLOYEE_ANALYTICS_DEV, now list_EMPLOYEE_ANALYTICS_DEV_STAGING)
[0m01:27:10.846177 [debug] [ThreadPool]: Using snowflake connection "list_EMPLOYEE_ANALYTICS_DEV_ANALYTICS"
[0m01:27:10.850143 [debug] [ThreadPool]: Using snowflake connection "list_EMPLOYEE_ANALYTICS_DEV_STAGING"
[0m01:27:10.850827 [debug] [ThreadPool]: On list_EMPLOYEE_ANALYTICS_DEV_ANALYTICS: /* {"app": "dbt", "dbt_version": "1.9.4", "profile_name": "employee_analytics", "target_name": "dev", "connection_name": "list_EMPLOYEE_ANALYTICS_DEV_ANALYTICS"} */
alter session set quoted_identifiers_ignore_case = false;
[0m01:27:10.851374 [debug] [ThreadPool]: On list_EMPLOYEE_ANALYTICS_DEV_STAGING: /* {"app": "dbt", "dbt_version": "1.9.4", "profile_name": "employee_analytics", "target_name": "dev", "connection_name": "list_EMPLOYEE_ANALYTICS_DEV_STAGING"} */
alter session set quoted_identifiers_ignore_case = false;
[0m01:27:10.851882 [debug] [ThreadPool]: Opening a new connection, currently in state init
[0m01:27:10.852369 [debug] [ThreadPool]: Opening a new connection, currently in state init
[0m01:27:11.271858 [debug] [ThreadPool]: SQL status: SUCCESS 1 in 0.419 seconds
[0m01:27:11.276689 [debug] [ThreadPool]: Using snowflake connection "list_EMPLOYEE_ANALYTICS_DEV_STAGING"
[0m01:27:11.277274 [debug] [ThreadPool]: On list_EMPLOYEE_ANALYTICS_DEV_STAGING: /* {"app": "dbt", "dbt_version": "1.9.4", "profile_name": "employee_analytics", "target_name": "dev", "connection_name": "list_EMPLOYEE_ANALYTICS_DEV_STAGING"} */
show objects in EMPLOYEE_ANALYTICS_DEV.STAGING
    limit 10000
    
;
[0m01:27:11.310705 [debug] [ThreadPool]: SQL status: SUCCESS 1 in 0.459 seconds
[0m01:27:11.312829 [debug] [ThreadPool]: Using snowflake connection "list_EMPLOYEE_ANALYTICS_DEV_ANALYTICS"
[0m01:27:11.313404 [debug] [ThreadPool]: On list_EMPLOYEE_ANALYTICS_DEV_ANALYTICS: /* {"app": "dbt", "dbt_version": "1.9.4", "profile_name": "employee_analytics", "target_name": "dev", "connection_name": "list_EMPLOYEE_ANALYTICS_DEV_ANALYTICS"} */
show objects in EMPLOYEE_ANALYTICS_DEV.ANALYTICS
    limit 10000
    
;
[0m01:27:11.386638 [debug] [ThreadPool]: SQL status: SUCCESS 3 in 0.109 seconds
[0m01:27:11.388917 [debug] [ThreadPool]: Using snowflake connection "list_EMPLOYEE_ANALYTICS_DEV_STAGING"
[0m01:27:11.389490 [debug] [ThreadPool]: On list_EMPLOYEE_ANALYTICS_DEV_STAGING: /* {"app": "dbt", "dbt_version": "1.9.4", "profile_name": "employee_analytics", "target_name": "dev", "connection_name": "list_EMPLOYEE_ANALYTICS_DEV_STAGING"} */
alter session unset quoted_identifiers_ignore_case;
[0m01:27:11.429914 [debug] [ThreadPool]: SQL status: SUCCESS 3 in 0.116 seconds
[0m01:27:11.432168 [debug] [ThreadPool]: Using snowflake connection "list_EMPLOYEE_ANALYTICS_DEV_ANALYTICS"
[0m01:27:11.432723 [debug] [ThreadPool]: On list_EMPLOYEE_ANALYTICS_DEV_ANALYTICS: /* {"app": "dbt", "dbt_version": "1.9.4", "profile_name": "employee_analytics", "target_name": "dev", "connection_name": "list_EMPLOYEE_ANALYTICS_DEV_ANALYTICS"} */
alter session unset quoted_identifiers_ignore_case;
[0m01:27:11.455534 [debug] [ThreadPool]: SQL status: SUCCESS 1 in 0.065 seconds
[0m01:27:11.538891 [debug] [ThreadPool]: SQL status: SUCCESS 1 in 0.106 seconds
[0m01:27:11.552225 [debug] [Thread-2 (]: Began running node model.employee_analytics.stg_departments
[0m01:27:11.552946 [debug] [Thread-3 (]: Began running node model.employee_analytics.stg_employee_events
[0m01:27:11.553551 [debug] [Thread-4 (]: Began running node model.employee_analytics.stg_employees
[0m01:27:11.554395 [info ] [Thread-2 (]: 1 of 20 START sql view model STAGING.stg_departments ........................... [RUN]
[0m01:27:11.555145 [info ] [Thread-3 (]: 2 of 20 START sql view model STAGING.stg_employee_events ....................... [RUN]
[0m01:27:11.555842 [info ] [Thread-4 (]: 3 of 20 START sql view model STAGING.stg_employees ............................. [RUN]
[0m01:27:11.556570 [debug] [Thread-2 (]: Re-using an available connection from the pool (formerly list_EMPLOYEE_ANALYTICS_DEV_ANALYTICS, now model.employee_analytics.stg_departments)
[0m01:27:11.557177 [debug] [Thread-3 (]: Re-using an available connection from the pool (formerly list_EMPLOYEE_ANALYTICS_DEV_STAGING, now model.employee_analytics.stg_employee_events)
[0m01:27:11.557750 [debug] [Thread-4 (]: Re-using an available connection from the pool (formerly list_EMPLOYEE_ANALYTICS_DEV, now model.employee_analytics.stg_employees)
[0m01:27:11.558335 [debug] [Thread-2 (]: Began compiling node model.employee_analytics.stg_departments
[0m01:27:11.558843 [debug] [Thread-3 (]: Began compiling node model.employee_analytics.stg_employee_events
[0m01:27:11.559314 [debug] [Thread-4 (]: Began compiling node model.employee_analytics.stg_employees
[0m01:27:11.570466 [debug] [Thread-2 (]: Writing injected SQL for node "model.employee_analytics.stg_departments"
[0m01:27:11.575506 [debug] [Thread-3 (]: Writing injected SQL for node "model.employee_analytics.stg_employee_events"
[0m01:27:11.580412 [debug] [Thread-4 (]: Writing injected SQL for node "model.employee_analytics.stg_employees"
[0m01:27:11.581768 [debug] [Thread-2 (]: Began executing node model.employee_analytics.stg_departments
[0m01:27:11.582572 [debug] [Thread-3 (]: Began executing node model.employee_analytics.stg_employee_events
[0m01:27:11.600264 [debug] [Thread-4 (]: Began executing node model.employee_analytics.stg_employees
[0m01:27:11.642504 [debug] [Thread-2 (]: Writing runtime sql for node "model.employee_analytics.stg_departments"
[0m01:27:11.647165 [debug] [Thread-3 (]: Writing runtime sql for node "model.employee_analytics.stg_employee_events"
[0m01:27:11.653468 [debug] [Thread-4 (]: Writing runtime sql for node "model.employee_analytics.stg_employees"
[0m01:27:11.655303 [debug] [Thread-2 (]: Using snowflake connection "model.employee_analytics.stg_departments"
[0m01:27:11.656663 [debug] [Thread-3 (]: Using snowflake connection "model.employee_analytics.stg_employee_events"
[0m01:27:11.657411 [debug] [Thread-2 (]: On model.employee_analytics.stg_departments: /* {"app": "dbt", "dbt_version": "1.9.4", "profile_name": "employee_analytics", "target_name": "dev", "node_id": "model.employee_analytics.stg_departments"} */
create or replace   view EMPLOYEE_ANALYTICS_DEV.STAGING.stg_departments
  
   as (
    select department_id,trim(department_name) department_name,trim(department_head) department_head,trim(cost_center) cost_center from EMPLOYEE_ANALYTICS_DEV.RAW.DEPARTMENTS
  );
[0m01:27:11.658511 [debug] [Thread-4 (]: Using snowflake connection "model.employee_analytics.stg_employees"
[0m01:27:11.659106 [debug] [Thread-3 (]: On model.employee_analytics.stg_employee_events: /* {"app": "dbt", "dbt_version": "1.9.4", "profile_name": "employee_analytics", "target_name": "dev", "node_id": "model.employee_analytics.stg_employee_events"} */
create or replace   view EMPLOYEE_ANALYTICS_DEV.STAGING.stg_employee_events
  
   as (
    select event_id,employee_id,upper(trim(event_type)) event_type,event_date,old_value,new_value from EMPLOYEE_ANALYTICS_DEV.RAW.EMPLOYEE_EVENTS
  );
[0m01:27:11.659667 [debug] [Thread-2 (]: Opening a new connection, currently in state init
[0m01:27:11.660227 [debug] [Thread-4 (]: On model.employee_analytics.stg_employees: /* {"app": "dbt", "dbt_version": "1.9.4", "profile_name": "employee_analytics", "target_name": "dev", "node_id": "model.employee_analytics.stg_employees"} */
create or replace   view EMPLOYEE_ANALYTICS_DEV.STAGING.stg_employees
  
   as (
    select employee_id,trim(employee_name) employee_name,lower(trim(email)) email,department_id,trim(job_title) job_title,join_date,exit_date,upper(trim(employment_status)) employment_status,salary,updated_at from EMPLOYEE_ANALYTICS_DEV.RAW.EMPLOYEES
  );
[0m01:27:11.660802 [debug] [Thread-3 (]: Opening a new connection, currently in state init
[0m01:27:11.661425 [debug] [Thread-4 (]: Opening a new connection, currently in state init
[0m01:27:12.297697 [debug] [Thread-2 (]: SQL status: SUCCESS 1 in 0.638 seconds
[0m01:27:12.305834 [debug] [Thread-3 (]: SQL status: SUCCESS 1 in 0.645 seconds
[0m01:27:12.324269 [debug] [Thread-4 (]: SQL status: SUCCESS 1 in 0.663 seconds
[0m01:27:12.335032 [info ] [Thread-2 (]: 1 of 20 OK created sql view model STAGING.stg_departments ...................... [[32mSUCCESS 1[0m in 0.77s]
[0m01:27:12.335869 [info ] [Thread-3 (]: 2 of 20 OK created sql view model STAGING.stg_employee_events .................. [[32mSUCCESS 1[0m in 0.77s]
[0m01:27:12.336696 [info ] [Thread-4 (]: 3 of 20 OK created sql view model STAGING.stg_employees ........................ [[32mSUCCESS 1[0m in 0.78s]
[0m01:27:12.337489 [debug] [Thread-2 (]: Finished running node model.employee_analytics.stg_departments
[0m01:27:12.338172 [debug] [Thread-3 (]: Finished running node model.employee_analytics.stg_employee_events
[0m01:27:12.338914 [debug] [Thread-4 (]: Finished running node model.employee_analytics.stg_employees
[0m01:27:12.340177 [debug] [Thread-5 (]: Began running node test.employee_analytics.not_null_stg_departments_department_id.ce7f6f5cf8
[0m01:27:12.340730 [debug] [Thread-2 (]: Began running node test.employee_analytics.unique_stg_departments_department_id.8e1b8b707b
[0m01:27:12.341578 [debug] [Thread-3 (]: Began running node test.employee_analytics.not_null_stg_employee_events_event_id.ec250bcb52
[0m01:27:12.342184 [debug] [Thread-4 (]: Began running node test.employee_analytics.unique_stg_employee_events_event_id.d61930ab8c
[0m01:27:12.343254 [info ] [Thread-5 (]: 4 of 20 START test not_null_stg_departments_department_id ...................... [RUN]
[0m01:27:12.343901 [info ] [Thread-2 (]: 5 of 20 START test unique_stg_departments_department_id ........................ [RUN]
[0m01:27:12.344500 [info ] [Thread-3 (]: 6 of 20 START test not_null_stg_employee_events_event_id ....................... [RUN]
[0m01:27:12.345072 [info ] [Thread-4 (]: 7 of 20 START test unique_stg_employee_events_event_id ......................... [RUN]
[0m01:27:12.345885 [debug] [Thread-5 (]: Acquiring new snowflake connection 'test.employee_analytics.not_null_stg_departments_department_id.ce7f6f5cf8'
[0m01:27:12.346602 [debug] [Thread-2 (]: Re-using an available connection from the pool (formerly model.employee_analytics.stg_departments, now test.employee_analytics.unique_stg_departments_department_id.8e1b8b707b)
[0m01:27:12.347230 [debug] [Thread-3 (]: Re-using an available connection from the pool (formerly model.employee_analytics.stg_employee_events, now test.employee_analytics.not_null_stg_employee_events_event_id.ec250bcb52)
[0m01:27:12.347813 [debug] [Thread-4 (]: Re-using an available connection from the pool (formerly model.employee_analytics.stg_employees, now test.employee_analytics.unique_stg_employee_events_event_id.d61930ab8c)
[0m01:27:12.348341 [debug] [Thread-5 (]: Began compiling node test.employee_analytics.not_null_stg_departments_department_id.ce7f6f5cf8
[0m01:27:12.348844 [debug] [Thread-2 (]: Began compiling node test.employee_analytics.unique_stg_departments_department_id.8e1b8b707b
[0m01:27:12.349367 [debug] [Thread-3 (]: Began compiling node test.employee_analytics.not_null_stg_employee_events_event_id.ec250bcb52
[0m01:27:12.349849 [debug] [Thread-4 (]: Began compiling node test.employee_analytics.unique_stg_employee_events_event_id.d61930ab8c
[0m01:27:12.365434 [debug] [Thread-5 (]: Writing injected SQL for node "test.employee_analytics.not_null_stg_departments_department_id.ce7f6f5cf8"
[0m01:27:12.374098 [debug] [Thread-2 (]: Writing injected SQL for node "test.employee_analytics.unique_stg_departments_department_id.8e1b8b707b"
[0m01:27:12.382533 [debug] [Thread-3 (]: Writing injected SQL for node "test.employee_analytics.not_null_stg_employee_events_event_id.ec250bcb52"
[0m01:27:12.388683 [debug] [Thread-4 (]: Writing injected SQL for node "test.employee_analytics.unique_stg_employee_events_event_id.d61930ab8c"
[0m01:27:12.389883 [debug] [Thread-5 (]: Began executing node test.employee_analytics.not_null_stg_departments_department_id.ce7f6f5cf8
[0m01:27:12.390872 [debug] [Thread-2 (]: Began executing node test.employee_analytics.unique_stg_departments_department_id.8e1b8b707b
[0m01:27:12.391728 [debug] [Thread-3 (]: Began executing node test.employee_analytics.not_null_stg_employee_events_event_id.ec250bcb52
[0m01:27:12.403635 [debug] [Thread-4 (]: Began executing node test.employee_analytics.unique_stg_employee_events_event_id.d61930ab8c
[0m01:27:12.411891 [debug] [Thread-5 (]: Writing runtime sql for node "test.employee_analytics.not_null_stg_departments_department_id.ce7f6f5cf8"
[0m01:27:12.416106 [debug] [Thread-2 (]: Writing runtime sql for node "test.employee_analytics.unique_stg_departments_department_id.8e1b8b707b"
[0m01:27:12.420243 [debug] [Thread-3 (]: Writing runtime sql for node "test.employee_analytics.not_null_stg_employee_events_event_id.ec250bcb52"
[0m01:27:12.425503 [debug] [Thread-4 (]: Writing runtime sql for node "test.employee_analytics.unique_stg_employee_events_event_id.d61930ab8c"
[0m01:27:12.427155 [debug] [Thread-5 (]: Using snowflake connection "test.employee_analytics.not_null_stg_departments_department_id.ce7f6f5cf8"
[0m01:27:12.428482 [debug] [Thread-2 (]: Using snowflake connection "test.employee_analytics.unique_stg_departments_department_id.8e1b8b707b"
[0m01:27:12.429862 [debug] [Thread-3 (]: Using snowflake connection "test.employee_analytics.not_null_stg_employee_events_event_id.ec250bcb52"
[0m01:27:12.430625 [debug] [Thread-5 (]: On test.employee_analytics.not_null_stg_departments_department_id.ce7f6f5cf8: /* {"app": "dbt", "dbt_version": "1.9.4", "profile_name": "employee_analytics", "target_name": "dev", "node_id": "test.employee_analytics.not_null_stg_departments_department_id.ce7f6f5cf8"} */
select
      count(*) as failures,
      count(*) != 0 as should_warn,
      count(*) != 0 as should_error
    from (
      
    
    



select department_id
from EMPLOYEE_ANALYTICS_DEV.STAGING.stg_departments
where department_id is null



      
    ) dbt_internal_test
[0m01:27:12.431657 [debug] [Thread-4 (]: Using snowflake connection "test.employee_analytics.unique_stg_employee_events_event_id.d61930ab8c"
[0m01:27:12.432203 [debug] [Thread-2 (]: On test.employee_analytics.unique_stg_departments_department_id.8e1b8b707b: /* {"app": "dbt", "dbt_version": "1.9.4", "profile_name": "employee_analytics", "target_name": "dev", "node_id": "test.employee_analytics.unique_stg_departments_department_id.8e1b8b707b"} */
select
      count(*) as failures,
      count(*) != 0 as should_warn,
      count(*) != 0 as should_error
    from (
      
    
    

select
    department_id as unique_field,
    count(*) as n_records

from EMPLOYEE_ANALYTICS_DEV.STAGING.stg_departments
where department_id is not null
group by department_id
having count(*) > 1



      
    ) dbt_internal_test
[0m01:27:12.432819 [debug] [Thread-3 (]: On test.employee_analytics.not_null_stg_employee_events_event_id.ec250bcb52: /* {"app": "dbt", "dbt_version": "1.9.4", "profile_name": "employee_analytics", "target_name": "dev", "node_id": "test.employee_analytics.not_null_stg_employee_events_event_id.ec250bcb52"} */
select
      count(*) as failures,
      count(*) != 0 as should_warn,
      count(*) != 0 as should_error
    from (
      
    
    



select event_id
from EMPLOYEE_ANALYTICS_DEV.STAGING.stg_employee_events
where event_id is null



      
    ) dbt_internal_test
[0m01:27:12.433339 [debug] [Thread-5 (]: Opening a new connection, currently in state init
[0m01:27:12.433907 [debug] [Thread-4 (]: On test.employee_analytics.unique_stg_employee_events_event_id.d61930ab8c: /* {"app": "dbt", "dbt_version": "1.9.4", "profile_name": "employee_analytics", "target_name": "dev", "node_id": "test.employee_analytics.unique_stg_employee_events_event_id.d61930ab8c"} */
select
      count(*) as failures,
      count(*) != 0 as should_warn,
      count(*) != 0 as should_error
    from (
      
    
    

select
    event_id as unique_field,
    count(*) as n_records

from EMPLOYEE_ANALYTICS_DEV.STAGING.stg_employee_events
where event_id is not null
group by event_id
having count(*) > 1



      
    ) dbt_internal_test
[0m01:27:12.434506 [debug] [Thread-2 (]: Opening a new connection, currently in state init
[0m01:27:12.435031 [debug] [Thread-3 (]: Opening a new connection, currently in state init
[0m01:27:12.435756 [debug] [Thread-4 (]: Opening a new connection, currently in state init
[0m01:27:12.983123 [debug] [Thread-5 (]: SQL status: SUCCESS 1 in 0.550 seconds
[0m01:27:12.987720 [info ] [Thread-5 (]: 4 of 20 PASS not_null_stg_departments_department_id ............................ [[32mPASS[0m in 0.64s]
[0m01:27:12.988624 [debug] [Thread-5 (]: Finished running node test.employee_analytics.not_null_stg_departments_department_id.ce7f6f5cf8
[0m01:27:12.989299 [debug] [Thread-5 (]: Began running node test.employee_analytics.accepted_values_stg_employees_employment_status__ACTIVE__EXITED.696b0099c8
[0m01:27:12.990007 [info ] [Thread-5 (]: 8 of 20 START test accepted_values_stg_employees_employment_status__ACTIVE__EXITED  [RUN]
[0m01:27:12.990794 [debug] [Thread-5 (]: Re-using an available connection from the pool (formerly test.employee_analytics.not_null_stg_departments_department_id.ce7f6f5cf8, now test.employee_analytics.accepted_values_stg_employees_employment_status__ACTIVE__EXITED.696b0099c8)
[0m01:27:12.991333 [debug] [Thread-5 (]: Began compiling node test.employee_analytics.accepted_values_stg_employees_employment_status__ACTIVE__EXITED.696b0099c8
[0m01:27:13.002696 [debug] [Thread-5 (]: Writing injected SQL for node "test.employee_analytics.accepted_values_stg_employees_employment_status__ACTIVE__EXITED.696b0099c8"
[0m01:27:13.003537 [debug] [Thread-5 (]: Began executing node test.employee_analytics.accepted_values_stg_employees_employment_status__ACTIVE__EXITED.696b0099c8
[0m01:27:13.007792 [debug] [Thread-5 (]: Writing runtime sql for node "test.employee_analytics.accepted_values_stg_employees_employment_status__ACTIVE__EXITED.696b0099c8"
[0m01:27:13.009298 [debug] [Thread-5 (]: Using snowflake connection "test.employee_analytics.accepted_values_stg_employees_employment_status__ACTIVE__EXITED.696b0099c8"
[0m01:27:13.009907 [debug] [Thread-5 (]: On test.employee_analytics.accepted_values_stg_employees_employment_status__ACTIVE__EXITED.696b0099c8: /* {"app": "dbt", "dbt_version": "1.9.4", "profile_name": "employee_analytics", "target_name": "dev", "node_id": "test.employee_analytics.accepted_values_stg_employees_employment_status__ACTIVE__EXITED.696b0099c8"} */
select
      count(*) as failures,
      count(*) != 0 as should_warn,
      count(*) != 0 as should_error
    from (
      
    
    

with all_values as (

    select
        employment_status as value_field,
        count(*) as n_records

    from EMPLOYEE_ANALYTICS_DEV.STAGING.stg_employees
    group by employment_status

)

select *
from all_values
where value_field not in (
    'ACTIVE','EXITED'
)



      
    ) dbt_internal_test
[0m01:27:13.010488 [debug] [Thread-5 (]: Opening a new connection, currently in state init
[0m01:27:13.053512 [debug] [Thread-3 (]: SQL status: SUCCESS 1 in 0.618 seconds
[0m01:27:13.056433 [info ] [Thread-3 (]: 6 of 20 PASS not_null_stg_employee_events_event_id ............................. [[32mPASS[0m in 0.71s]
[0m01:27:13.057442 [debug] [Thread-2 (]: SQL status: SUCCESS 1 in 0.623 seconds
[0m01:27:13.058143 [debug] [Thread-3 (]: Finished running node test.employee_analytics.not_null_stg_employee_events_event_id.ec250bcb52
[0m01:27:13.060534 [info ] [Thread-2 (]: 5 of 20 PASS unique_stg_departments_department_id .............................. [[32mPASS[0m in 0.71s]
[0m01:27:13.061294 [debug] [Thread-3 (]: Began running node test.employee_analytics.not_null_stg_employees_department_id.a7701eed35
[0m01:27:13.062086 [debug] [Thread-2 (]: Finished running node test.employee_analytics.unique_stg_departments_department_id.8e1b8b707b
[0m01:27:13.062761 [info ] [Thread-3 (]: 9 of 20 START test not_null_stg_employees_department_id ........................ [RUN]
[0m01:27:13.063449 [debug] [Thread-2 (]: Began running node test.employee_analytics.not_null_stg_employees_employee_id.7f6f73d15b
[0m01:27:13.064183 [debug] [Thread-3 (]: Re-using an available connection from the pool (formerly test.employee_analytics.not_null_stg_employee_events_event_id.ec250bcb52, now test.employee_analytics.not_null_stg_employees_department_id.a7701eed35)
[0m01:27:13.064740 [info ] [Thread-2 (]: 10 of 20 START test not_null_stg_employees_employee_id ......................... [RUN]
[0m01:27:13.065287 [debug] [Thread-3 (]: Began compiling node test.employee_analytics.not_null_stg_employees_department_id.a7701eed35
[0m01:27:13.065884 [debug] [Thread-2 (]: Re-using an available connection from the pool (formerly test.employee_analytics.unique_stg_departments_department_id.8e1b8b707b, now test.employee_analytics.not_null_stg_employees_employee_id.7f6f73d15b)
[0m01:27:13.072070 [debug] [Thread-3 (]: Writing injected SQL for node "test.employee_analytics.not_null_stg_employees_department_id.a7701eed35"
[0m01:27:13.072742 [debug] [Thread-2 (]: Began compiling node test.employee_analytics.not_null_stg_employees_employee_id.7f6f73d15b
[0m01:27:13.079966 [debug] [Thread-3 (]: Began executing node test.employee_analytics.not_null_stg_employees_department_id.a7701eed35
[0m01:27:13.081546 [debug] [Thread-2 (]: Writing injected SQL for node "test.employee_analytics.not_null_stg_employees_employee_id.7f6f73d15b"
[0m01:27:13.085778 [debug] [Thread-3 (]: Writing runtime sql for node "test.employee_analytics.not_null_stg_employees_department_id.a7701eed35"
[0m01:27:13.087153 [debug] [Thread-2 (]: Began executing node test.employee_analytics.not_null_stg_employees_employee_id.7f6f73d15b
[0m01:27:13.088310 [debug] [Thread-3 (]: Using snowflake connection "test.employee_analytics.not_null_stg_employees_department_id.a7701eed35"
[0m01:27:13.092557 [debug] [Thread-2 (]: Writing runtime sql for node "test.employee_analytics.not_null_stg_employees_employee_id.7f6f73d15b"
[0m01:27:13.101206 [debug] [Thread-3 (]: On test.employee_analytics.not_null_stg_employees_department_id.a7701eed35: /* {"app": "dbt", "dbt_version": "1.9.4", "profile_name": "employee_analytics", "target_name": "dev", "node_id": "test.employee_analytics.not_null_stg_employees_department_id.a7701eed35"} */
select
      count(*) as failures,
      count(*) != 0 as should_warn,
      count(*) != 0 as should_error
    from (
      
    
    



select department_id
from EMPLOYEE_ANALYTICS_DEV.STAGING.stg_employees
where department_id is null



      
    ) dbt_internal_test
[0m01:27:13.102488 [debug] [Thread-3 (]: Opening a new connection, currently in state init
[0m01:27:13.103572 [debug] [Thread-2 (]: Using snowflake connection "test.employee_analytics.not_null_stg_employees_employee_id.7f6f73d15b"
[0m01:27:13.104347 [debug] [Thread-2 (]: On test.employee_analytics.not_null_stg_employees_employee_id.7f6f73d15b: /* {"app": "dbt", "dbt_version": "1.9.4", "profile_name": "employee_analytics", "target_name": "dev", "node_id": "test.employee_analytics.not_null_stg_employees_employee_id.7f6f73d15b"} */
select
      count(*) as failures,
      count(*) != 0 as should_warn,
      count(*) != 0 as should_error
    from (
      
    
    



select employee_id
from EMPLOYEE_ANALYTICS_DEV.STAGING.stg_employees
where employee_id is null



      
    ) dbt_internal_test
[0m01:27:13.104957 [debug] [Thread-2 (]: Opening a new connection, currently in state init
[0m01:27:13.112876 [debug] [Thread-4 (]: SQL status: SUCCESS 1 in 0.677 seconds
[0m01:27:13.115477 [info ] [Thread-4 (]: 7 of 20 PASS unique_stg_employee_events_event_id ............................... [[32mPASS[0m in 0.77s]
[0m01:27:13.116270 [debug] [Thread-4 (]: Finished running node test.employee_analytics.unique_stg_employee_events_event_id.d61930ab8c
[0m01:27:13.116962 [debug] [Thread-4 (]: Began running node test.employee_analytics.relationships_stg_employee_events_employee_id__employee_id__ref_stg_employees_.d0912f39d6
[0m01:27:13.117870 [info ] [Thread-4 (]: 11 of 20 START test relationships_stg_employee_events_employee_id__employee_id__ref_stg_employees_  [RUN]
[0m01:27:13.118654 [debug] [Thread-4 (]: Re-using an available connection from the pool (formerly test.employee_analytics.unique_stg_employee_events_event_id.d61930ab8c, now test.employee_analytics.relationships_stg_employee_events_employee_id__employee_id__ref_stg_employees_.d0912f39d6)
[0m01:27:13.119213 [debug] [Thread-4 (]: Began compiling node test.employee_analytics.relationships_stg_employee_events_employee_id__employee_id__ref_stg_employees_.d0912f39d6
[0m01:27:13.130434 [debug] [Thread-4 (]: Writing injected SQL for node "test.employee_analytics.relationships_stg_employee_events_employee_id__employee_id__ref_stg_employees_.d0912f39d6"
[0m01:27:13.131366 [debug] [Thread-4 (]: Began executing node test.employee_analytics.relationships_stg_employee_events_employee_id__employee_id__ref_stg_employees_.d0912f39d6
[0m01:27:13.136695 [debug] [Thread-4 (]: Writing runtime sql for node "test.employee_analytics.relationships_stg_employee_events_employee_id__employee_id__ref_stg_employees_.d0912f39d6"
[0m01:27:13.138202 [debug] [Thread-4 (]: Using snowflake connection "test.employee_analytics.relationships_stg_employee_events_employee_id__employee_id__ref_stg_employees_.d0912f39d6"
[0m01:27:13.138907 [debug] [Thread-4 (]: On test.employee_analytics.relationships_stg_employee_events_employee_id__employee_id__ref_stg_employees_.d0912f39d6: /* {"app": "dbt", "dbt_version": "1.9.4", "profile_name": "employee_analytics", "target_name": "dev", "node_id": "test.employee_analytics.relationships_stg_employee_events_employee_id__employee_id__ref_stg_employees_.d0912f39d6"} */
select
      count(*) as failures,
      count(*) != 0 as should_warn,
      count(*) != 0 as should_error
    from (
      
    
    

with child as (
    select employee_id as from_field
    from EMPLOYEE_ANALYTICS_DEV.STAGING.stg_employee_events
    where employee_id is not null
),

parent as (
    select employee_id as to_field
    from EMPLOYEE_ANALYTICS_DEV.STAGING.stg_employees
)

select
    from_field

from child
left join parent
    on child.from_field = parent.to_field

where parent.to_field is null



      
    ) dbt_internal_test
[0m01:27:13.139455 [debug] [Thread-4 (]: Opening a new connection, currently in state init
[0m01:27:13.590158 [debug] [Thread-2 (]: SQL status: SUCCESS 1 in 0.485 seconds
[0m01:27:13.592800 [info ] [Thread-2 (]: 10 of 20 PASS not_null_stg_employees_employee_id ............................... [[32mPASS[0m in 0.53s]
[0m01:27:13.593607 [debug] [Thread-2 (]: Finished running node test.employee_analytics.not_null_stg_employees_employee_id.7f6f73d15b
[0m01:27:13.594230 [debug] [Thread-2 (]: Began running node test.employee_analytics.unique_stg_employees_employee_id.db72478d64
[0m01:27:13.595009 [info ] [Thread-2 (]: 12 of 20 START test unique_stg_employees_employee_id ........................... [RUN]
[0m01:27:13.595690 [debug] [Thread-2 (]: Re-using an available connection from the pool (formerly test.employee_analytics.not_null_stg_employees_employee_id.7f6f73d15b, now test.employee_analytics.unique_stg_employees_employee_id.db72478d64)
[0m01:27:13.596191 [debug] [Thread-2 (]: Began compiling node test.employee_analytics.unique_stg_employees_employee_id.db72478d64
[0m01:27:13.602335 [debug] [Thread-2 (]: Writing injected SQL for node "test.employee_analytics.unique_stg_employees_employee_id.db72478d64"
[0m01:27:13.603202 [debug] [Thread-3 (]: SQL status: SUCCESS 1 in 0.501 seconds
[0m01:27:13.605928 [info ] [Thread-3 (]: 9 of 20 PASS not_null_stg_employees_department_id .............................. [[32mPASS[0m in 0.54s]
[0m01:27:13.606755 [debug] [Thread-2 (]: Began executing node test.employee_analytics.unique_stg_employees_employee_id.db72478d64
[0m01:27:13.607485 [debug] [Thread-3 (]: Finished running node test.employee_analytics.not_null_stg_employees_department_id.a7701eed35
[0m01:27:13.611957 [debug] [Thread-2 (]: Writing runtime sql for node "test.employee_analytics.unique_stg_employees_employee_id.db72478d64"
[0m01:27:13.612882 [debug] [Thread-3 (]: Began running node model.employee_analytics.agg_employee_movement
[0m01:27:13.614015 [info ] [Thread-3 (]: 13 of 20 START sql table model ANALYTICS.agg_employee_movement ................. [RUN]
[0m01:27:13.615015 [debug] [Thread-3 (]: Re-using an available connection from the pool (formerly test.employee_analytics.not_null_stg_employees_department_id.a7701eed35, now model.employee_analytics.agg_employee_movement)
[0m01:27:13.616325 [debug] [Thread-2 (]: Using snowflake connection "test.employee_analytics.unique_stg_employees_employee_id.db72478d64"
[0m01:27:13.616940 [debug] [Thread-3 (]: Began compiling node model.employee_analytics.agg_employee_movement
[0m01:27:13.617538 [debug] [Thread-2 (]: On test.employee_analytics.unique_stg_employees_employee_id.db72478d64: /* {"app": "dbt", "dbt_version": "1.9.4", "profile_name": "employee_analytics", "target_name": "dev", "node_id": "test.employee_analytics.unique_stg_employees_employee_id.db72478d64"} */
select
      count(*) as failures,
      count(*) != 0 as should_warn,
      count(*) != 0 as should_error
    from (
      
    
    

select
    employee_id as unique_field,
    count(*) as n_records

from EMPLOYEE_ANALYTICS_DEV.STAGING.stg_employees
where employee_id is not null
group by employee_id
having count(*) > 1



      
    ) dbt_internal_test
[0m01:27:13.622136 [debug] [Thread-3 (]: Writing injected SQL for node "model.employee_analytics.agg_employee_movement"
[0m01:27:13.622838 [debug] [Thread-2 (]: Opening a new connection, currently in state init
[0m01:27:13.623826 [debug] [Thread-3 (]: Began executing node model.employee_analytics.agg_employee_movement
[0m01:27:13.637498 [debug] [Thread-5 (]: SQL status: SUCCESS 1 in 0.627 seconds
[0m01:27:13.653431 [debug] [Thread-3 (]: Writing runtime sql for node "model.employee_analytics.agg_employee_movement"
[0m01:27:13.656049 [info ] [Thread-5 (]: 8 of 20 PASS accepted_values_stg_employees_employment_status__ACTIVE__EXITED ... [[32mPASS[0m in 0.67s]
[0m01:27:13.658202 [debug] [Thread-5 (]: Finished running node test.employee_analytics.accepted_values_stg_employees_employment_status__ACTIVE__EXITED.696b0099c8
[0m01:27:13.659764 [debug] [Thread-3 (]: Using snowflake connection "model.employee_analytics.agg_employee_movement"
[0m01:27:13.660697 [debug] [Thread-3 (]: On model.employee_analytics.agg_employee_movement: /* {"app": "dbt", "dbt_version": "1.9.4", "profile_name": "employee_analytics", "target_name": "dev", "node_id": "model.employee_analytics.agg_employee_movement"} */
create or replace transient table EMPLOYEE_ANALYTICS_DEV.ANALYTICS.agg_employee_movement
         as
        (select date_trunc('month',event_date)::date month,count_if(event_type='JOINED') joiners,count_if(event_type='EXITED') exits,count_if(event_type='TRANSFERRED') transfers,count_if(event_type='PROMOTED') promotions,count_if(event_type='SALARY_CHANGE') salary_changes from EMPLOYEE_ANALYTICS_DEV.STAGING.stg_employee_events group by 1
        );
[0m01:27:13.661272 [debug] [Thread-3 (]: Opening a new connection, currently in state init
[0m01:27:13.706732 [debug] [Thread-4 (]: SQL status: SUCCESS 1 in 0.567 seconds
[0m01:27:13.710183 [info ] [Thread-4 (]: 11 of 20 PASS relationships_stg_employee_events_employee_id__employee_id__ref_stg_employees_  [[32mPASS[0m in 0.59s]
[0m01:27:13.711435 [debug] [Thread-4 (]: Finished running node test.employee_analytics.relationships_stg_employee_events_employee_id__employee_id__ref_stg_employees_.d0912f39d6
[0m01:27:14.126018 [debug] [Thread-2 (]: SQL status: SUCCESS 1 in 0.503 seconds
[0m01:27:14.128610 [info ] [Thread-2 (]: 12 of 20 PASS unique_stg_employees_employee_id ................................. [[32mPASS[0m in 0.53s]
[0m01:27:14.129441 [debug] [Thread-2 (]: Finished running node test.employee_analytics.unique_stg_employees_employee_id.db72478d64
[0m01:27:14.130560 [debug] [Thread-5 (]: Began running node model.employee_analytics.dim_employees
[0m01:27:14.131374 [info ] [Thread-5 (]: 14 of 20 START sql table model ANALYTICS.dim_employees ......................... [RUN]
[0m01:27:14.132099 [debug] [Thread-5 (]: Re-using an available connection from the pool (formerly test.employee_analytics.accepted_values_stg_employees_employment_status__ACTIVE__EXITED.696b0099c8, now model.employee_analytics.dim_employees)
[0m01:27:14.132668 [debug] [Thread-5 (]: Began compiling node model.employee_analytics.dim_employees
[0m01:27:14.138024 [debug] [Thread-5 (]: Writing injected SQL for node "model.employee_analytics.dim_employees"
[0m01:27:14.138916 [debug] [Thread-5 (]: Began executing node model.employee_analytics.dim_employees
[0m01:27:14.143230 [debug] [Thread-5 (]: Writing runtime sql for node "model.employee_analytics.dim_employees"
[0m01:27:14.144817 [debug] [Thread-5 (]: Using snowflake connection "model.employee_analytics.dim_employees"
[0m01:27:14.145411 [debug] [Thread-5 (]: On model.employee_analytics.dim_employees: /* {"app": "dbt", "dbt_version": "1.9.4", "profile_name": "employee_analytics", "target_name": "dev", "node_id": "model.employee_analytics.dim_employees"} */
create or replace transient table EMPLOYEE_ANALYTICS_DEV.ANALYTICS.dim_employees
         as
        (select e.employee_id,e.employee_name,e.email,e.job_title,d.department_name,d.cost_center,e.join_date,e.exit_date,e.employment_status,e.salary,datediff(month,e.join_date,coalesce(e.exit_date,current_date())) tenure_months from EMPLOYEE_ANALYTICS_DEV.STAGING.stg_employees e left join EMPLOYEE_ANALYTICS_DEV.STAGING.stg_departments d on e.department_id=d.department_id
        );
[0m01:27:14.145969 [debug] [Thread-5 (]: Opening a new connection, currently in state init
[0m01:27:14.919077 [debug] [Thread-3 (]: SQL status: SUCCESS 1 in 1.258 seconds
[0m01:27:14.922178 [info ] [Thread-3 (]: 13 of 20 OK created sql table model ANALYTICS.agg_employee_movement ............ [[32mSUCCESS 1[0m in 1.31s]
[0m01:27:14.923055 [debug] [Thread-3 (]: Finished running node model.employee_analytics.agg_employee_movement
[0m01:27:15.374505 [debug] [Thread-5 (]: SQL status: SUCCESS 1 in 1.228 seconds
[0m01:27:15.377469 [info ] [Thread-5 (]: 14 of 20 OK created sql table model ANALYTICS.dim_employees .................... [[32mSUCCESS 1[0m in 1.25s]
[0m01:27:15.378354 [debug] [Thread-5 (]: Finished running node model.employee_analytics.dim_employees
[0m01:27:15.379674 [debug] [Thread-2 (]: Began running node test.employee_analytics.assert_exit_date_valid
[0m01:27:15.380319 [debug] [Thread-4 (]: Began running node test.employee_analytics.assert_salary_positive
[0m01:27:15.380968 [debug] [Thread-3 (]: Began running node test.employee_analytics.not_null_dim_employees_employee_id.ef83a0c291
[0m01:27:15.381627 [debug] [Thread-5 (]: Began running node test.employee_analytics.not_null_dim_employees_salary.1690cd4958
[0m01:27:15.382322 [info ] [Thread-2 (]: 15 of 20 START test assert_exit_date_valid ..................................... [RUN]
[0m01:27:15.382989 [info ] [Thread-4 (]: 16 of 20 START test assert_salary_positive ..................................... [RUN]
[0m01:27:15.383600 [info ] [Thread-3 (]: 17 of 20 START test not_null_dim_employees_employee_id ......................... [RUN]
[0m01:27:15.384185 [info ] [Thread-5 (]: 18 of 20 START test not_null_dim_employees_salary .............................. [RUN]
[0m01:27:15.384927 [debug] [Thread-2 (]: Re-using an available connection from the pool (formerly test.employee_analytics.unique_stg_employees_employee_id.db72478d64, now test.employee_analytics.assert_exit_date_valid)
[0m01:27:15.385572 [debug] [Thread-4 (]: Re-using an available connection from the pool (formerly test.employee_analytics.relationships_stg_employee_events_employee_id__employee_id__ref_stg_employees_.d0912f39d6, now test.employee_analytics.assert_salary_positive)
[0m01:27:15.386200 [debug] [Thread-3 (]: Re-using an available connection from the pool (formerly model.employee_analytics.agg_employee_movement, now test.employee_analytics.not_null_dim_employees_employee_id.ef83a0c291)
[0m01:27:15.386877 [debug] [Thread-5 (]: Re-using an available connection from the pool (formerly model.employee_analytics.dim_employees, now test.employee_analytics.not_null_dim_employees_salary.1690cd4958)
[0m01:27:15.387442 [debug] [Thread-2 (]: Began compiling node test.employee_analytics.assert_exit_date_valid
[0m01:27:15.387975 [debug] [Thread-4 (]: Began compiling node test.employee_analytics.assert_salary_positive
[0m01:27:15.388455 [debug] [Thread-3 (]: Began compiling node test.employee_analytics.not_null_dim_employees_employee_id.ef83a0c291
[0m01:27:15.388945 [debug] [Thread-5 (]: Began compiling node test.employee_analytics.not_null_dim_employees_salary.1690cd4958
[0m01:27:15.393771 [debug] [Thread-2 (]: Writing injected SQL for node "test.employee_analytics.assert_exit_date_valid"
[0m01:27:15.398091 [debug] [Thread-4 (]: Writing injected SQL for node "test.employee_analytics.assert_salary_positive"
[0m01:27:15.492682 [debug] [Thread-3 (]: Writing injected SQL for node "test.employee_analytics.not_null_dim_employees_employee_id.ef83a0c291"
[0m01:27:15.498594 [debug] [Thread-5 (]: Writing injected SQL for node "test.employee_analytics.not_null_dim_employees_salary.1690cd4958"
[0m01:27:15.499857 [debug] [Thread-2 (]: Began executing node test.employee_analytics.assert_exit_date_valid
[0m01:27:15.500706 [debug] [Thread-4 (]: Began executing node test.employee_analytics.assert_salary_positive
[0m01:27:15.501561 [debug] [Thread-3 (]: Began executing node test.employee_analytics.not_null_dim_employees_employee_id.ef83a0c291
[0m01:27:15.505830 [debug] [Thread-2 (]: Writing runtime sql for node "test.employee_analytics.assert_exit_date_valid"
[0m01:27:15.506576 [debug] [Thread-5 (]: Began executing node test.employee_analytics.not_null_dim_employees_salary.1690cd4958
[0m01:27:15.510529 [debug] [Thread-4 (]: Writing runtime sql for node "test.employee_analytics.assert_salary_positive"
[0m01:27:15.514678 [debug] [Thread-3 (]: Writing runtime sql for node "test.employee_analytics.not_null_dim_employees_employee_id.ef83a0c291"
[0m01:27:15.520269 [debug] [Thread-5 (]: Writing runtime sql for node "test.employee_analytics.not_null_dim_employees_salary.1690cd4958"
[0m01:27:15.521320 [debug] [Thread-2 (]: Using snowflake connection "test.employee_analytics.assert_exit_date_valid"
[0m01:27:15.522822 [debug] [Thread-4 (]: Using snowflake connection "test.employee_analytics.assert_salary_positive"
[0m01:27:15.524258 [debug] [Thread-3 (]: Using snowflake connection "test.employee_analytics.not_null_dim_employees_employee_id.ef83a0c291"
[0m01:27:15.524977 [debug] [Thread-2 (]: On test.employee_analytics.assert_exit_date_valid: /* {"app": "dbt", "dbt_version": "1.9.4", "profile_name": "employee_analytics", "target_name": "dev", "node_id": "test.employee_analytics.assert_exit_date_valid"} */
select
      count(*) as failures,
      count(*) != 0 as should_warn,
      count(*) != 0 as should_error
    from (
      select * from EMPLOYEE_ANALYTICS_DEV.ANALYTICS.dim_employees where exit_date is not null and exit_date < join_date
      
    ) dbt_internal_test
[0m01:27:15.526121 [debug] [Thread-5 (]: Using snowflake connection "test.employee_analytics.not_null_dim_employees_salary.1690cd4958"
[0m01:27:15.526778 [debug] [Thread-4 (]: On test.employee_analytics.assert_salary_positive: /* {"app": "dbt", "dbt_version": "1.9.4", "profile_name": "employee_analytics", "target_name": "dev", "node_id": "test.employee_analytics.assert_salary_positive"} */
select
      count(*) as failures,
      count(*) != 0 as should_warn,
      count(*) != 0 as should_error
    from (
      select * from EMPLOYEE_ANALYTICS_DEV.ANALYTICS.dim_employees where salary <= 0
      
    ) dbt_internal_test
[0m01:27:15.527378 [debug] [Thread-3 (]: On test.employee_analytics.not_null_dim_employees_employee_id.ef83a0c291: /* {"app": "dbt", "dbt_version": "1.9.4", "profile_name": "employee_analytics", "target_name": "dev", "node_id": "test.employee_analytics.not_null_dim_employees_employee_id.ef83a0c291"} */
select
      count(*) as failures,
      count(*) != 0 as should_warn,
      count(*) != 0 as should_error
    from (
      
    
    



select employee_id
from EMPLOYEE_ANALYTICS_DEV.ANALYTICS.dim_employees
where employee_id is null



      
    ) dbt_internal_test
[0m01:27:15.527949 [debug] [Thread-2 (]: Opening a new connection, currently in state init
[0m01:27:15.528513 [debug] [Thread-5 (]: On test.employee_analytics.not_null_dim_employees_salary.1690cd4958: /* {"app": "dbt", "dbt_version": "1.9.4", "profile_name": "employee_analytics", "target_name": "dev", "node_id": "test.employee_analytics.not_null_dim_employees_salary.1690cd4958"} */
select
      count(*) as failures,
      count(*) != 0 as should_warn,
      count(*) != 0 as should_error
    from (
      
    
    



select salary
from EMPLOYEE_ANALYTICS_DEV.ANALYTICS.dim_employees
where salary is null



      
    ) dbt_internal_test
[0m01:27:15.529066 [debug] [Thread-4 (]: Opening a new connection, currently in state init
[0m01:27:15.529572 [debug] [Thread-3 (]: Opening a new connection, currently in state init
[0m01:27:15.530325 [debug] [Thread-5 (]: Opening a new connection, currently in state init
[0m01:27:16.089329 [debug] [Thread-3 (]: SQL status: SUCCESS 1 in 0.560 seconds
[0m01:27:16.090173 [debug] [Thread-5 (]: SQL status: SUCCESS 1 in 0.560 seconds
[0m01:27:16.092674 [info ] [Thread-3 (]: 17 of 20 PASS not_null_dim_employees_employee_id ............................... [[32mPASS[0m in 0.71s]
[0m01:27:16.095131 [info ] [Thread-5 (]: 18 of 20 PASS not_null_dim_employees_salary .................................... [[32mPASS[0m in 0.71s]
[0m01:27:16.096010 [debug] [Thread-3 (]: Finished running node test.employee_analytics.not_null_dim_employees_employee_id.ef83a0c291
[0m01:27:16.096774 [debug] [Thread-5 (]: Finished running node test.employee_analytics.not_null_dim_employees_salary.1690cd4958
[0m01:27:16.097422 [debug] [Thread-3 (]: Began running node test.employee_analytics.unique_dim_employees_employee_id.79828c8f30
[0m01:27:16.098224 [info ] [Thread-3 (]: 19 of 20 START test unique_dim_employees_employee_id ........................... [RUN]
[0m01:27:16.098974 [debug] [Thread-3 (]: Re-using an available connection from the pool (formerly test.employee_analytics.not_null_dim_employees_employee_id.ef83a0c291, now test.employee_analytics.unique_dim_employees_employee_id.79828c8f30)
[0m01:27:16.099502 [debug] [Thread-3 (]: Began compiling node test.employee_analytics.unique_dim_employees_employee_id.79828c8f30
[0m01:27:16.105464 [debug] [Thread-3 (]: Writing injected SQL for node "test.employee_analytics.unique_dim_employees_employee_id.79828c8f30"
[0m01:27:16.106454 [debug] [Thread-4 (]: SQL status: SUCCESS 1 in 0.577 seconds
[0m01:27:16.109207 [info ] [Thread-4 (]: 16 of 20 PASS assert_salary_positive ........................................... [[32mPASS[0m in 0.72s]
[0m01:27:16.110196 [debug] [Thread-4 (]: Finished running node test.employee_analytics.assert_salary_positive
[0m01:27:16.110851 [debug] [Thread-3 (]: Began executing node test.employee_analytics.unique_dim_employees_employee_id.79828c8f30
[0m01:27:16.115219 [debug] [Thread-3 (]: Writing runtime sql for node "test.employee_analytics.unique_dim_employees_employee_id.79828c8f30"
[0m01:27:16.116197 [debug] [Thread-2 (]: SQL status: SUCCESS 1 in 0.588 seconds
[0m01:27:16.118760 [info ] [Thread-2 (]: 15 of 20 PASS assert_exit_date_valid ........................................... [[32mPASS[0m in 0.73s]
[0m01:27:16.120200 [debug] [Thread-3 (]: Using snowflake connection "test.employee_analytics.unique_dim_employees_employee_id.79828c8f30"
[0m01:27:16.120915 [debug] [Thread-2 (]: Finished running node test.employee_analytics.assert_exit_date_valid
[0m01:27:16.121575 [debug] [Thread-3 (]: On test.employee_analytics.unique_dim_employees_employee_id.79828c8f30: /* {"app": "dbt", "dbt_version": "1.9.4", "profile_name": "employee_analytics", "target_name": "dev", "node_id": "test.employee_analytics.unique_dim_employees_employee_id.79828c8f30"} */
select
      count(*) as failures,
      count(*) != 0 as should_warn,
      count(*) != 0 as should_error
    from (
      
    
    

select
    employee_id as unique_field,
    count(*) as n_records

from EMPLOYEE_ANALYTICS_DEV.ANALYTICS.dim_employees
where employee_id is not null
group by employee_id
having count(*) > 1



      
    ) dbt_internal_test
[0m01:27:16.122486 [debug] [Thread-3 (]: Opening a new connection, currently in state init
[0m01:27:16.603615 [debug] [Thread-3 (]: SQL status: SUCCESS 1 in 0.481 seconds
[0m01:27:16.606089 [info ] [Thread-3 (]: 19 of 20 PASS unique_dim_employees_employee_id ................................. [[32mPASS[0m in 0.51s]
[0m01:27:16.607012 [debug] [Thread-3 (]: Finished running node test.employee_analytics.unique_dim_employees_employee_id.79828c8f30
[0m01:27:16.608146 [debug] [Thread-5 (]: Began running node model.employee_analytics.agg_department_summary
[0m01:27:16.609163 [info ] [Thread-5 (]: 20 of 20 START sql table model ANALYTICS.agg_department_summary ................ [RUN]
[0m01:27:16.609946 [debug] [Thread-5 (]: Re-using an available connection from the pool (formerly test.employee_analytics.not_null_dim_employees_salary.1690cd4958, now model.employee_analytics.agg_department_summary)
[0m01:27:16.610567 [debug] [Thread-5 (]: Began compiling node model.employee_analytics.agg_department_summary
[0m01:27:16.615379 [debug] [Thread-5 (]: Writing injected SQL for node "model.employee_analytics.agg_department_summary"
[0m01:27:16.616216 [debug] [Thread-5 (]: Began executing node model.employee_analytics.agg_department_summary
[0m01:27:16.622522 [debug] [Thread-5 (]: Writing runtime sql for node "model.employee_analytics.agg_department_summary"
[0m01:27:16.623985 [debug] [Thread-5 (]: Using snowflake connection "model.employee_analytics.agg_department_summary"
[0m01:27:16.624596 [debug] [Thread-5 (]: On model.employee_analytics.agg_department_summary: /* {"app": "dbt", "dbt_version": "1.9.4", "profile_name": "employee_analytics", "target_name": "dev", "node_id": "model.employee_analytics.agg_department_summary"} */
create or replace transient table EMPLOYEE_ANALYTICS_DEV.ANALYTICS.agg_department_summary
         as
        (select department_name,count(*) total_employees,count_if(employment_status='ACTIVE') active_employees,count_if(employment_status='EXITED') exited_employees,round(avg(salary),2) avg_salary,round(avg(tenure_months),1) avg_tenure_months from EMPLOYEE_ANALYTICS_DEV.ANALYTICS.dim_employees group by department_name
        );
[0m01:27:16.625115 [debug] [Thread-5 (]: Opening a new connection, currently in state init
[0m01:27:17.867884 [debug] [Thread-5 (]: SQL status: SUCCESS 1 in 1.243 seconds
[0m01:27:17.870864 [info ] [Thread-5 (]: 20 of 20 OK created sql table model ANALYTICS.agg_department_summary ........... [[32mSUCCESS 1[0m in 1.26s]
[0m01:27:17.871683 [debug] [Thread-5 (]: Finished running node model.employee_analytics.agg_department_summary
[0m01:27:17.875294 [debug] [Dummy-1   ]: Connection 'master' was properly closed.
[0m01:27:17.876261 [debug] [Dummy-1   ]: Connection 'test.employee_analytics.unique_dim_employees_employee_id.79828c8f30' was properly closed.
[0m01:27:17.876750 [debug] [Dummy-1   ]: Connection 'test.employee_analytics.assert_salary_positive' was properly closed.
[0m01:27:17.877202 [debug] [Dummy-1   ]: Connection 'test.employee_analytics.assert_exit_date_valid' was properly closed.
[0m01:27:17.877623 [debug] [Dummy-1   ]: Connection 'model.employee_analytics.agg_department_summary' was properly closed.
[0m01:27:17.878226 [info ] [Dummy-1   ]: 
[0m01:27:17.878847 [info ] [Dummy-1   ]: Finished running 3 table models, 14 data tests, 3 view models in 0 hours 0 minutes and 7.69 seconds (7.69s).
[0m01:27:17.881759 [debug] [Dummy-1   ]: Command end result
[0m01:27:17.909840 [debug] [Dummy-1   ]: Wrote artifact WritableManifest to /tmp/dbt/target/manifest.json
[0m01:27:17.912050 [debug] [Dummy-1   ]: Wrote artifact SemanticManifest to /tmp/dbt/target/semantic_manifest.json
[0m01:27:17.919463 [debug] [Dummy-1   ]: Wrote artifact RunExecutionResult to /tmp/dbt/target/run_results.json
[0m01:27:17.920043 [info ] [Dummy-1   ]: 
[0m01:27:17.920712 [info ] [Dummy-1   ]: [32mCompleted successfully[0m
[0m01:27:17.921250 [info ] [Dummy-1   ]: 
[0m01:27:17.921775 [info ] [Dummy-1   ]: Done. PASS=20 WARN=0 ERROR=0 SKIP=0 TOTAL=20
[0m01:27:17.923717 [debug] [Dummy-1   ]: Resource report: {"command_name": "build", "command_success": true, "command_wall_clock_time": 9.24781, "process_in_blocks": "0", "process_kernel_time": 1.13, "process_mem_max_rss": "459684", "process_out_blocks": "0", "process_user_time": 5.33}
[0m01:27:17.924390 [debug] [Dummy-1   ]: Command `cli build` succeeded at 01:27:17.924120 after 9.25 seconds
[0m01:27:17.924946 [debug] [Dummy-1   ]: Flushing usage events


============================== 01:33:08.026315 | c5b01269-48b7-482d-99c5-270ef1cbe14f ==============================
[0m01:33:08.026315 [info ] [Dummy-1   ]: Running with dbt=1.9.4
[0m01:33:08.027505 [debug] [Dummy-1   ]: running dbt with arguments {'printer_width': '80', 'indirect_selection': 'eager', 'write_json': 'True', 'log_cache_events': 'False', 'partial_parse': 'True', 'cache_selected_only': 'False', 'profiles_dir': '/tmp/dbt/', 'version_check': 'True', 'debug': 'False', 'log_path': '/tmp/dbt/logs', 'fail_fast': 'False', 'warn_error': 'None', 'use_colors': 'True', 'use_experimental_parser': 'False', 'empty': 'False', 'quiet': 'False', 'no_print': 'None', 'log_format': 'default', 'invocation_command': 'dbt ', 'static_parser': 'True', 'warn_error_options': 'WarnErrorOptions(include=[], exclude=[])', 'target_path': '/tmp/dbt/target', 'introspect': 'True', 'send_anonymous_usage_stats': 'False'}
[0m01:33:08.340330 [info ] [Dummy-1   ]: Registered adapter: snowflake=1.9.2
[0m01:33:08.912953 [debug] [Dummy-1   ]: checksum: 53ed91fada2233efb98368d1716b44ab532c83a9c293cf1890b7905d5b45fb25, vars: {}, profile: , target: dev, version: 1.9.4
[0m01:33:09.102400 [info ] [Dummy-1   ]: Unable to do partial parsing because profile has changed
[0m01:33:11.058873 [debug] [Dummy-1   ]: Wrote artifact WritableManifest to /tmp/dbt/target/manifest.json
[0m01:33:11.061474 [debug] [Dummy-1   ]: Wrote artifact SemanticManifest to /tmp/dbt/target/semantic_manifest.json
[0m01:33:11.134513 [info ] [Dummy-1   ]: Found 6 models, 14 data tests, 3 sources, 475 macros
[0m01:33:11.138630 [info ] [Dummy-1   ]: 
[0m01:33:11.139317 [info ] [Dummy-1   ]: Concurrency: 4 threads (target='dev')
[0m01:33:11.139896 [info ] [Dummy-1   ]: 
[0m01:33:11.140778 [debug] [Dummy-1   ]: Acquiring new snowflake connection 'master'
[0m01:33:11.148070 [debug] [ThreadPool]: Acquiring new snowflake connection 'list_EMPLOYEE_ANALYTICS_DEV'
[0m01:33:11.150220 [debug] [ThreadPool]: Acquiring new snowflake connection 'list_EMPLOYEE_ANALYTICS_DEV'
[0m01:33:11.246196 [debug] [ThreadPool]: Using snowflake connection "list_EMPLOYEE_ANALYTICS_DEV"
[0m01:33:11.247050 [debug] [ThreadPool]: Using snowflake connection "list_EMPLOYEE_ANALYTICS_DEV"
[0m01:33:11.247706 [debug] [ThreadPool]: On list_EMPLOYEE_ANALYTICS_DEV: /* {"app": "dbt", "dbt_version": "1.9.4", "profile_name": "employee_analytics", "target_name": "dev", "connection_name": "list_EMPLOYEE_ANALYTICS_DEV"} */
show terse schemas in database EMPLOYEE_ANALYTICS_DEV
    limit 10000
[0m01:33:11.248288 [debug] [ThreadPool]: On list_EMPLOYEE_ANALYTICS_DEV: /* {"app": "dbt", "dbt_version": "1.9.4", "profile_name": "employee_analytics", "target_name": "dev", "connection_name": "list_EMPLOYEE_ANALYTICS_DEV"} */
show terse schemas in database EMPLOYEE_ANALYTICS_DEV
    limit 10000
[0m01:33:11.248818 [debug] [ThreadPool]: Opening a new connection, currently in state init
[0m01:33:11.249390 [debug] [ThreadPool]: Opening a new connection, currently in state init
[0m01:33:11.743822 [debug] [ThreadPool]: SQL status: SUCCESS 6 in 0.495 seconds
[0m01:33:11.750041 [debug] [ThreadPool]: SQL status: SUCCESS 6 in 0.500 seconds
[0m01:33:11.754979 [debug] [ThreadPool]: Re-using an available connection from the pool (formerly list_EMPLOYEE_ANALYTICS_DEV, now list_EMPLOYEE_ANALYTICS_DEV_ANALYTICS)
[0m01:33:11.756894 [debug] [ThreadPool]: Re-using an available connection from the pool (formerly list_EMPLOYEE_ANALYTICS_DEV, now list_EMPLOYEE_ANALYTICS_DEV_STAGING)
[0m01:33:11.771896 [debug] [ThreadPool]: Using snowflake connection "list_EMPLOYEE_ANALYTICS_DEV_ANALYTICS"
[0m01:33:11.776001 [debug] [ThreadPool]: Using snowflake connection "list_EMPLOYEE_ANALYTICS_DEV_STAGING"
[0m01:33:11.776630 [debug] [ThreadPool]: On list_EMPLOYEE_ANALYTICS_DEV_ANALYTICS: /* {"app": "dbt", "dbt_version": "1.9.4", "profile_name": "employee_analytics", "target_name": "dev", "connection_name": "list_EMPLOYEE_ANALYTICS_DEV_ANALYTICS"} */
alter session set quoted_identifiers_ignore_case = false;
[0m01:33:11.777258 [debug] [ThreadPool]: On list_EMPLOYEE_ANALYTICS_DEV_STAGING: /* {"app": "dbt", "dbt_version": "1.9.4", "profile_name": "employee_analytics", "target_name": "dev", "connection_name": "list_EMPLOYEE_ANALYTICS_DEV_STAGING"} */
alter session set quoted_identifiers_ignore_case = false;
[0m01:33:11.777812 [debug] [ThreadPool]: Opening a new connection, currently in state init
[0m01:33:11.778300 [debug] [ThreadPool]: Opening a new connection, currently in state init
[0m01:33:12.210830 [debug] [ThreadPool]: SQL status: SUCCESS 1 in 0.432 seconds
[0m01:33:12.211825 [debug] [ThreadPool]: SQL status: SUCCESS 1 in 0.434 seconds
[0m01:33:12.216740 [debug] [ThreadPool]: Using snowflake connection "list_EMPLOYEE_ANALYTICS_DEV_STAGING"
[0m01:33:12.218899 [debug] [ThreadPool]: Using snowflake connection "list_EMPLOYEE_ANALYTICS_DEV_ANALYTICS"
[0m01:33:12.219514 [debug] [ThreadPool]: On list_EMPLOYEE_ANALYTICS_DEV_STAGING: /* {"app": "dbt", "dbt_version": "1.9.4", "profile_name": "employee_analytics", "target_name": "dev", "connection_name": "list_EMPLOYEE_ANALYTICS_DEV_STAGING"} */
show objects in EMPLOYEE_ANALYTICS_DEV.STAGING
    limit 10000
    
;
[0m01:33:12.220072 [debug] [ThreadPool]: On list_EMPLOYEE_ANALYTICS_DEV_ANALYTICS: /* {"app": "dbt", "dbt_version": "1.9.4", "profile_name": "employee_analytics", "target_name": "dev", "connection_name": "list_EMPLOYEE_ANALYTICS_DEV_ANALYTICS"} */
show objects in EMPLOYEE_ANALYTICS_DEV.ANALYTICS
    limit 10000
    
;
[0m01:33:12.334817 [debug] [ThreadPool]: SQL status: SUCCESS 3 in 0.114 seconds
[0m01:33:12.335872 [debug] [ThreadPool]: SQL status: SUCCESS 3 in 0.115 seconds
[0m01:33:12.338304 [debug] [ThreadPool]: Using snowflake connection "list_EMPLOYEE_ANALYTICS_DEV_ANALYTICS"
[0m01:33:12.340602 [debug] [ThreadPool]: Using snowflake connection "list_EMPLOYEE_ANALYTICS_DEV_STAGING"
[0m01:33:12.341304 [debug] [ThreadPool]: On list_EMPLOYEE_ANALYTICS_DEV_ANALYTICS: /* {"app": "dbt", "dbt_version": "1.9.4", "profile_name": "employee_analytics", "target_name": "dev", "connection_name": "list_EMPLOYEE_ANALYTICS_DEV_ANALYTICS"} */
alter session unset quoted_identifiers_ignore_case;
[0m01:33:12.341847 [debug] [ThreadPool]: On list_EMPLOYEE_ANALYTICS_DEV_STAGING: /* {"app": "dbt", "dbt_version": "1.9.4", "profile_name": "employee_analytics", "target_name": "dev", "connection_name": "list_EMPLOYEE_ANALYTICS_DEV_STAGING"} */
alter session unset quoted_identifiers_ignore_case;
[0m01:33:12.407248 [debug] [ThreadPool]: SQL status: SUCCESS 1 in 0.064 seconds
[0m01:33:12.408157 [debug] [ThreadPool]: SQL status: SUCCESS 1 in 0.066 seconds
[0m01:33:12.425593 [debug] [Thread-2 (]: Began running node model.employee_analytics.stg_departments
[0m01:33:12.426436 [debug] [Thread-3 (]: Began running node model.employee_analytics.stg_employee_events
[0m01:33:12.427157 [debug] [Thread-4 (]: Began running node model.employee_analytics.stg_employees
[0m01:33:12.428057 [info ] [Thread-2 (]: 1 of 20 START sql view model STAGING.stg_departments ........................... [RUN]
[0m01:33:12.428908 [info ] [Thread-3 (]: 2 of 20 START sql view model STAGING.stg_employee_events ....................... [RUN]
[0m01:33:12.429873 [info ] [Thread-4 (]: 3 of 20 START sql view model STAGING.stg_employees ............................. [RUN]
[0m01:33:12.430730 [debug] [Thread-2 (]: Re-using an available connection from the pool (formerly list_EMPLOYEE_ANALYTICS_DEV_ANALYTICS, now model.employee_analytics.stg_departments)
[0m01:33:12.431489 [debug] [Thread-3 (]: Re-using an available connection from the pool (formerly list_EMPLOYEE_ANALYTICS_DEV_STAGING, now model.employee_analytics.stg_employee_events)
[0m01:33:12.432324 [debug] [Thread-4 (]: Acquiring new snowflake connection 'model.employee_analytics.stg_employees'
[0m01:33:12.432944 [debug] [Thread-2 (]: Began compiling node model.employee_analytics.stg_departments
[0m01:33:12.433561 [debug] [Thread-3 (]: Began compiling node model.employee_analytics.stg_employee_events
[0m01:33:12.434073 [debug] [Thread-4 (]: Began compiling node model.employee_analytics.stg_employees
[0m01:33:12.444290 [debug] [Thread-2 (]: Writing injected SQL for node "model.employee_analytics.stg_departments"
[0m01:33:12.452339 [debug] [Thread-3 (]: Writing injected SQL for node "model.employee_analytics.stg_employee_events"
[0m01:33:12.457735 [debug] [Thread-4 (]: Writing injected SQL for node "model.employee_analytics.stg_employees"
[0m01:33:12.458948 [debug] [Thread-2 (]: Began executing node model.employee_analytics.stg_departments
[0m01:33:12.460003 [debug] [Thread-3 (]: Began executing node model.employee_analytics.stg_employee_events
[0m01:33:12.478825 [debug] [Thread-4 (]: Began executing node model.employee_analytics.stg_employees
[0m01:33:12.516610 [debug] [Thread-2 (]: Writing runtime sql for node "model.employee_analytics.stg_departments"
[0m01:33:12.526804 [debug] [Thread-3 (]: Writing runtime sql for node "model.employee_analytics.stg_employee_events"
[0m01:33:12.533731 [debug] [Thread-4 (]: Writing runtime sql for node "model.employee_analytics.stg_employees"
[0m01:33:12.535704 [debug] [Thread-2 (]: Using snowflake connection "model.employee_analytics.stg_departments"
[0m01:33:12.536899 [debug] [Thread-3 (]: Using snowflake connection "model.employee_analytics.stg_employee_events"
[0m01:33:12.537725 [debug] [Thread-2 (]: On model.employee_analytics.stg_departments: /* {"app": "dbt", "dbt_version": "1.9.4", "profile_name": "employee_analytics", "target_name": "dev", "node_id": "model.employee_analytics.stg_departments"} */
create or replace   view EMPLOYEE_ANALYTICS_DEV.STAGING.stg_departments
  
   as (
    select department_id,trim(department_name) department_name,trim(department_head) department_head,trim(cost_center) cost_center from EMPLOYEE_ANALYTICS_DEV.RAW.DEPARTMENTS
  );
[0m01:33:12.538874 [debug] [Thread-4 (]: Using snowflake connection "model.employee_analytics.stg_employees"
[0m01:33:12.539501 [debug] [Thread-3 (]: On model.employee_analytics.stg_employee_events: /* {"app": "dbt", "dbt_version": "1.9.4", "profile_name": "employee_analytics", "target_name": "dev", "node_id": "model.employee_analytics.stg_employee_events"} */
create or replace   view EMPLOYEE_ANALYTICS_DEV.STAGING.stg_employee_events
  
   as (
    select event_id,employee_id,upper(trim(event_type)) event_type,event_date,old_value,new_value from EMPLOYEE_ANALYTICS_DEV.RAW.EMPLOYEE_EVENTS
  );
[0m01:33:12.540097 [debug] [Thread-2 (]: Opening a new connection, currently in state init
[0m01:33:12.540686 [debug] [Thread-4 (]: On model.employee_analytics.stg_employees: /* {"app": "dbt", "dbt_version": "1.9.4", "profile_name": "employee_analytics", "target_name": "dev", "node_id": "model.employee_analytics.stg_employees"} */
create or replace   view EMPLOYEE_ANALYTICS_DEV.STAGING.stg_employees
  
   as (
    select employee_id,trim(employee_name) employee_name,lower(trim(email)) email,department_id,trim(job_title) job_title,join_date,exit_date,upper(trim(employment_status)) employment_status,salary,updated_at from EMPLOYEE_ANALYTICS_DEV.RAW.EMPLOYEES
  );
[0m01:33:12.541345 [debug] [Thread-3 (]: Opening a new connection, currently in state init
[0m01:33:12.542077 [debug] [Thread-4 (]: Opening a new connection, currently in state init
[0m01:33:13.152199 [debug] [Thread-3 (]: SQL status: SUCCESS 1 in 0.611 seconds
[0m01:33:13.175091 [debug] [Thread-2 (]: SQL status: SUCCESS 1 in 0.635 seconds
[0m01:33:13.186979 [info ] [Thread-3 (]: 2 of 20 OK created sql view model STAGING.stg_employee_events .................. [[32mSUCCESS 1[0m in 0.75s]
[0m01:33:13.187967 [info ] [Thread-2 (]: 1 of 20 OK created sql view model STAGING.stg_departments ...................... [[32mSUCCESS 1[0m in 0.76s]
[0m01:33:13.188847 [debug] [Thread-3 (]: Finished running node model.employee_analytics.stg_employee_events
[0m01:33:13.189720 [debug] [Thread-2 (]: Finished running node model.employee_analytics.stg_departments
[0m01:33:13.190529 [debug] [Thread-4 (]: SQL status: SUCCESS 1 in 0.648 seconds
[0m01:33:13.191883 [debug] [Thread-5 (]: Began running node test.employee_analytics.not_null_stg_employee_events_event_id.ec250bcb52
[0m01:33:13.192499 [debug] [Thread-3 (]: Began running node test.employee_analytics.unique_stg_employee_events_event_id.d61930ab8c
[0m01:33:13.193666 [debug] [Thread-2 (]: Began running node test.employee_analytics.not_null_stg_departments_department_id.ce7f6f5cf8
[0m01:33:13.196594 [info ] [Thread-4 (]: 3 of 20 OK created sql view model STAGING.stg_employees ........................ [[32mSUCCESS 1[0m in 0.76s]
[0m01:33:13.197378 [info ] [Thread-5 (]: 4 of 20 START test not_null_stg_employee_events_event_id ....................... [RUN]
[0m01:33:13.198021 [info ] [Thread-3 (]: 5 of 20 START test unique_stg_employee_events_event_id ......................... [RUN]
[0m01:33:13.198634 [info ] [Thread-2 (]: 6 of 20 START test not_null_stg_departments_department_id ...................... [RUN]
[0m01:33:13.199450 [debug] [Thread-4 (]: Finished running node model.employee_analytics.stg_employees
[0m01:33:13.200300 [debug] [Thread-5 (]: Acquiring new snowflake connection 'test.employee_analytics.not_null_stg_employee_events_event_id.ec250bcb52'
[0m01:33:13.200985 [debug] [Thread-3 (]: Re-using an available connection from the pool (formerly model.employee_analytics.stg_employee_events, now test.employee_analytics.unique_stg_employee_events_event_id.d61930ab8c)
[0m01:33:13.201755 [debug] [Thread-2 (]: Re-using an available connection from the pool (formerly model.employee_analytics.stg_departments, now test.employee_analytics.not_null_stg_departments_department_id.ce7f6f5cf8)
[0m01:33:13.202420 [debug] [Thread-4 (]: Began running node test.employee_analytics.unique_stg_departments_department_id.8e1b8b707b
[0m01:33:13.203337 [debug] [Thread-5 (]: Began compiling node test.employee_analytics.not_null_stg_employee_events_event_id.ec250bcb52
[0m01:33:13.203904 [debug] [Thread-3 (]: Began compiling node test.employee_analytics.unique_stg_employee_events_event_id.d61930ab8c
[0m01:33:13.204446 [debug] [Thread-2 (]: Began compiling node test.employee_analytics.not_null_stg_departments_department_id.ce7f6f5cf8
[0m01:33:13.204973 [info ] [Thread-4 (]: 7 of 20 START test unique_stg_departments_department_id ........................ [RUN]
[0m01:33:13.218073 [debug] [Thread-5 (]: Writing injected SQL for node "test.employee_analytics.not_null_stg_employee_events_event_id.ec250bcb52"
[0m01:33:13.228033 [debug] [Thread-3 (]: Writing injected SQL for node "test.employee_analytics.unique_stg_employee_events_event_id.d61930ab8c"
[0m01:33:13.235066 [debug] [Thread-2 (]: Writing injected SQL for node "test.employee_analytics.not_null_stg_departments_department_id.ce7f6f5cf8"
[0m01:33:13.235967 [debug] [Thread-4 (]: Re-using an available connection from the pool (formerly model.employee_analytics.stg_employees, now test.employee_analytics.unique_stg_departments_department_id.8e1b8b707b)
[0m01:33:13.237577 [debug] [Thread-5 (]: Began executing node test.employee_analytics.not_null_stg_employee_events_event_id.ec250bcb52
[0m01:33:13.238586 [debug] [Thread-3 (]: Began executing node test.employee_analytics.unique_stg_employee_events_event_id.d61930ab8c
[0m01:33:13.239321 [debug] [Thread-4 (]: Began compiling node test.employee_analytics.unique_stg_departments_department_id.8e1b8b707b
[0m01:33:13.239994 [debug] [Thread-2 (]: Began executing node test.employee_analytics.not_null_stg_departments_department_id.ce7f6f5cf8
[0m01:33:13.262327 [debug] [Thread-5 (]: Writing runtime sql for node "test.employee_analytics.not_null_stg_employee_events_event_id.ec250bcb52"
[0m01:33:13.266725 [debug] [Thread-3 (]: Writing runtime sql for node "test.employee_analytics.unique_stg_employee_events_event_id.d61930ab8c"
[0m01:33:13.273451 [debug] [Thread-4 (]: Writing injected SQL for node "test.employee_analytics.unique_stg_departments_department_id.8e1b8b707b"
[0m01:33:13.277732 [debug] [Thread-2 (]: Writing runtime sql for node "test.employee_analytics.not_null_stg_departments_department_id.ce7f6f5cf8"
[0m01:33:13.279552 [debug] [Thread-5 (]: Using snowflake connection "test.employee_analytics.not_null_stg_employee_events_event_id.ec250bcb52"
[0m01:33:13.281044 [debug] [Thread-3 (]: Using snowflake connection "test.employee_analytics.unique_stg_employee_events_event_id.d61930ab8c"
[0m01:33:13.282129 [debug] [Thread-4 (]: Began executing node test.employee_analytics.unique_stg_departments_department_id.8e1b8b707b
[0m01:33:13.282885 [debug] [Thread-5 (]: On test.employee_analytics.not_null_stg_employee_events_event_id.ec250bcb52: /* {"app": "dbt", "dbt_version": "1.9.4", "profile_name": "employee_analytics", "target_name": "dev", "node_id": "test.employee_analytics.not_null_stg_employee_events_event_id.ec250bcb52"} */
select
      count(*) as failures,
      count(*) != 0 as should_warn,
      count(*) != 0 as should_error
    from (
      
    
    



select event_id
from EMPLOYEE_ANALYTICS_DEV.STAGING.stg_employee_events
where event_id is null



      
    ) dbt_internal_test
[0m01:33:13.283919 [debug] [Thread-2 (]: Using snowflake connection "test.employee_analytics.not_null_stg_departments_department_id.ce7f6f5cf8"
[0m01:33:13.284533 [debug] [Thread-3 (]: On test.employee_analytics.unique_stg_employee_events_event_id.d61930ab8c: /* {"app": "dbt", "dbt_version": "1.9.4", "profile_name": "employee_analytics", "target_name": "dev", "node_id": "test.employee_analytics.unique_stg_employee_events_event_id.d61930ab8c"} */
select
      count(*) as failures,
      count(*) != 0 as should_warn,
      count(*) != 0 as should_error
    from (
      
    
    

select
    event_id as unique_field,
    count(*) as n_records

from EMPLOYEE_ANALYTICS_DEV.STAGING.stg_employee_events
where event_id is not null
group by event_id
having count(*) > 1



      
    ) dbt_internal_test
[0m01:33:13.290306 [debug] [Thread-4 (]: Writing runtime sql for node "test.employee_analytics.unique_stg_departments_department_id.8e1b8b707b"
[0m01:33:13.291114 [debug] [Thread-5 (]: Opening a new connection, currently in state init
[0m01:33:13.291766 [debug] [Thread-2 (]: On test.employee_analytics.not_null_stg_departments_department_id.ce7f6f5cf8: /* {"app": "dbt", "dbt_version": "1.9.4", "profile_name": "employee_analytics", "target_name": "dev", "node_id": "test.employee_analytics.not_null_stg_departments_department_id.ce7f6f5cf8"} */
select
      count(*) as failures,
      count(*) != 0 as should_warn,
      count(*) != 0 as should_error
    from (
      
    
    



select department_id
from EMPLOYEE_ANALYTICS_DEV.STAGING.stg_departments
where department_id is null



      
    ) dbt_internal_test
[0m01:33:13.292365 [debug] [Thread-3 (]: Opening a new connection, currently in state init
[0m01:33:13.293915 [debug] [Thread-4 (]: Using snowflake connection "test.employee_analytics.unique_stg_departments_department_id.8e1b8b707b"
[0m01:33:13.294490 [debug] [Thread-2 (]: Opening a new connection, currently in state init
[0m01:33:13.295308 [debug] [Thread-4 (]: On test.employee_analytics.unique_stg_departments_department_id.8e1b8b707b: /* {"app": "dbt", "dbt_version": "1.9.4", "profile_name": "employee_analytics", "target_name": "dev", "node_id": "test.employee_analytics.unique_stg_departments_department_id.8e1b8b707b"} */
select
      count(*) as failures,
      count(*) != 0 as should_warn,
      count(*) != 0 as should_error
    from (
      
    
    

select
    department_id as unique_field,
    count(*) as n_records

from EMPLOYEE_ANALYTICS_DEV.STAGING.stg_departments
where department_id is not null
group by department_id
having count(*) > 1



      
    ) dbt_internal_test
[0m01:33:13.296082 [debug] [Thread-4 (]: Opening a new connection, currently in state init
[0m01:33:13.842714 [debug] [Thread-5 (]: SQL status: SUCCESS 1 in 0.551 seconds
[0m01:33:13.843700 [debug] [Thread-2 (]: SQL status: SUCCESS 1 in 0.549 seconds
[0m01:33:13.848278 [info ] [Thread-5 (]: 4 of 20 PASS not_null_stg_employee_events_event_id ............................. [[32mPASS[0m in 0.65s]
[0m01:33:13.851055 [info ] [Thread-2 (]: 6 of 20 PASS not_null_stg_departments_department_id ............................ [[32mPASS[0m in 0.65s]
[0m01:33:13.851952 [debug] [Thread-5 (]: Finished running node test.employee_analytics.not_null_stg_employee_events_event_id.ec250bcb52
[0m01:33:13.852662 [debug] [Thread-2 (]: Finished running node test.employee_analytics.not_null_stg_departments_department_id.ce7f6f5cf8
[0m01:33:13.853408 [debug] [Thread-5 (]: Began running node test.employee_analytics.accepted_values_stg_employees_employment_status__ACTIVE__EXITED.696b0099c8
[0m01:33:13.854218 [debug] [Thread-2 (]: Began running node test.employee_analytics.not_null_stg_employees_department_id.a7701eed35
[0m01:33:13.854911 [info ] [Thread-5 (]: 8 of 20 START test accepted_values_stg_employees_employment_status__ACTIVE__EXITED  [RUN]
[0m01:33:13.855522 [info ] [Thread-2 (]: 9 of 20 START test not_null_stg_employees_department_id ........................ [RUN]
[0m01:33:13.856283 [debug] [Thread-5 (]: Re-using an available connection from the pool (formerly test.employee_analytics.not_null_stg_employee_events_event_id.ec250bcb52, now test.employee_analytics.accepted_values_stg_employees_employment_status__ACTIVE__EXITED.696b0099c8)
[0m01:33:13.856905 [debug] [Thread-2 (]: Re-using an available connection from the pool (formerly test.employee_analytics.not_null_stg_departments_department_id.ce7f6f5cf8, now test.employee_analytics.not_null_stg_employees_department_id.a7701eed35)
[0m01:33:13.857540 [debug] [Thread-5 (]: Began compiling node test.employee_analytics.accepted_values_stg_employees_employment_status__ACTIVE__EXITED.696b0099c8
[0m01:33:13.858036 [debug] [Thread-2 (]: Began compiling node test.employee_analytics.not_null_stg_employees_department_id.a7701eed35
[0m01:33:13.864701 [debug] [Thread-5 (]: Writing injected SQL for node "test.employee_analytics.accepted_values_stg_employees_employment_status__ACTIVE__EXITED.696b0099c8"
[0m01:33:13.871009 [debug] [Thread-2 (]: Writing injected SQL for node "test.employee_analytics.not_null_stg_employees_department_id.a7701eed35"
[0m01:33:13.872386 [debug] [Thread-5 (]: Began executing node test.employee_analytics.accepted_values_stg_employees_employment_status__ACTIVE__EXITED.696b0099c8
[0m01:33:13.876750 [debug] [Thread-5 (]: Writing runtime sql for node "test.employee_analytics.accepted_values_stg_employees_employment_status__ACTIVE__EXITED.696b0099c8"
[0m01:33:13.877421 [debug] [Thread-2 (]: Began executing node test.employee_analytics.not_null_stg_employees_department_id.a7701eed35
[0m01:33:13.883590 [debug] [Thread-2 (]: Writing runtime sql for node "test.employee_analytics.not_null_stg_employees_department_id.a7701eed35"
[0m01:33:13.884997 [debug] [Thread-5 (]: Using snowflake connection "test.employee_analytics.accepted_values_stg_employees_employment_status__ACTIVE__EXITED.696b0099c8"
[0m01:33:13.886224 [debug] [Thread-5 (]: On test.employee_analytics.accepted_values_stg_employees_employment_status__ACTIVE__EXITED.696b0099c8: /* {"app": "dbt", "dbt_version": "1.9.4", "profile_name": "employee_analytics", "target_name": "dev", "node_id": "test.employee_analytics.accepted_values_stg_employees_employment_status__ACTIVE__EXITED.696b0099c8"} */
select
      count(*) as failures,
      count(*) != 0 as should_warn,
      count(*) != 0 as should_error
    from (
      
    
    

with all_values as (

    select
        employment_status as value_field,
        count(*) as n_records

    from EMPLOYEE_ANALYTICS_DEV.STAGING.stg_employees
    group by employment_status

)

select *
from all_values
where value_field not in (
    'ACTIVE','EXITED'
)



      
    ) dbt_internal_test
[0m01:33:13.887382 [debug] [Thread-2 (]: Using snowflake connection "test.employee_analytics.not_null_stg_employees_department_id.a7701eed35"
[0m01:33:13.888073 [debug] [Thread-5 (]: Opening a new connection, currently in state init
[0m01:33:13.888741 [debug] [Thread-2 (]: On test.employee_analytics.not_null_stg_employees_department_id.a7701eed35: /* {"app": "dbt", "dbt_version": "1.9.4", "profile_name": "employee_analytics", "target_name": "dev", "node_id": "test.employee_analytics.not_null_stg_employees_department_id.a7701eed35"} */
select
      count(*) as failures,
      count(*) != 0 as should_warn,
      count(*) != 0 as should_error
    from (
      
    
    



select department_id
from EMPLOYEE_ANALYTICS_DEV.STAGING.stg_employees
where department_id is null



      
    ) dbt_internal_test
[0m01:33:13.889607 [debug] [Thread-2 (]: Opening a new connection, currently in state init
[0m01:33:13.915668 [debug] [Thread-4 (]: SQL status: SUCCESS 1 in 0.619 seconds
[0m01:33:13.916538 [debug] [Thread-3 (]: SQL status: SUCCESS 1 in 0.624 seconds
[0m01:33:13.919075 [info ] [Thread-4 (]: 7 of 20 PASS unique_stg_departments_department_id .............................. [[32mPASS[0m in 0.68s]
[0m01:33:13.921694 [info ] [Thread-3 (]: 5 of 20 PASS unique_stg_employee_events_event_id ............................... [[32mPASS[0m in 0.72s]
[0m01:33:13.922609 [debug] [Thread-4 (]: Finished running node test.employee_analytics.unique_stg_departments_department_id.8e1b8b707b
[0m01:33:13.923380 [debug] [Thread-3 (]: Finished running node test.employee_analytics.unique_stg_employee_events_event_id.d61930ab8c
[0m01:33:13.924071 [debug] [Thread-4 (]: Began running node test.employee_analytics.not_null_stg_employees_employee_id.7f6f73d15b
[0m01:33:13.924881 [debug] [Thread-3 (]: Began running node test.employee_analytics.relationships_stg_employee_events_employee_id__employee_id__ref_stg_employees_.d0912f39d6
[0m01:33:13.925997 [info ] [Thread-4 (]: 10 of 20 START test not_null_stg_employees_employee_id ......................... [RUN]
[0m01:33:13.926722 [info ] [Thread-3 (]: 11 of 20 START test relationships_stg_employee_events_employee_id__employee_id__ref_stg_employees_  [RUN]
[0m01:33:13.927522 [debug] [Thread-4 (]: Re-using an available connection from the pool (formerly test.employee_analytics.unique_stg_departments_department_id.8e1b8b707b, now test.employee_analytics.not_null_stg_employees_employee_id.7f6f73d15b)
[0m01:33:13.928220 [debug] [Thread-3 (]: Re-using an available connection from the pool (formerly test.employee_analytics.unique_stg_employee_events_event_id.d61930ab8c, now test.employee_analytics.relationships_stg_employee_events_employee_id__employee_id__ref_stg_employees_.d0912f39d6)
[0m01:33:13.928803 [debug] [Thread-4 (]: Began compiling node test.employee_analytics.not_null_stg_employees_employee_id.7f6f73d15b
[0m01:33:13.929427 [debug] [Thread-3 (]: Began compiling node test.employee_analytics.relationships_stg_employee_events_employee_id__employee_id__ref_stg_employees_.d0912f39d6
[0m01:33:13.936182 [debug] [Thread-4 (]: Writing injected SQL for node "test.employee_analytics.not_null_stg_employees_employee_id.7f6f73d15b"
[0m01:33:13.944572 [debug] [Thread-3 (]: Writing injected SQL for node "test.employee_analytics.relationships_stg_employee_events_employee_id__employee_id__ref_stg_employees_.d0912f39d6"
[0m01:33:13.946587 [debug] [Thread-4 (]: Began executing node test.employee_analytics.not_null_stg_employees_employee_id.7f6f73d15b
[0m01:33:13.951382 [debug] [Thread-4 (]: Writing runtime sql for node "test.employee_analytics.not_null_stg_employees_employee_id.7f6f73d15b"
[0m01:33:13.952204 [debug] [Thread-3 (]: Began executing node test.employee_analytics.relationships_stg_employee_events_employee_id__employee_id__ref_stg_employees_.d0912f39d6
[0m01:33:13.957422 [debug] [Thread-3 (]: Writing runtime sql for node "test.employee_analytics.relationships_stg_employee_events_employee_id__employee_id__ref_stg_employees_.d0912f39d6"
[0m01:33:13.958516 [debug] [Thread-4 (]: Using snowflake connection "test.employee_analytics.not_null_stg_employees_employee_id.7f6f73d15b"
[0m01:33:13.959373 [debug] [Thread-4 (]: On test.employee_analytics.not_null_stg_employees_employee_id.7f6f73d15b: /* {"app": "dbt", "dbt_version": "1.9.4", "profile_name": "employee_analytics", "target_name": "dev", "node_id": "test.employee_analytics.not_null_stg_employees_employee_id.7f6f73d15b"} */
select
      count(*) as failures,
      count(*) != 0 as should_warn,
      count(*) != 0 as should_error
    from (
      
    
    



select employee_id
from EMPLOYEE_ANALYTICS_DEV.STAGING.stg_employees
where employee_id is null



      
    ) dbt_internal_test
[0m01:33:13.960750 [debug] [Thread-3 (]: Using snowflake connection "test.employee_analytics.relationships_stg_employee_events_employee_id__employee_id__ref_stg_employees_.d0912f39d6"
[0m01:33:13.961363 [debug] [Thread-4 (]: Opening a new connection, currently in state init
[0m01:33:13.961947 [debug] [Thread-3 (]: On test.employee_analytics.relationships_stg_employee_events_employee_id__employee_id__ref_stg_employees_.d0912f39d6: /* {"app": "dbt", "dbt_version": "1.9.4", "profile_name": "employee_analytics", "target_name": "dev", "node_id": "test.employee_analytics.relationships_stg_employee_events_employee_id__employee_id__ref_stg_employees_.d0912f39d6"} */
select
      count(*) as failures,
      count(*) != 0 as should_warn,
      count(*) != 0 as should_error
    from (
      
    
    

with child as (
    select employee_id as from_field
    from EMPLOYEE_ANALYTICS_DEV.STAGING.stg_employee_events
    where employee_id is not null
),

parent as (
    select employee_id as to_field
    from EMPLOYEE_ANALYTICS_DEV.STAGING.stg_employees
)

select
    from_field

from child
left join parent
    on child.from_field = parent.to_field

where parent.to_field is null



      
    ) dbt_internal_test
[0m01:33:13.962790 [debug] [Thread-3 (]: Opening a new connection, currently in state init
[0m01:33:14.478871 [debug] [Thread-2 (]: SQL status: SUCCESS 1 in 0.589 seconds
[0m01:33:14.480008 [debug] [Thread-4 (]: SQL status: SUCCESS 1 in 0.519 seconds
[0m01:33:14.482777 [info ] [Thread-2 (]: 9 of 20 PASS not_null_stg_employees_department_id .............................. [[32mPASS[0m in 0.63s]
[0m01:33:14.485398 [info ] [Thread-4 (]: 10 of 20 PASS not_null_stg_employees_employee_id ............................... [[32mPASS[0m in 0.56s]
[0m01:33:14.486325 [debug] [Thread-2 (]: Finished running node test.employee_analytics.not_null_stg_employees_department_id.a7701eed35
[0m01:33:14.487079 [debug] [Thread-4 (]: Finished running node test.employee_analytics.not_null_stg_employees_employee_id.7f6f73d15b
[0m01:33:14.487775 [debug] [Thread-2 (]: Began running node test.employee_analytics.unique_stg_employees_employee_id.db72478d64
[0m01:33:14.488576 [debug] [Thread-4 (]: Began running node model.employee_analytics.agg_employee_movement
[0m01:33:14.489325 [info ] [Thread-2 (]: 12 of 20 START test unique_stg_employees_employee_id ........................... [RUN]
[0m01:33:14.490171 [info ] [Thread-4 (]: 13 of 20 START sql table model ANALYTICS.agg_employee_movement ................. [RUN]
[0m01:33:14.490894 [debug] [Thread-2 (]: Re-using an available connection from the pool (formerly test.employee_analytics.not_null_stg_employees_department_id.a7701eed35, now test.employee_analytics.unique_stg_employees_employee_id.db72478d64)
[0m01:33:14.491514 [debug] [Thread-4 (]: Re-using an available connection from the pool (formerly test.employee_analytics.not_null_stg_employees_employee_id.7f6f73d15b, now model.employee_analytics.agg_employee_movement)
[0m01:33:14.492052 [debug] [Thread-2 (]: Began compiling node test.employee_analytics.unique_stg_employees_employee_id.db72478d64
[0m01:33:14.492589 [debug] [Thread-4 (]: Began compiling node model.employee_analytics.agg_employee_movement
[0m01:33:14.499266 [debug] [Thread-2 (]: Writing injected SQL for node "test.employee_analytics.unique_stg_employees_employee_id.db72478d64"
[0m01:33:14.504400 [debug] [Thread-4 (]: Writing injected SQL for node "model.employee_analytics.agg_employee_movement"
[0m01:33:14.505703 [debug] [Thread-2 (]: Began executing node test.employee_analytics.unique_stg_employees_employee_id.db72478d64
[0m01:33:14.510627 [debug] [Thread-2 (]: Writing runtime sql for node "test.employee_analytics.unique_stg_employees_employee_id.db72478d64"
[0m01:33:14.511336 [debug] [Thread-4 (]: Began executing node model.employee_analytics.agg_employee_movement
[0m01:33:14.523836 [debug] [Thread-5 (]: SQL status: SUCCESS 1 in 0.636 seconds
[0m01:33:14.530484 [debug] [Thread-2 (]: Using snowflake connection "test.employee_analytics.unique_stg_employees_employee_id.db72478d64"
[0m01:33:14.542435 [debug] [Thread-4 (]: Writing runtime sql for node "model.employee_analytics.agg_employee_movement"
[0m01:33:14.545204 [info ] [Thread-5 (]: 8 of 20 PASS accepted_values_stg_employees_employment_status__ACTIVE__EXITED ... [[32mPASS[0m in 0.69s]
[0m01:33:14.546047 [debug] [Thread-2 (]: On test.employee_analytics.unique_stg_employees_employee_id.db72478d64: /* {"app": "dbt", "dbt_version": "1.9.4", "profile_name": "employee_analytics", "target_name": "dev", "node_id": "test.employee_analytics.unique_stg_employees_employee_id.db72478d64"} */
select
      count(*) as failures,
      count(*) != 0 as should_warn,
      count(*) != 0 as should_error
    from (
      
    
    

select
    employee_id as unique_field,
    count(*) as n_records

from EMPLOYEE_ANALYTICS_DEV.STAGING.stg_employees
where employee_id is not null
group by employee_id
having count(*) > 1



      
    ) dbt_internal_test
[0m01:33:14.547238 [debug] [Thread-5 (]: Finished running node test.employee_analytics.accepted_values_stg_employees_employment_status__ACTIVE__EXITED.696b0099c8
[0m01:33:14.548574 [debug] [Thread-4 (]: Using snowflake connection "model.employee_analytics.agg_employee_movement"
[0m01:33:14.549237 [debug] [Thread-2 (]: Opening a new connection, currently in state init
[0m01:33:14.550224 [debug] [Thread-4 (]: On model.employee_analytics.agg_employee_movement: /* {"app": "dbt", "dbt_version": "1.9.4", "profile_name": "employee_analytics", "target_name": "dev", "node_id": "model.employee_analytics.agg_employee_movement"} */
create or replace transient table EMPLOYEE_ANALYTICS_DEV.ANALYTICS.agg_employee_movement
         as
        (select date_trunc('month',event_date)::date month,count_if(event_type='JOINED') joiners,count_if(event_type='EXITED') exits,count_if(event_type='TRANSFERRED') transfers,count_if(event_type='PROMOTED') promotions,count_if(event_type='SALARY_CHANGE') salary_changes from EMPLOYEE_ANALYTICS_DEV.STAGING.stg_employee_events group by 1
        );
[0m01:33:14.551210 [debug] [Thread-4 (]: Opening a new connection, currently in state init
[0m01:33:14.552351 [debug] [Thread-3 (]: SQL status: SUCCESS 1 in 0.590 seconds
[0m01:33:14.555022 [info ] [Thread-3 (]: 11 of 20 PASS relationships_stg_employee_events_employee_id__employee_id__ref_stg_employees_  [[32mPASS[0m in 0.63s]
[0m01:33:14.556011 [debug] [Thread-3 (]: Finished running node test.employee_analytics.relationships_stg_employee_events_employee_id__employee_id__ref_stg_employees_.d0912f39d6
[0m01:33:14.989391 [debug] [Thread-2 (]: SQL status: SUCCESS 1 in 0.440 seconds
[0m01:33:14.992454 [info ] [Thread-2 (]: 12 of 20 PASS unique_stg_employees_employee_id ................................. [[32mPASS[0m in 0.50s]
[0m01:33:14.993357 [debug] [Thread-2 (]: Finished running node test.employee_analytics.unique_stg_employees_employee_id.db72478d64
[0m01:33:14.994382 [debug] [Thread-5 (]: Began running node model.employee_analytics.dim_employees
[0m01:33:14.995262 [info ] [Thread-5 (]: 14 of 20 START sql table model ANALYTICS.dim_employees ......................... [RUN]
[0m01:33:14.996087 [debug] [Thread-5 (]: Re-using an available connection from the pool (formerly test.employee_analytics.accepted_values_stg_employees_employment_status__ACTIVE__EXITED.696b0099c8, now model.employee_analytics.dim_employees)
[0m01:33:14.996665 [debug] [Thread-5 (]: Began compiling node model.employee_analytics.dim_employees
[0m01:33:15.003969 [debug] [Thread-5 (]: Writing injected SQL for node "model.employee_analytics.dim_employees"
[0m01:33:15.004900 [debug] [Thread-5 (]: Began executing node model.employee_analytics.dim_employees
[0m01:33:15.009699 [debug] [Thread-5 (]: Writing runtime sql for node "model.employee_analytics.dim_employees"
[0m01:33:15.011274 [debug] [Thread-5 (]: Using snowflake connection "model.employee_analytics.dim_employees"
[0m01:33:15.011919 [debug] [Thread-5 (]: On model.employee_analytics.dim_employees: /* {"app": "dbt", "dbt_version": "1.9.4", "profile_name": "employee_analytics", "target_name": "dev", "node_id": "model.employee_analytics.dim_employees"} */
create or replace transient table EMPLOYEE_ANALYTICS_DEV.ANALYTICS.dim_employees
         as
        (select e.employee_id,e.employee_name,e.email,e.job_title,d.department_name,d.cost_center,e.join_date,e.exit_date,e.employment_status,e.salary,datediff(month,e.join_date,coalesce(e.exit_date,current_date())) tenure_months from EMPLOYEE_ANALYTICS_DEV.STAGING.stg_employees e left join EMPLOYEE_ANALYTICS_DEV.STAGING.stg_departments d on e.department_id=d.department_id
        );
[0m01:33:15.012462 [debug] [Thread-5 (]: Opening a new connection, currently in state init
[0m01:33:15.646053 [debug] [Thread-4 (]: SQL status: SUCCESS 1 in 1.095 seconds
[0m01:33:15.649316 [info ] [Thread-4 (]: 13 of 20 OK created sql table model ANALYTICS.agg_employee_movement ............ [[32mSUCCESS 1[0m in 1.16s]
[0m01:33:15.650179 [debug] [Thread-4 (]: Finished running node model.employee_analytics.agg_employee_movement
[0m01:33:16.049950 [debug] [Thread-5 (]: SQL status: SUCCESS 1 in 1.037 seconds
[0m01:33:16.053083 [info ] [Thread-5 (]: 14 of 20 OK created sql table model ANALYTICS.dim_employees .................... [[32mSUCCESS 1[0m in 1.06s]
[0m01:33:16.054012 [debug] [Thread-5 (]: Finished running node model.employee_analytics.dim_employees
[0m01:33:16.055347 [debug] [Thread-2 (]: Began running node test.employee_analytics.assert_exit_date_valid
[0m01:33:16.055987 [debug] [Thread-3 (]: Began running node test.employee_analytics.assert_salary_positive
[0m01:33:16.056731 [debug] [Thread-4 (]: Began running node test.employee_analytics.not_null_dim_employees_employee_id.ef83a0c291
[0m01:33:16.057448 [debug] [Thread-5 (]: Began running node test.employee_analytics.not_null_dim_employees_salary.1690cd4958
[0m01:33:16.058307 [info ] [Thread-2 (]: 15 of 20 START test assert_exit_date_valid ..................................... [RUN]
[0m01:33:16.058983 [info ] [Thread-3 (]: 16 of 20 START test assert_salary_positive ..................................... [RUN]
[0m01:33:16.059634 [info ] [Thread-4 (]: 17 of 20 START test not_null_dim_employees_employee_id ......................... [RUN]
[0m01:33:16.060288 [info ] [Thread-5 (]: 18 of 20 START test not_null_dim_employees_salary .............................. [RUN]
[0m01:33:16.061074 [debug] [Thread-2 (]: Re-using an available connection from the pool (formerly test.employee_analytics.unique_stg_employees_employee_id.db72478d64, now test.employee_analytics.assert_exit_date_valid)
[0m01:33:16.061846 [debug] [Thread-3 (]: Re-using an available connection from the pool (formerly test.employee_analytics.relationships_stg_employee_events_employee_id__employee_id__ref_stg_employees_.d0912f39d6, now test.employee_analytics.assert_salary_positive)
[0m01:33:16.062489 [debug] [Thread-4 (]: Re-using an available connection from the pool (formerly model.employee_analytics.agg_employee_movement, now test.employee_analytics.not_null_dim_employees_employee_id.ef83a0c291)
[0m01:33:16.063128 [debug] [Thread-5 (]: Re-using an available connection from the pool (formerly model.employee_analytics.dim_employees, now test.employee_analytics.not_null_dim_employees_salary.1690cd4958)
[0m01:33:16.063735 [debug] [Thread-2 (]: Began compiling node test.employee_analytics.assert_exit_date_valid
[0m01:33:16.064308 [debug] [Thread-3 (]: Began compiling node test.employee_analytics.assert_salary_positive
[0m01:33:16.064840 [debug] [Thread-4 (]: Began compiling node test.employee_analytics.not_null_dim_employees_employee_id.ef83a0c291
[0m01:33:16.065427 [debug] [Thread-5 (]: Began compiling node test.employee_analytics.not_null_dim_employees_salary.1690cd4958
[0m01:33:16.070680 [debug] [Thread-2 (]: Writing injected SQL for node "test.employee_analytics.assert_exit_date_valid"
[0m01:33:16.075700 [debug] [Thread-3 (]: Writing injected SQL for node "test.employee_analytics.assert_salary_positive"
[0m01:33:16.084589 [debug] [Thread-4 (]: Writing injected SQL for node "test.employee_analytics.not_null_dim_employees_employee_id.ef83a0c291"
[0m01:33:16.091102 [debug] [Thread-5 (]: Writing injected SQL for node "test.employee_analytics.not_null_dim_employees_salary.1690cd4958"
[0m01:33:16.092601 [debug] [Thread-2 (]: Began executing node test.employee_analytics.assert_exit_date_valid
[0m01:33:16.093847 [debug] [Thread-3 (]: Began executing node test.employee_analytics.assert_salary_positive
[0m01:33:16.094905 [debug] [Thread-4 (]: Began executing node test.employee_analytics.not_null_dim_employees_employee_id.ef83a0c291
[0m01:33:16.099480 [debug] [Thread-2 (]: Writing runtime sql for node "test.employee_analytics.assert_exit_date_valid"
[0m01:33:16.100194 [debug] [Thread-5 (]: Began executing node test.employee_analytics.not_null_dim_employees_salary.1690cd4958
[0m01:33:16.104576 [debug] [Thread-3 (]: Writing runtime sql for node "test.employee_analytics.assert_salary_positive"
[0m01:33:16.108879 [debug] [Thread-4 (]: Writing runtime sql for node "test.employee_analytics.not_null_dim_employees_employee_id.ef83a0c291"
[0m01:33:16.115402 [debug] [Thread-5 (]: Writing runtime sql for node "test.employee_analytics.not_null_dim_employees_salary.1690cd4958"
[0m01:33:16.116575 [debug] [Thread-2 (]: Using snowflake connection "test.employee_analytics.assert_exit_date_valid"
[0m01:33:16.118210 [debug] [Thread-3 (]: Using snowflake connection "test.employee_analytics.assert_salary_positive"
[0m01:33:16.119633 [debug] [Thread-4 (]: Using snowflake connection "test.employee_analytics.not_null_dim_employees_employee_id.ef83a0c291"
[0m01:33:16.120394 [debug] [Thread-2 (]: On test.employee_analytics.assert_exit_date_valid: /* {"app": "dbt", "dbt_version": "1.9.4", "profile_name": "employee_analytics", "target_name": "dev", "node_id": "test.employee_analytics.assert_exit_date_valid"} */
select
      count(*) as failures,
      count(*) != 0 as should_warn,
      count(*) != 0 as should_error
    from (
      select * from EMPLOYEE_ANALYTICS_DEV.ANALYTICS.dim_employees where exit_date is not null and exit_date < join_date
      
    ) dbt_internal_test
[0m01:33:16.121556 [debug] [Thread-5 (]: Using snowflake connection "test.employee_analytics.not_null_dim_employees_salary.1690cd4958"
[0m01:33:16.122160 [debug] [Thread-3 (]: On test.employee_analytics.assert_salary_positive: /* {"app": "dbt", "dbt_version": "1.9.4", "profile_name": "employee_analytics", "target_name": "dev", "node_id": "test.employee_analytics.assert_salary_positive"} */
select
      count(*) as failures,
      count(*) != 0 as should_warn,
      count(*) != 0 as should_error
    from (
      select * from EMPLOYEE_ANALYTICS_DEV.ANALYTICS.dim_employees where salary <= 0
      
    ) dbt_internal_test
[0m01:33:16.122822 [debug] [Thread-4 (]: On test.employee_analytics.not_null_dim_employees_employee_id.ef83a0c291: /* {"app": "dbt", "dbt_version": "1.9.4", "profile_name": "employee_analytics", "target_name": "dev", "node_id": "test.employee_analytics.not_null_dim_employees_employee_id.ef83a0c291"} */
select
      count(*) as failures,
      count(*) != 0 as should_warn,
      count(*) != 0 as should_error
    from (
      
    
    



select employee_id
from EMPLOYEE_ANALYTICS_DEV.ANALYTICS.dim_employees
where employee_id is null



      
    ) dbt_internal_test
[0m01:33:16.123395 [debug] [Thread-2 (]: Opening a new connection, currently in state init
[0m01:33:16.123976 [debug] [Thread-5 (]: On test.employee_analytics.not_null_dim_employees_salary.1690cd4958: /* {"app": "dbt", "dbt_version": "1.9.4", "profile_name": "employee_analytics", "target_name": "dev", "node_id": "test.employee_analytics.not_null_dim_employees_salary.1690cd4958"} */
select
      count(*) as failures,
      count(*) != 0 as should_warn,
      count(*) != 0 as should_error
    from (
      
    
    



select salary
from EMPLOYEE_ANALYTICS_DEV.ANALYTICS.dim_employees
where salary is null



      
    ) dbt_internal_test
[0m01:33:16.124548 [debug] [Thread-3 (]: Opening a new connection, currently in state init
[0m01:33:16.125075 [debug] [Thread-4 (]: Opening a new connection, currently in state init
[0m01:33:16.125834 [debug] [Thread-5 (]: Opening a new connection, currently in state init
[0m01:33:16.719191 [debug] [Thread-5 (]: SQL status: SUCCESS 1 in 0.593 seconds
[0m01:33:16.720174 [debug] [Thread-4 (]: SQL status: SUCCESS 1 in 0.595 seconds
[0m01:33:16.722813 [info ] [Thread-5 (]: 18 of 20 PASS not_null_dim_employees_salary .................................... [[32mPASS[0m in 0.66s]
[0m01:33:16.725372 [info ] [Thread-4 (]: 17 of 20 PASS not_null_dim_employees_employee_id ............................... [[32mPASS[0m in 0.66s]
[0m01:33:16.726322 [debug] [Thread-3 (]: SQL status: SUCCESS 1 in 0.602 seconds
[0m01:33:16.727119 [debug] [Thread-5 (]: Finished running node test.employee_analytics.not_null_dim_employees_salary.1690cd4958
[0m01:33:16.727947 [debug] [Thread-4 (]: Finished running node test.employee_analytics.not_null_dim_employees_employee_id.ef83a0c291
[0m01:33:16.728823 [debug] [Thread-2 (]: SQL status: SUCCESS 1 in 0.605 seconds
[0m01:33:16.731381 [info ] [Thread-3 (]: 16 of 20 PASS assert_salary_positive ........................................... [[32mPASS[0m in 0.67s]
[0m01:33:16.732324 [debug] [Thread-5 (]: Began running node test.employee_analytics.unique_dim_employees_employee_id.79828c8f30
[0m01:33:16.735236 [info ] [Thread-2 (]: 15 of 20 PASS assert_exit_date_valid ........................................... [[32mPASS[0m in 0.67s]
[0m01:33:16.736241 [debug] [Thread-3 (]: Finished running node test.employee_analytics.assert_salary_positive
[0m01:33:16.736900 [info ] [Thread-5 (]: 19 of 20 START test unique_dim_employees_employee_id ........................... [RUN]
[0m01:33:16.737828 [debug] [Thread-2 (]: Finished running node test.employee_analytics.assert_exit_date_valid
[0m01:33:16.738786 [debug] [Thread-5 (]: Re-using an available connection from the pool (formerly test.employee_analytics.not_null_dim_employees_salary.1690cd4958, now test.employee_analytics.unique_dim_employees_employee_id.79828c8f30)
[0m01:33:16.739564 [debug] [Thread-5 (]: Began compiling node test.employee_analytics.unique_dim_employees_employee_id.79828c8f30
[0m01:33:16.746492 [debug] [Thread-5 (]: Writing injected SQL for node "test.employee_analytics.unique_dim_employees_employee_id.79828c8f30"
[0m01:33:16.747358 [debug] [Thread-5 (]: Began executing node test.employee_analytics.unique_dim_employees_employee_id.79828c8f30
[0m01:33:16.751801 [debug] [Thread-5 (]: Writing runtime sql for node "test.employee_analytics.unique_dim_employees_employee_id.79828c8f30"
[0m01:33:16.753245 [debug] [Thread-5 (]: Using snowflake connection "test.employee_analytics.unique_dim_employees_employee_id.79828c8f30"
[0m01:33:16.753929 [debug] [Thread-5 (]: On test.employee_analytics.unique_dim_employees_employee_id.79828c8f30: /* {"app": "dbt", "dbt_version": "1.9.4", "profile_name": "employee_analytics", "target_name": "dev", "node_id": "test.employee_analytics.unique_dim_employees_employee_id.79828c8f30"} */
select
      count(*) as failures,
      count(*) != 0 as should_warn,
      count(*) != 0 as should_error
    from (
      
    
    

select
    employee_id as unique_field,
    count(*) as n_records

from EMPLOYEE_ANALYTICS_DEV.ANALYTICS.dim_employees
where employee_id is not null
group by employee_id
having count(*) > 1



      
    ) dbt_internal_test
[0m01:33:16.754520 [debug] [Thread-5 (]: Opening a new connection, currently in state init
[0m01:33:17.252614 [debug] [Thread-5 (]: SQL status: SUCCESS 1 in 0.498 seconds
[0m01:33:17.255322 [info ] [Thread-5 (]: 19 of 20 PASS unique_dim_employees_employee_id ................................. [[32mPASS[0m in 0.52s]
[0m01:33:17.256355 [debug] [Thread-5 (]: Finished running node test.employee_analytics.unique_dim_employees_employee_id.79828c8f30
[0m01:33:17.257796 [debug] [Thread-4 (]: Began running node model.employee_analytics.agg_department_summary
[0m01:33:17.258890 [info ] [Thread-4 (]: 20 of 20 START sql table model ANALYTICS.agg_department_summary ................ [RUN]
[0m01:33:17.259731 [debug] [Thread-4 (]: Re-using an available connection from the pool (formerly test.employee_analytics.not_null_dim_employees_employee_id.ef83a0c291, now model.employee_analytics.agg_department_summary)
[0m01:33:17.260347 [debug] [Thread-4 (]: Began compiling node model.employee_analytics.agg_department_summary
[0m01:33:17.265663 [debug] [Thread-4 (]: Writing injected SQL for node "model.employee_analytics.agg_department_summary"
[0m01:33:17.266563 [debug] [Thread-4 (]: Began executing node model.employee_analytics.agg_department_summary
[0m01:33:17.271062 [debug] [Thread-4 (]: Writing runtime sql for node "model.employee_analytics.agg_department_summary"
[0m01:33:17.272520 [debug] [Thread-4 (]: Using snowflake connection "model.employee_analytics.agg_department_summary"
[0m01:33:17.273121 [debug] [Thread-4 (]: On model.employee_analytics.agg_department_summary: /* {"app": "dbt", "dbt_version": "1.9.4", "profile_name": "employee_analytics", "target_name": "dev", "node_id": "model.employee_analytics.agg_department_summary"} */
create or replace transient table EMPLOYEE_ANALYTICS_DEV.ANALYTICS.agg_department_summary
         as
        (select department_name,count(*) total_employees,count_if(employment_status='ACTIVE') active_employees,count_if(employment_status='EXITED') exited_employees,round(avg(salary),2) avg_salary,round(avg(tenure_months),1) avg_tenure_months from EMPLOYEE_ANALYTICS_DEV.ANALYTICS.dim_employees group by department_name
        );
[0m01:33:17.273769 [debug] [Thread-4 (]: Opening a new connection, currently in state init
[0m01:33:18.305980 [debug] [Thread-4 (]: SQL status: SUCCESS 1 in 1.032 seconds
[0m01:33:18.309392 [info ] [Thread-4 (]: 20 of 20 OK created sql table model ANALYTICS.agg_department_summary ........... [[32mSUCCESS 1[0m in 1.05s]
[0m01:33:18.310297 [debug] [Thread-4 (]: Finished running node model.employee_analytics.agg_department_summary
[0m01:33:18.314063 [debug] [Dummy-1   ]: Connection 'master' was properly closed.
[0m01:33:18.314995 [debug] [Dummy-1   ]: Connection 'test.employee_analytics.assert_salary_positive' was properly closed.
[0m01:33:18.315568 [debug] [Dummy-1   ]: Connection 'test.employee_analytics.assert_exit_date_valid' was properly closed.
[0m01:33:18.316074 [debug] [Dummy-1   ]: Connection 'model.employee_analytics.agg_department_summary' was properly closed.
[0m01:33:18.316545 [debug] [Dummy-1   ]: Connection 'test.employee_analytics.unique_dim_employees_employee_id.79828c8f30' was properly closed.
[0m01:33:18.317285 [info ] [Dummy-1   ]: 
[0m01:33:18.317867 [info ] [Dummy-1   ]: Finished running 3 table models, 14 data tests, 3 view models in 0 hours 0 minutes and 7.18 seconds (7.18s).
[0m01:33:18.320886 [debug] [Dummy-1   ]: Command end result
[0m01:33:18.348300 [debug] [Dummy-1   ]: Wrote artifact WritableManifest to /tmp/dbt/target/manifest.json
[0m01:33:18.350855 [debug] [Dummy-1   ]: Wrote artifact SemanticManifest to /tmp/dbt/target/semantic_manifest.json
[0m01:33:18.358292 [debug] [Dummy-1   ]: Wrote artifact RunExecutionResult to /tmp/dbt/target/run_results.json
[0m01:33:18.358864 [info ] [Dummy-1   ]: 
[0m01:33:18.359488 [info ] [Dummy-1   ]: [32mCompleted successfully[0m
[0m01:33:18.360018 [info ] [Dummy-1   ]: 
[0m01:33:18.360527 [info ] [Dummy-1   ]: Done. PASS=20 WARN=0 ERROR=0 SKIP=0 TOTAL=20
[0m01:33:18.362600 [debug] [Dummy-1   ]: Resource report: {"command_name": "build", "command_success": true, "command_wall_clock_time": 10.419827, "process_in_blocks": "0", "process_kernel_time": 1.07, "process_mem_max_rss": "520928", "process_out_blocks": "0", "process_user_time": 7.19}
[0m01:33:18.363330 [debug] [Dummy-1   ]: Command `cli build` succeeded at 01:33:18.363028 after 10.42 seconds
[0m01:33:18.363919 [debug] [Dummy-1   ]: Flushing usage events


============================== 01:46:00.113756 | b96c8314-38c1-4c37-b9e9-87287630b0b5 ==============================
[0m01:46:00.113756 [info ] [Dummy-1   ]: Running with dbt=1.9.4
[0m01:46:00.114721 [debug] [Dummy-1   ]: running dbt with arguments {'printer_width': '80', 'indirect_selection': 'eager', 'write_json': 'True', 'log_cache_events': 'False', 'partial_parse': 'True', 'cache_selected_only': 'False', 'warn_error': 'None', 'fail_fast': 'False', 'version_check': 'True', 'log_path': '/tmp/dbt/logs', 'debug': 'False', 'profiles_dir': '/tmp/dbt/', 'use_colors': 'True', 'use_experimental_parser': 'False', 'empty': 'False', 'quiet': 'False', 'no_print': 'None', 'warn_error_options': 'WarnErrorOptions(include=[], exclude=[])', 'static_parser': 'True', 'introspect': 'True', 'invocation_command': 'dbt ', 'target_path': '/tmp/dbt/target', 'log_format': 'default', 'send_anonymous_usage_stats': 'False'}
[0m01:46:00.402038 [info ] [Dummy-1   ]: Registered adapter: snowflake=1.9.2
[0m01:46:00.954570 [debug] [Dummy-1   ]: checksum: 53ed91fada2233efb98368d1716b44ab532c83a9c293cf1890b7905d5b45fb25, vars: {}, profile: , target: dev, version: 1.9.4
[0m01:46:01.279070 [debug] [Dummy-1   ]: Partial parsing enabled: 0 files deleted, 0 files added, 0 files changed.
[0m01:46:01.279683 [debug] [Dummy-1   ]: Partial parsing enabled, no changes found, skipping parsing
[0m01:46:01.442655 [debug] [Dummy-1   ]: Wrote artifact WritableManifest to /tmp/dbt/target/manifest.json
[0m01:46:01.445086 [debug] [Dummy-1   ]: Wrote artifact SemanticManifest to /tmp/dbt/target/semantic_manifest.json
[0m01:46:01.483096 [info ] [Dummy-1   ]: Found 6 models, 14 data tests, 3 sources, 475 macros
[0m01:46:01.486059 [info ] [Dummy-1   ]: 
[0m01:46:01.486625 [info ] [Dummy-1   ]: Concurrency: 4 threads (target='dev')
[0m01:46:01.487147 [info ] [Dummy-1   ]: 
[0m01:46:01.487921 [debug] [Dummy-1   ]: Acquiring new snowflake connection 'master'
[0m01:46:01.494732 [debug] [ThreadPool]: Acquiring new snowflake connection 'list_EMPLOYEE_ANALYTICS_DEV_ANALYTICS'
[0m01:46:01.497281 [debug] [ThreadPool]: Acquiring new snowflake connection 'list_EMPLOYEE_ANALYTICS_DEV_STAGING'
[0m01:46:01.611279 [debug] [ThreadPool]: Using snowflake connection "list_EMPLOYEE_ANALYTICS_DEV_ANALYTICS"
[0m01:46:01.611978 [debug] [ThreadPool]: Using snowflake connection "list_EMPLOYEE_ANALYTICS_DEV_STAGING"
[0m01:46:01.612592 [debug] [ThreadPool]: On list_EMPLOYEE_ANALYTICS_DEV_ANALYTICS: /* {"app": "dbt", "dbt_version": "1.9.4", "profile_name": "employee_analytics", "target_name": "dev", "connection_name": "list_EMPLOYEE_ANALYTICS_DEV_ANALYTICS"} */
alter session set quoted_identifiers_ignore_case = false;
[0m01:46:01.613145 [debug] [ThreadPool]: On list_EMPLOYEE_ANALYTICS_DEV_STAGING: /* {"app": "dbt", "dbt_version": "1.9.4", "profile_name": "employee_analytics", "target_name": "dev", "connection_name": "list_EMPLOYEE_ANALYTICS_DEV_STAGING"} */
alter session set quoted_identifiers_ignore_case = false;
[0m01:46:01.613662 [debug] [ThreadPool]: Opening a new connection, currently in state init
[0m01:46:01.614231 [debug] [ThreadPool]: Opening a new connection, currently in state init
[0m01:46:02.157945 [debug] [ThreadPool]: SQL status: SUCCESS 1 in 0.544 seconds
[0m01:46:02.162827 [debug] [ThreadPool]: Using snowflake connection "list_EMPLOYEE_ANALYTICS_DEV_ANALYTICS"
[0m01:46:02.163423 [debug] [ThreadPool]: On list_EMPLOYEE_ANALYTICS_DEV_ANALYTICS: /* {"app": "dbt", "dbt_version": "1.9.4", "profile_name": "employee_analytics", "target_name": "dev", "connection_name": "list_EMPLOYEE_ANALYTICS_DEV_ANALYTICS"} */
show objects in EMPLOYEE_ANALYTICS_DEV.ANALYTICS
    limit 10000
    
;
[0m01:46:02.165629 [debug] [ThreadPool]: SQL status: SUCCESS 1 in 0.551 seconds
[0m01:46:02.167685 [debug] [ThreadPool]: Using snowflake connection "list_EMPLOYEE_ANALYTICS_DEV_STAGING"
[0m01:46:02.168231 [debug] [ThreadPool]: On list_EMPLOYEE_ANALYTICS_DEV_STAGING: /* {"app": "dbt", "dbt_version": "1.9.4", "profile_name": "employee_analytics", "target_name": "dev", "connection_name": "list_EMPLOYEE_ANALYTICS_DEV_STAGING"} */
show objects in EMPLOYEE_ANALYTICS_DEV.STAGING
    limit 10000
    
;
[0m01:46:02.308022 [debug] [ThreadPool]: SQL status: SUCCESS 3 in 0.144 seconds
[0m01:46:02.310777 [debug] [ThreadPool]: Using snowflake connection "list_EMPLOYEE_ANALYTICS_DEV_ANALYTICS"
[0m01:46:02.311356 [debug] [ThreadPool]: On list_EMPLOYEE_ANALYTICS_DEV_ANALYTICS: /* {"app": "dbt", "dbt_version": "1.9.4", "profile_name": "employee_analytics", "target_name": "dev", "connection_name": "list_EMPLOYEE_ANALYTICS_DEV_ANALYTICS"} */
alter session unset quoted_identifiers_ignore_case;
[0m01:46:02.319233 [debug] [ThreadPool]: SQL status: SUCCESS 3 in 0.150 seconds
[0m01:46:02.321588 [debug] [ThreadPool]: Using snowflake connection "list_EMPLOYEE_ANALYTICS_DEV_STAGING"
[0m01:46:02.322119 [debug] [ThreadPool]: On list_EMPLOYEE_ANALYTICS_DEV_STAGING: /* {"app": "dbt", "dbt_version": "1.9.4", "profile_name": "employee_analytics", "target_name": "dev", "connection_name": "list_EMPLOYEE_ANALYTICS_DEV_STAGING"} */
alter session unset quoted_identifiers_ignore_case;
[0m01:46:02.398211 [debug] [ThreadPool]: SQL status: SUCCESS 1 in 0.086 seconds
[0m01:46:02.402842 [debug] [ThreadPool]: SQL status: SUCCESS 1 in 0.080 seconds
[0m01:46:02.417078 [debug] [Thread-2 (]: Began running node model.employee_analytics.stg_departments
[0m01:46:02.417740 [debug] [Thread-3 (]: Began running node model.employee_analytics.stg_employee_events
[0m01:46:02.418373 [debug] [Thread-4 (]: Began running node model.employee_analytics.stg_employees
[0m01:46:02.419103 [debug] [Thread-2 (]: Re-using an available connection from the pool (formerly list_EMPLOYEE_ANALYTICS_DEV_ANALYTICS, now model.employee_analytics.stg_departments)
[0m01:46:02.419736 [debug] [Thread-3 (]: Re-using an available connection from the pool (formerly list_EMPLOYEE_ANALYTICS_DEV_STAGING, now model.employee_analytics.stg_employee_events)
[0m01:46:02.420513 [debug] [Thread-4 (]: Acquiring new snowflake connection 'model.employee_analytics.stg_employees'
[0m01:46:02.421066 [debug] [Thread-2 (]: Began compiling node model.employee_analytics.stg_departments
[0m01:46:02.421572 [debug] [Thread-3 (]: Began compiling node model.employee_analytics.stg_employee_events
[0m01:46:02.422062 [debug] [Thread-4 (]: Began compiling node model.employee_analytics.stg_employees
[0m01:46:02.431649 [debug] [Thread-2 (]: Writing injected SQL for node "model.employee_analytics.stg_departments"
[0m01:46:02.437407 [debug] [Thread-3 (]: Writing injected SQL for node "model.employee_analytics.stg_employee_events"
[0m01:46:02.442095 [debug] [Thread-4 (]: Writing injected SQL for node "model.employee_analytics.stg_employees"
[0m01:46:02.443467 [debug] [Thread-2 (]: Began executing node model.employee_analytics.stg_departments
[0m01:46:02.444050 [debug] [Thread-3 (]: Began executing node model.employee_analytics.stg_employee_events
[0m01:46:02.445027 [debug] [Thread-2 (]: Finished running node model.employee_analytics.stg_departments
[0m01:46:02.445624 [debug] [Thread-4 (]: Began executing node model.employee_analytics.stg_employees
[0m01:46:02.446445 [debug] [Thread-3 (]: Finished running node model.employee_analytics.stg_employee_events
[0m01:46:02.447800 [debug] [Thread-5 (]: Began running node test.employee_analytics.not_null_stg_departments_department_id.ce7f6f5cf8
[0m01:46:02.448330 [debug] [Thread-2 (]: Began running node test.employee_analytics.unique_stg_departments_department_id.8e1b8b707b
[0m01:46:02.449166 [debug] [Thread-4 (]: Finished running node model.employee_analytics.stg_employees
[0m01:46:02.450260 [debug] [Thread-3 (]: Began running node model.employee_analytics.agg_employee_movement
[0m01:46:02.451019 [debug] [Thread-5 (]: Acquiring new snowflake connection 'test.employee_analytics.not_null_stg_departments_department_id.ce7f6f5cf8'
[0m01:46:02.451678 [debug] [Thread-2 (]: Re-using an available connection from the pool (formerly model.employee_analytics.stg_departments, now test.employee_analytics.unique_stg_departments_department_id.8e1b8b707b)
[0m01:46:02.452321 [debug] [Thread-4 (]: Began running node test.employee_analytics.not_null_stg_employee_events_event_id.ec250bcb52
[0m01:46:02.453363 [debug] [Thread-3 (]: Re-using an available connection from the pool (formerly model.employee_analytics.stg_employee_events, now model.employee_analytics.agg_employee_movement)
[0m01:46:02.453928 [debug] [Thread-5 (]: Began compiling node test.employee_analytics.not_null_stg_departments_department_id.ce7f6f5cf8
[0m01:46:02.454458 [debug] [Thread-2 (]: Began compiling node test.employee_analytics.unique_stg_departments_department_id.8e1b8b707b
[0m01:46:02.455094 [debug] [Thread-4 (]: Re-using an available connection from the pool (formerly model.employee_analytics.stg_employees, now test.employee_analytics.not_null_stg_employee_events_event_id.ec250bcb52)
[0m01:46:02.455648 [debug] [Thread-3 (]: Began compiling node model.employee_analytics.agg_employee_movement
[0m01:46:02.470904 [debug] [Thread-5 (]: Writing injected SQL for node "test.employee_analytics.not_null_stg_departments_department_id.ce7f6f5cf8"
[0m01:46:02.479479 [debug] [Thread-2 (]: Writing injected SQL for node "test.employee_analytics.unique_stg_departments_department_id.8e1b8b707b"
[0m01:46:02.480164 [debug] [Thread-4 (]: Began compiling node test.employee_analytics.not_null_stg_employee_events_event_id.ec250bcb52
[0m01:46:02.484794 [debug] [Thread-3 (]: Writing injected SQL for node "model.employee_analytics.agg_employee_movement"
[0m01:46:02.486026 [debug] [Thread-5 (]: Began executing node test.employee_analytics.not_null_stg_departments_department_id.ce7f6f5cf8
[0m01:46:02.493522 [debug] [Thread-4 (]: Writing injected SQL for node "test.employee_analytics.not_null_stg_employee_events_event_id.ec250bcb52"
[0m01:46:02.494218 [debug] [Thread-2 (]: Began executing node test.employee_analytics.unique_stg_departments_department_id.8e1b8b707b
[0m01:46:02.495353 [debug] [Thread-5 (]: Finished running node test.employee_analytics.not_null_stg_departments_department_id.ce7f6f5cf8
[0m01:46:02.495840 [debug] [Thread-3 (]: Began executing node model.employee_analytics.agg_employee_movement
[0m01:46:02.496814 [debug] [Thread-2 (]: Finished running node test.employee_analytics.unique_stg_departments_department_id.8e1b8b707b
[0m01:46:02.497374 [debug] [Thread-4 (]: Began executing node test.employee_analytics.not_null_stg_employee_events_event_id.ec250bcb52
[0m01:46:02.497908 [debug] [Thread-5 (]: Began running node test.employee_analytics.unique_stg_employee_events_event_id.d61930ab8c
[0m01:46:02.498807 [debug] [Thread-3 (]: Finished running node model.employee_analytics.agg_employee_movement
[0m01:46:02.499428 [debug] [Thread-2 (]: Began running node model.employee_analytics.dim_employees
[0m01:46:02.500356 [debug] [Thread-4 (]: Finished running node test.employee_analytics.not_null_stg_employee_events_event_id.ec250bcb52
[0m01:46:02.501054 [debug] [Thread-5 (]: Re-using an available connection from the pool (formerly test.employee_analytics.not_null_stg_departments_department_id.ce7f6f5cf8, now test.employee_analytics.unique_stg_employee_events_event_id.d61930ab8c)
[0m01:46:02.501649 [debug] [Thread-3 (]: Began running node test.employee_analytics.accepted_values_stg_employees_employment_status__ACTIVE__EXITED.696b0099c8
[0m01:46:02.502348 [debug] [Thread-2 (]: Re-using an available connection from the pool (formerly test.employee_analytics.unique_stg_departments_department_id.8e1b8b707b, now model.employee_analytics.dim_employees)
[0m01:46:02.502930 [debug] [Thread-4 (]: Began running node test.employee_analytics.not_null_stg_employees_department_id.a7701eed35
[0m01:46:02.503546 [debug] [Thread-5 (]: Began compiling node test.employee_analytics.unique_stg_employee_events_event_id.d61930ab8c
[0m01:46:02.504159 [debug] [Thread-3 (]: Re-using an available connection from the pool (formerly model.employee_analytics.agg_employee_movement, now test.employee_analytics.accepted_values_stg_employees_employment_status__ACTIVE__EXITED.696b0099c8)
[0m01:46:02.504739 [debug] [Thread-2 (]: Began compiling node model.employee_analytics.dim_employees
[0m01:46:02.505295 [debug] [Thread-4 (]: Re-using an available connection from the pool (formerly test.employee_analytics.not_null_stg_employee_events_event_id.ec250bcb52, now test.employee_analytics.not_null_stg_employees_department_id.a7701eed35)
[0m01:46:02.511184 [debug] [Thread-5 (]: Writing injected SQL for node "test.employee_analytics.unique_stg_employee_events_event_id.d61930ab8c"
[0m01:46:02.511807 [debug] [Thread-3 (]: Began compiling node test.employee_analytics.accepted_values_stg_employees_employment_status__ACTIVE__EXITED.696b0099c8
[0m01:46:02.516495 [debug] [Thread-2 (]: Writing injected SQL for node "model.employee_analytics.dim_employees"
[0m01:46:02.517108 [debug] [Thread-4 (]: Began compiling node test.employee_analytics.not_null_stg_employees_department_id.a7701eed35
[0m01:46:02.527732 [debug] [Thread-3 (]: Writing injected SQL for node "test.employee_analytics.accepted_values_stg_employees_employment_status__ACTIVE__EXITED.696b0099c8"
[0m01:46:02.528623 [debug] [Thread-5 (]: Began executing node test.employee_analytics.unique_stg_employee_events_event_id.d61930ab8c
[0m01:46:02.535990 [debug] [Thread-4 (]: Writing injected SQL for node "test.employee_analytics.not_null_stg_employees_department_id.a7701eed35"
[0m01:46:02.536634 [debug] [Thread-2 (]: Began executing node model.employee_analytics.dim_employees
[0m01:46:02.537808 [debug] [Thread-5 (]: Finished running node test.employee_analytics.unique_stg_employee_events_event_id.d61930ab8c
[0m01:46:02.538288 [debug] [Thread-3 (]: Began executing node test.employee_analytics.accepted_values_stg_employees_employment_status__ACTIVE__EXITED.696b0099c8
[0m01:46:02.539417 [debug] [Thread-2 (]: Finished running node model.employee_analytics.dim_employees
[0m01:46:02.540031 [debug] [Thread-4 (]: Began executing node test.employee_analytics.not_null_stg_employees_department_id.a7701eed35
[0m01:46:02.540713 [debug] [Thread-5 (]: Began running node test.employee_analytics.not_null_stg_employees_employee_id.7f6f73d15b
[0m01:46:02.541665 [debug] [Thread-3 (]: Finished running node test.employee_analytics.accepted_values_stg_employees_employment_status__ACTIVE__EXITED.696b0099c8
[0m01:46:02.542320 [debug] [Thread-2 (]: Began running node test.employee_analytics.relationships_stg_employee_events_employee_id__employee_id__ref_stg_employees_.d0912f39d6
[0m01:46:02.543449 [debug] [Thread-4 (]: Finished running node test.employee_analytics.not_null_stg_employees_department_id.a7701eed35
[0m01:46:02.544068 [debug] [Thread-5 (]: Re-using an available connection from the pool (formerly test.employee_analytics.unique_stg_employee_events_event_id.d61930ab8c, now test.employee_analytics.not_null_stg_employees_employee_id.7f6f73d15b)
[0m01:46:02.544750 [debug] [Thread-3 (]: Began running node test.employee_analytics.unique_stg_employees_employee_id.db72478d64
[0m01:46:02.545405 [debug] [Thread-2 (]: Re-using an available connection from the pool (formerly model.employee_analytics.dim_employees, now test.employee_analytics.relationships_stg_employee_events_employee_id__employee_id__ref_stg_employees_.d0912f39d6)
[0m01:46:02.545981 [debug] [Thread-4 (]: Began running node model.employee_analytics.agg_department_summary
[0m01:46:02.546543 [debug] [Thread-5 (]: Began compiling node test.employee_analytics.not_null_stg_employees_employee_id.7f6f73d15b
[0m01:46:02.547114 [debug] [Thread-3 (]: Re-using an available connection from the pool (formerly test.employee_analytics.accepted_values_stg_employees_employment_status__ACTIVE__EXITED.696b0099c8, now test.employee_analytics.unique_stg_employees_employee_id.db72478d64)
[0m01:46:02.547608 [debug] [Thread-2 (]: Began compiling node test.employee_analytics.relationships_stg_employee_events_employee_id__employee_id__ref_stg_employees_.d0912f39d6
[0m01:46:02.548166 [debug] [Thread-4 (]: Re-using an available connection from the pool (formerly test.employee_analytics.not_null_stg_employees_department_id.a7701eed35, now model.employee_analytics.agg_department_summary)
[0m01:46:02.554049 [debug] [Thread-5 (]: Writing injected SQL for node "test.employee_analytics.not_null_stg_employees_employee_id.7f6f73d15b"
[0m01:46:02.554689 [debug] [Thread-3 (]: Began compiling node test.employee_analytics.unique_stg_employees_employee_id.db72478d64
[0m01:46:02.565158 [debug] [Thread-2 (]: Writing injected SQL for node "test.employee_analytics.relationships_stg_employee_events_employee_id__employee_id__ref_stg_employees_.d0912f39d6"
[0m01:46:02.565821 [debug] [Thread-4 (]: Began compiling node model.employee_analytics.agg_department_summary
[0m01:46:02.571663 [debug] [Thread-3 (]: Writing injected SQL for node "test.employee_analytics.unique_stg_employees_employee_id.db72478d64"
[0m01:46:02.572277 [debug] [Thread-5 (]: Began executing node test.employee_analytics.not_null_stg_employees_employee_id.7f6f73d15b
[0m01:46:02.576893 [debug] [Thread-4 (]: Writing injected SQL for node "model.employee_analytics.agg_department_summary"
[0m01:46:02.577563 [debug] [Thread-2 (]: Began executing node test.employee_analytics.relationships_stg_employee_events_employee_id__employee_id__ref_stg_employees_.d0912f39d6
[0m01:46:02.578676 [debug] [Thread-5 (]: Finished running node test.employee_analytics.not_null_stg_employees_employee_id.7f6f73d15b
[0m01:46:02.579219 [debug] [Thread-3 (]: Began executing node test.employee_analytics.unique_stg_employees_employee_id.db72478d64
[0m01:46:02.580213 [debug] [Thread-2 (]: Finished running node test.employee_analytics.relationships_stg_employee_events_employee_id__employee_id__ref_stg_employees_.d0912f39d6
[0m01:46:02.580971 [debug] [Thread-4 (]: Began executing node model.employee_analytics.agg_department_summary
[0m01:46:02.581569 [debug] [Thread-5 (]: Began running node test.employee_analytics.assert_exit_date_valid
[0m01:46:02.582479 [debug] [Thread-3 (]: Finished running node test.employee_analytics.unique_stg_employees_employee_id.db72478d64
[0m01:46:02.583127 [debug] [Thread-2 (]: Began running node test.employee_analytics.assert_salary_positive
[0m01:46:02.584004 [debug] [Thread-4 (]: Finished running node model.employee_analytics.agg_department_summary
[0m01:46:02.584711 [debug] [Thread-5 (]: Re-using an available connection from the pool (formerly test.employee_analytics.not_null_stg_employees_employee_id.7f6f73d15b, now test.employee_analytics.assert_exit_date_valid)
[0m01:46:02.585298 [debug] [Thread-3 (]: Began running node test.employee_analytics.not_null_dim_employees_employee_id.ef83a0c291
[0m01:46:02.585946 [debug] [Thread-2 (]: Re-using an available connection from the pool (formerly test.employee_analytics.relationships_stg_employee_events_employee_id__employee_id__ref_stg_employees_.d0912f39d6, now test.employee_analytics.assert_salary_positive)
[0m01:46:02.586555 [debug] [Thread-4 (]: Began running node test.employee_analytics.not_null_dim_employees_salary.1690cd4958
[0m01:46:02.587121 [debug] [Thread-5 (]: Began compiling node test.employee_analytics.assert_exit_date_valid
[0m01:46:02.587720 [debug] [Thread-3 (]: Re-using an available connection from the pool (formerly test.employee_analytics.unique_stg_employees_employee_id.db72478d64, now test.employee_analytics.not_null_dim_employees_employee_id.ef83a0c291)
[0m01:46:02.588279 [debug] [Thread-2 (]: Began compiling node test.employee_analytics.assert_salary_positive
[0m01:46:02.588964 [debug] [Thread-4 (]: Re-using an available connection from the pool (formerly model.employee_analytics.agg_department_summary, now test.employee_analytics.not_null_dim_employees_salary.1690cd4958)
[0m01:46:02.595015 [debug] [Thread-5 (]: Writing injected SQL for node "test.employee_analytics.assert_exit_date_valid"
[0m01:46:02.595605 [debug] [Thread-3 (]: Began compiling node test.employee_analytics.not_null_dim_employees_employee_id.ef83a0c291
[0m01:46:02.599867 [debug] [Thread-2 (]: Writing injected SQL for node "test.employee_analytics.assert_salary_positive"
[0m01:46:02.600533 [debug] [Thread-4 (]: Began compiling node test.employee_analytics.not_null_dim_employees_salary.1690cd4958
[0m01:46:02.606670 [debug] [Thread-3 (]: Writing injected SQL for node "test.employee_analytics.not_null_dim_employees_employee_id.ef83a0c291"
[0m01:46:02.607295 [debug] [Thread-5 (]: Began executing node test.employee_analytics.assert_exit_date_valid
[0m01:46:02.613376 [debug] [Thread-4 (]: Writing injected SQL for node "test.employee_analytics.not_null_dim_employees_salary.1690cd4958"
[0m01:46:02.614008 [debug] [Thread-2 (]: Began executing node test.employee_analytics.assert_salary_positive
[0m01:46:02.615167 [debug] [Thread-5 (]: Finished running node test.employee_analytics.assert_exit_date_valid
[0m01:46:02.615759 [debug] [Thread-3 (]: Began executing node test.employee_analytics.not_null_dim_employees_employee_id.ef83a0c291
[0m01:46:02.616847 [debug] [Thread-2 (]: Finished running node test.employee_analytics.assert_salary_positive
[0m01:46:02.617386 [debug] [Thread-4 (]: Began executing node test.employee_analytics.not_null_dim_employees_salary.1690cd4958
[0m01:46:02.618021 [debug] [Thread-5 (]: Began running node test.employee_analytics.unique_dim_employees_employee_id.79828c8f30
[0m01:46:02.618967 [debug] [Thread-3 (]: Finished running node test.employee_analytics.not_null_dim_employees_employee_id.ef83a0c291
[0m01:46:02.619943 [debug] [Thread-4 (]: Finished running node test.employee_analytics.not_null_dim_employees_salary.1690cd4958
[0m01:46:02.620660 [debug] [Thread-5 (]: Re-using an available connection from the pool (formerly test.employee_analytics.assert_exit_date_valid, now test.employee_analytics.unique_dim_employees_employee_id.79828c8f30)
[0m01:46:02.621507 [debug] [Thread-5 (]: Began compiling node test.employee_analytics.unique_dim_employees_employee_id.79828c8f30
[0m01:46:02.627363 [debug] [Thread-5 (]: Writing injected SQL for node "test.employee_analytics.unique_dim_employees_employee_id.79828c8f30"
[0m01:46:02.628128 [debug] [Thread-5 (]: Began executing node test.employee_analytics.unique_dim_employees_employee_id.79828c8f30
[0m01:46:02.629049 [debug] [Thread-5 (]: Finished running node test.employee_analytics.unique_dim_employees_employee_id.79828c8f30
[0m01:46:02.631547 [debug] [Dummy-1   ]: Connection 'master' was properly closed.
[0m01:46:02.632087 [debug] [Dummy-1   ]: Connection 'test.employee_analytics.assert_salary_positive' was properly closed.
[0m01:46:02.632609 [debug] [Dummy-1   ]: Connection 'test.employee_analytics.not_null_dim_employees_employee_id.ef83a0c291' was properly closed.
[0m01:46:02.633069 [debug] [Dummy-1   ]: Connection 'test.employee_analytics.not_null_dim_employees_salary.1690cd4958' was properly closed.
[0m01:46:02.633510 [debug] [Dummy-1   ]: Connection 'test.employee_analytics.unique_dim_employees_employee_id.79828c8f30' was properly closed.
[0m01:46:02.636254 [debug] [Dummy-1   ]: Command end result
[0m01:46:02.663175 [debug] [Dummy-1   ]: Wrote artifact WritableManifest to /tmp/dbt/target/manifest.json
[0m01:46:02.665276 [debug] [Dummy-1   ]: Wrote artifact SemanticManifest to /tmp/dbt/target/semantic_manifest.json
[0m01:46:02.673188 [debug] [Dummy-1   ]: Wrote artifact RunExecutionResult to /tmp/dbt/target/run_results.json
[0m01:46:02.675129 [debug] [Dummy-1   ]: Resource report: {"command_name": "compile", "command_success": true, "command_wall_clock_time": 2.638168, "process_in_blocks": "0", "process_kernel_time": 0.98, "process_mem_max_rss": "449964", "process_out_blocks": "0", "process_user_time": 4.47}
[0m01:46:02.675804 [debug] [Dummy-1   ]: Command `cli compile` succeeded at 01:46:02.675539 after 2.64 seconds
[0m01:46:02.676334 [debug] [Dummy-1   ]: Flushing usage events


============================== 02:21:38.581718 | 5cb994c4-68b9-4a08-ad69-73f233bd8931 ==============================
[0m02:21:38.581718 [info ] [Dummy-1   ]: Running with dbt=1.9.4
[0m02:21:38.582768 [debug] [Dummy-1   ]: running dbt with arguments {'printer_width': '80', 'indirect_selection': 'eager', 'log_cache_events': 'False', 'write_json': 'True', 'partial_parse': 'True', 'cache_selected_only': 'False', 'warn_error': 'None', 'debug': 'False', 'version_check': 'True', 'log_path': '/tmp/dbt/logs', 'fail_fast': 'False', 'profiles_dir': '/tmp/dbt/', 'use_colors': 'True', 'use_experimental_parser': 'False', 'empty': 'False', 'quiet': 'False', 'no_print': 'None', 'log_format': 'default', 'static_parser': 'True', 'invocation_command': 'dbt ', 'introspect': 'True', 'target_path': '/tmp/dbt/target', 'warn_error_options': 'WarnErrorOptions(include=[], exclude=[])', 'send_anonymous_usage_stats': 'False'}
[0m02:21:38.884416 [info ] [Dummy-1   ]: Registered adapter: snowflake=1.9.2
[0m02:21:39.451564 [debug] [Dummy-1   ]: checksum: ab753f9482add4a846bb27025959f965636943c672cd904bd74aeb8fdb8e7fb1, vars: {}, profile: , target: stage, version: 1.9.4
[0m02:21:39.637796 [info ] [Dummy-1   ]: Unable to do partial parsing because config vars, config profile, or config target have changed
[0m02:21:39.638502 [debug] [Dummy-1   ]: previous checksum: ab753f9482add4a846bb27025959f965636943c672cd904bd74aeb8fdb8e7fb1, current checksum: 53ed91fada2233efb98368d1716b44ab532c83a9c293cf1890b7905d5b45fb25
[0m02:21:39.639018 [info ] [Dummy-1   ]: Unable to do partial parsing because profile has changed
[0m02:21:41.555254 [debug] [Dummy-1   ]: Wrote artifact WritableManifest to /tmp/dbt/target/manifest.json
[0m02:21:41.557812 [debug] [Dummy-1   ]: Wrote artifact SemanticManifest to /tmp/dbt/target/semantic_manifest.json
[0m02:21:41.628342 [info ] [Dummy-1   ]: Found 6 models, 14 data tests, 3 sources, 475 macros
[0m02:21:41.632205 [info ] [Dummy-1   ]: 
[0m02:21:41.632873 [info ] [Dummy-1   ]: Concurrency: 4 threads (target='stage')
[0m02:21:41.633387 [info ] [Dummy-1   ]: 
[0m02:21:41.634264 [debug] [Dummy-1   ]: Acquiring new snowflake connection 'master'
[0m02:21:41.641331 [debug] [ThreadPool]: Acquiring new snowflake connection 'list_EMPLOYEE_ANALYTICS_STAGE'
[0m02:21:41.643345 [debug] [ThreadPool]: Acquiring new snowflake connection 'list_EMPLOYEE_ANALYTICS_STAGE'
[0m02:21:41.738801 [debug] [ThreadPool]: Using snowflake connection "list_EMPLOYEE_ANALYTICS_STAGE"
[0m02:21:41.739693 [debug] [ThreadPool]: Using snowflake connection "list_EMPLOYEE_ANALYTICS_STAGE"
[0m02:21:41.740332 [debug] [ThreadPool]: On list_EMPLOYEE_ANALYTICS_STAGE: /* {"app": "dbt", "dbt_version": "1.9.4", "profile_name": "employee_analytics", "target_name": "stage", "connection_name": "list_EMPLOYEE_ANALYTICS_STAGE"} */
show terse schemas in database EMPLOYEE_ANALYTICS_STAGE
    limit 10000
[0m02:21:41.740962 [debug] [ThreadPool]: On list_EMPLOYEE_ANALYTICS_STAGE: /* {"app": "dbt", "dbt_version": "1.9.4", "profile_name": "employee_analytics", "target_name": "stage", "connection_name": "list_EMPLOYEE_ANALYTICS_STAGE"} */
show terse schemas in database EMPLOYEE_ANALYTICS_STAGE
    limit 10000
[0m02:21:41.741530 [debug] [ThreadPool]: Opening a new connection, currently in state init
[0m02:21:41.742057 [debug] [ThreadPool]: Opening a new connection, currently in state init
[0m02:21:42.585561 [debug] [ThreadPool]: SQL status: SUCCESS 6 in 0.843 seconds
[0m02:21:42.651984 [debug] [ThreadPool]: SQL status: SUCCESS 6 in 0.910 seconds
[0m02:21:42.657150 [debug] [ThreadPool]: Acquiring new snowflake connection 'list_EMPLOYEE_ANALYTICS_STAGE_ANALYTICS'
[0m02:21:42.659020 [debug] [ThreadPool]: Re-using an available connection from the pool (formerly list_EMPLOYEE_ANALYTICS_STAGE, now list_EMPLOYEE_ANALYTICS_STAGE_STAGING)
[0m02:21:42.673826 [debug] [ThreadPool]: Using snowflake connection "list_EMPLOYEE_ANALYTICS_STAGE_ANALYTICS"
[0m02:21:42.678170 [debug] [ThreadPool]: Using snowflake connection "list_EMPLOYEE_ANALYTICS_STAGE_STAGING"
[0m02:21:42.678841 [debug] [ThreadPool]: On list_EMPLOYEE_ANALYTICS_STAGE_ANALYTICS: /* {"app": "dbt", "dbt_version": "1.9.4", "profile_name": "employee_analytics", "target_name": "stage", "connection_name": "list_EMPLOYEE_ANALYTICS_STAGE_ANALYTICS"} */
alter session set quoted_identifiers_ignore_case = false;
[0m02:21:42.679425 [debug] [ThreadPool]: On list_EMPLOYEE_ANALYTICS_STAGE_STAGING: /* {"app": "dbt", "dbt_version": "1.9.4", "profile_name": "employee_analytics", "target_name": "stage", "connection_name": "list_EMPLOYEE_ANALYTICS_STAGE_STAGING"} */
alter session set quoted_identifiers_ignore_case = false;
[0m02:21:42.680073 [debug] [ThreadPool]: Opening a new connection, currently in state init
[0m02:21:42.680631 [debug] [ThreadPool]: Opening a new connection, currently in state init
[0m02:21:43.332566 [debug] [ThreadPool]: SQL status: SUCCESS 1 in 0.652 seconds
[0m02:21:43.337290 [debug] [ThreadPool]: Using snowflake connection "list_EMPLOYEE_ANALYTICS_STAGE_STAGING"
[0m02:21:43.337865 [debug] [ThreadPool]: On list_EMPLOYEE_ANALYTICS_STAGE_STAGING: /* {"app": "dbt", "dbt_version": "1.9.4", "profile_name": "employee_analytics", "target_name": "stage", "connection_name": "list_EMPLOYEE_ANALYTICS_STAGE_STAGING"} */
show objects in EMPLOYEE_ANALYTICS_STAGE.STAGING
    limit 10000
    
;
[0m02:21:43.374053 [debug] [ThreadPool]: SQL status: SUCCESS 1 in 0.694 seconds
[0m02:21:43.376227 [debug] [ThreadPool]: Using snowflake connection "list_EMPLOYEE_ANALYTICS_STAGE_ANALYTICS"
[0m02:21:43.376781 [debug] [ThreadPool]: On list_EMPLOYEE_ANALYTICS_STAGE_ANALYTICS: /* {"app": "dbt", "dbt_version": "1.9.4", "profile_name": "employee_analytics", "target_name": "stage", "connection_name": "list_EMPLOYEE_ANALYTICS_STAGE_ANALYTICS"} */
show objects in EMPLOYEE_ANALYTICS_STAGE.ANALYTICS
    limit 10000
    
;
[0m02:21:43.455759 [debug] [ThreadPool]: SQL status: SUCCESS 0 in 0.117 seconds
[0m02:21:43.457662 [debug] [ThreadPool]: Using snowflake connection "list_EMPLOYEE_ANALYTICS_STAGE_STAGING"
[0m02:21:43.458166 [debug] [ThreadPool]: On list_EMPLOYEE_ANALYTICS_STAGE_STAGING: /* {"app": "dbt", "dbt_version": "1.9.4", "profile_name": "employee_analytics", "target_name": "stage", "connection_name": "list_EMPLOYEE_ANALYTICS_STAGE_STAGING"} */
alter session unset quoted_identifiers_ignore_case;
[0m02:21:43.501730 [debug] [ThreadPool]: SQL status: SUCCESS 0 in 0.124 seconds
[0m02:21:43.503805 [debug] [ThreadPool]: Using snowflake connection "list_EMPLOYEE_ANALYTICS_STAGE_ANALYTICS"
[0m02:21:43.504352 [debug] [ThreadPool]: On list_EMPLOYEE_ANALYTICS_STAGE_ANALYTICS: /* {"app": "dbt", "dbt_version": "1.9.4", "profile_name": "employee_analytics", "target_name": "stage", "connection_name": "list_EMPLOYEE_ANALYTICS_STAGE_ANALYTICS"} */
alter session unset quoted_identifiers_ignore_case;
[0m02:21:43.585452 [debug] [ThreadPool]: SQL status: SUCCESS 1 in 0.127 seconds
[0m02:21:43.598317 [debug] [ThreadPool]: SQL status: SUCCESS 1 in 0.093 seconds
[0m02:21:43.611795 [debug] [Thread-2 (]: Began running node model.employee_analytics.stg_departments
[0m02:21:43.612517 [debug] [Thread-3 (]: Began running node model.employee_analytics.stg_employee_events
[0m02:21:43.613130 [debug] [Thread-4 (]: Began running node model.employee_analytics.stg_employees
[0m02:21:43.613929 [info ] [Thread-2 (]: 1 of 20 START sql view model STAGING.stg_departments ........................... [RUN]
[0m02:21:43.614698 [info ] [Thread-3 (]: 2 of 20 START sql view model STAGING.stg_employee_events ....................... [RUN]
[0m02:21:43.615409 [info ] [Thread-4 (]: 3 of 20 START sql view model STAGING.stg_employees ............................. [RUN]
[0m02:21:43.616249 [debug] [Thread-2 (]: Re-using an available connection from the pool (formerly list_EMPLOYEE_ANALYTICS_STAGE_ANALYTICS, now model.employee_analytics.stg_departments)
[0m02:21:43.616884 [debug] [Thread-3 (]: Re-using an available connection from the pool (formerly list_EMPLOYEE_ANALYTICS_STAGE_STAGING, now model.employee_analytics.stg_employee_events)
[0m02:21:43.617486 [debug] [Thread-4 (]: Re-using an available connection from the pool (formerly list_EMPLOYEE_ANALYTICS_STAGE, now model.employee_analytics.stg_employees)
[0m02:21:43.618020 [debug] [Thread-2 (]: Began compiling node model.employee_analytics.stg_departments
[0m02:21:43.618534 [debug] [Thread-3 (]: Began compiling node model.employee_analytics.stg_employee_events
[0m02:21:43.619026 [debug] [Thread-4 (]: Began compiling node model.employee_analytics.stg_employees
[0m02:21:43.628380 [debug] [Thread-2 (]: Writing injected SQL for node "model.employee_analytics.stg_departments"
[0m02:21:43.635003 [debug] [Thread-3 (]: Writing injected SQL for node "model.employee_analytics.stg_employee_events"
[0m02:21:43.639703 [debug] [Thread-4 (]: Writing injected SQL for node "model.employee_analytics.stg_employees"
[0m02:21:43.640837 [debug] [Thread-2 (]: Began executing node model.employee_analytics.stg_departments
[0m02:21:43.641685 [debug] [Thread-3 (]: Began executing node model.employee_analytics.stg_employee_events
[0m02:21:43.665044 [debug] [Thread-4 (]: Began executing node model.employee_analytics.stg_employees
[0m02:21:43.694807 [debug] [Thread-2 (]: Writing runtime sql for node "model.employee_analytics.stg_departments"
[0m02:21:43.704180 [debug] [Thread-3 (]: Writing runtime sql for node "model.employee_analytics.stg_employee_events"
[0m02:21:43.710132 [debug] [Thread-4 (]: Writing runtime sql for node "model.employee_analytics.stg_employees"
[0m02:21:43.711841 [debug] [Thread-2 (]: Using snowflake connection "model.employee_analytics.stg_departments"
[0m02:21:43.713105 [debug] [Thread-3 (]: Using snowflake connection "model.employee_analytics.stg_employee_events"
[0m02:21:43.713748 [debug] [Thread-2 (]: On model.employee_analytics.stg_departments: /* {"app": "dbt", "dbt_version": "1.9.4", "profile_name": "employee_analytics", "target_name": "stage", "node_id": "model.employee_analytics.stg_departments"} */
create or replace   view EMPLOYEE_ANALYTICS_STAGE.STAGING.stg_departments
  
   as (
    select department_id,trim(department_name) department_name,trim(department_head) department_head,trim(cost_center) cost_center from EMPLOYEE_ANALYTICS_STAGE.RAW.DEPARTMENTS
  );
[0m02:21:43.714715 [debug] [Thread-4 (]: Using snowflake connection "model.employee_analytics.stg_employees"
[0m02:21:43.715266 [debug] [Thread-3 (]: On model.employee_analytics.stg_employee_events: /* {"app": "dbt", "dbt_version": "1.9.4", "profile_name": "employee_analytics", "target_name": "stage", "node_id": "model.employee_analytics.stg_employee_events"} */
create or replace   view EMPLOYEE_ANALYTICS_STAGE.STAGING.stg_employee_events
  
   as (
    select event_id,employee_id,upper(trim(event_type)) event_type,event_date,old_value,new_value from EMPLOYEE_ANALYTICS_STAGE.RAW.EMPLOYEE_EVENTS
  );
[0m02:21:43.715904 [debug] [Thread-2 (]: Opening a new connection, currently in state init
[0m02:21:43.716476 [debug] [Thread-4 (]: On model.employee_analytics.stg_employees: /* {"app": "dbt", "dbt_version": "1.9.4", "profile_name": "employee_analytics", "target_name": "stage", "node_id": "model.employee_analytics.stg_employees"} */
create or replace   view EMPLOYEE_ANALYTICS_STAGE.STAGING.stg_employees
  
   as (
    select employee_id,trim(employee_name) employee_name,lower(trim(email)) email,department_id,trim(job_title) job_title,join_date,exit_date,upper(trim(employment_status)) employment_status,salary,updated_at from EMPLOYEE_ANALYTICS_STAGE.RAW.EMPLOYEES
  );
[0m02:21:43.717046 [debug] [Thread-3 (]: Opening a new connection, currently in state init
[0m02:21:43.717747 [debug] [Thread-4 (]: Opening a new connection, currently in state init
[0m02:21:44.536268 [debug] [Thread-2 (]: SQL status: SUCCESS 1 in 0.820 seconds
[0m02:21:44.543531 [debug] [Thread-3 (]: SQL status: SUCCESS 1 in 0.826 seconds
[0m02:21:44.564412 [info ] [Thread-2 (]: 1 of 20 OK created sql view model STAGING.stg_departments ...................... [[32mSUCCESS 1[0m in 0.94s]
[0m02:21:44.565298 [info ] [Thread-3 (]: 2 of 20 OK created sql view model STAGING.stg_employee_events .................. [[32mSUCCESS 1[0m in 0.95s]
[0m02:21:44.566075 [debug] [Thread-2 (]: Finished running node model.employee_analytics.stg_departments
[0m02:21:44.566764 [debug] [Thread-3 (]: Finished running node model.employee_analytics.stg_employee_events
[0m02:21:44.568060 [debug] [Thread-5 (]: Began running node test.employee_analytics.not_null_stg_departments_department_id.ce7f6f5cf8
[0m02:21:44.568636 [debug] [Thread-2 (]: Began running node test.employee_analytics.unique_stg_departments_department_id.8e1b8b707b
[0m02:21:44.569511 [debug] [Thread-3 (]: Began running node test.employee_analytics.not_null_stg_employee_events_event_id.ec250bcb52
[0m02:21:44.570057 [info ] [Thread-5 (]: 4 of 20 START test not_null_stg_departments_department_id ...................... [RUN]
[0m02:21:44.570678 [info ] [Thread-2 (]: 5 of 20 START test unique_stg_departments_department_id ........................ [RUN]
[0m02:21:44.571282 [info ] [Thread-3 (]: 6 of 20 START test not_null_stg_employee_events_event_id ....................... [RUN]
[0m02:21:44.572139 [debug] [Thread-5 (]: Acquiring new snowflake connection 'test.employee_analytics.not_null_stg_departments_department_id.ce7f6f5cf8'
[0m02:21:44.572801 [debug] [Thread-2 (]: Re-using an available connection from the pool (formerly model.employee_analytics.stg_departments, now test.employee_analytics.unique_stg_departments_department_id.8e1b8b707b)
[0m02:21:44.573376 [debug] [Thread-3 (]: Re-using an available connection from the pool (formerly model.employee_analytics.stg_employee_events, now test.employee_analytics.not_null_stg_employee_events_event_id.ec250bcb52)
[0m02:21:44.573937 [debug] [Thread-5 (]: Began compiling node test.employee_analytics.not_null_stg_departments_department_id.ce7f6f5cf8
[0m02:21:44.574448 [debug] [Thread-2 (]: Began compiling node test.employee_analytics.unique_stg_departments_department_id.8e1b8b707b
[0m02:21:44.574972 [debug] [Thread-3 (]: Began compiling node test.employee_analytics.not_null_stg_employee_events_event_id.ec250bcb52
[0m02:21:44.586654 [debug] [Thread-5 (]: Writing injected SQL for node "test.employee_analytics.not_null_stg_departments_department_id.ce7f6f5cf8"
[0m02:21:44.594949 [debug] [Thread-2 (]: Writing injected SQL for node "test.employee_analytics.unique_stg_departments_department_id.8e1b8b707b"
[0m02:21:44.601198 [debug] [Thread-3 (]: Writing injected SQL for node "test.employee_analytics.not_null_stg_employee_events_event_id.ec250bcb52"
[0m02:21:44.602119 [debug] [Thread-4 (]: SQL status: SUCCESS 1 in 0.884 seconds
[0m02:21:44.603213 [debug] [Thread-5 (]: Began executing node test.employee_analytics.not_null_stg_departments_department_id.ce7f6f5cf8
[0m02:21:44.604095 [debug] [Thread-2 (]: Began executing node test.employee_analytics.unique_stg_departments_department_id.8e1b8b707b
[0m02:21:44.606916 [info ] [Thread-4 (]: 3 of 20 OK created sql view model STAGING.stg_employees ........................ [[32mSUCCESS 1[0m in 0.99s]
[0m02:21:44.607667 [debug] [Thread-3 (]: Began executing node test.employee_analytics.not_null_stg_employee_events_event_id.ec250bcb52
[0m02:21:44.628952 [debug] [Thread-5 (]: Writing runtime sql for node "test.employee_analytics.not_null_stg_departments_department_id.ce7f6f5cf8"
[0m02:21:44.633024 [debug] [Thread-2 (]: Writing runtime sql for node "test.employee_analytics.unique_stg_departments_department_id.8e1b8b707b"
[0m02:21:44.633842 [debug] [Thread-4 (]: Finished running node model.employee_analytics.stg_employees
[0m02:21:44.637757 [debug] [Thread-3 (]: Writing runtime sql for node "test.employee_analytics.not_null_stg_employee_events_event_id.ec250bcb52"
[0m02:21:44.639427 [debug] [Thread-5 (]: Using snowflake connection "test.employee_analytics.not_null_stg_departments_department_id.ce7f6f5cf8"
[0m02:21:44.640218 [debug] [Thread-4 (]: Began running node test.employee_analytics.unique_stg_employee_events_event_id.d61930ab8c
[0m02:21:44.641621 [debug] [Thread-2 (]: Using snowflake connection "test.employee_analytics.unique_stg_departments_department_id.8e1b8b707b"
[0m02:21:44.642512 [debug] [Thread-5 (]: On test.employee_analytics.not_null_stg_departments_department_id.ce7f6f5cf8: /* {"app": "dbt", "dbt_version": "1.9.4", "profile_name": "employee_analytics", "target_name": "stage", "node_id": "test.employee_analytics.not_null_stg_departments_department_id.ce7f6f5cf8"} */
select
      count(*) as failures,
      count(*) != 0 as should_warn,
      count(*) != 0 as should_error
    from (
      
    
    



select department_id
from EMPLOYEE_ANALYTICS_STAGE.STAGING.stg_departments
where department_id is null



      
    ) dbt_internal_test
[0m02:21:44.643563 [debug] [Thread-3 (]: Using snowflake connection "test.employee_analytics.not_null_stg_employee_events_event_id.ec250bcb52"
[0m02:21:44.644223 [info ] [Thread-4 (]: 7 of 20 START test unique_stg_employee_events_event_id ......................... [RUN]
[0m02:21:44.644888 [debug] [Thread-2 (]: On test.employee_analytics.unique_stg_departments_department_id.8e1b8b707b: /* {"app": "dbt", "dbt_version": "1.9.4", "profile_name": "employee_analytics", "target_name": "stage", "node_id": "test.employee_analytics.unique_stg_departments_department_id.8e1b8b707b"} */
select
      count(*) as failures,
      count(*) != 0 as should_warn,
      count(*) != 0 as should_error
    from (
      
    
    

select
    department_id as unique_field,
    count(*) as n_records

from EMPLOYEE_ANALYTICS_STAGE.STAGING.stg_departments
where department_id is not null
group by department_id
having count(*) > 1



      
    ) dbt_internal_test
[0m02:21:44.645485 [debug] [Thread-5 (]: Opening a new connection, currently in state init
[0m02:21:44.646078 [debug] [Thread-3 (]: On test.employee_analytics.not_null_stg_employee_events_event_id.ec250bcb52: /* {"app": "dbt", "dbt_version": "1.9.4", "profile_name": "employee_analytics", "target_name": "stage", "node_id": "test.employee_analytics.not_null_stg_employee_events_event_id.ec250bcb52"} */
select
      count(*) as failures,
      count(*) != 0 as should_warn,
      count(*) != 0 as should_error
    from (
      
    
    



select event_id
from EMPLOYEE_ANALYTICS_STAGE.STAGING.stg_employee_events
where event_id is null



      
    ) dbt_internal_test
[0m02:21:44.646769 [debug] [Thread-4 (]: Re-using an available connection from the pool (formerly model.employee_analytics.stg_employees, now test.employee_analytics.unique_stg_employee_events_event_id.d61930ab8c)
[0m02:21:44.647319 [debug] [Thread-2 (]: Opening a new connection, currently in state init
[0m02:21:44.648119 [debug] [Thread-3 (]: Opening a new connection, currently in state init
[0m02:21:44.648702 [debug] [Thread-4 (]: Began compiling node test.employee_analytics.unique_stg_employee_events_event_id.d61930ab8c
[0m02:21:44.654983 [debug] [Thread-4 (]: Writing injected SQL for node "test.employee_analytics.unique_stg_employee_events_event_id.d61930ab8c"
[0m02:21:44.655888 [debug] [Thread-4 (]: Began executing node test.employee_analytics.unique_stg_employee_events_event_id.d61930ab8c
[0m02:21:44.661360 [debug] [Thread-4 (]: Writing runtime sql for node "test.employee_analytics.unique_stg_employee_events_event_id.d61930ab8c"
[0m02:21:44.662620 [debug] [Thread-4 (]: Using snowflake connection "test.employee_analytics.unique_stg_employee_events_event_id.d61930ab8c"
[0m02:21:44.663188 [debug] [Thread-4 (]: On test.employee_analytics.unique_stg_employee_events_event_id.d61930ab8c: /* {"app": "dbt", "dbt_version": "1.9.4", "profile_name": "employee_analytics", "target_name": "stage", "node_id": "test.employee_analytics.unique_stg_employee_events_event_id.d61930ab8c"} */
select
      count(*) as failures,
      count(*) != 0 as should_warn,
      count(*) != 0 as should_error
    from (
      
    
    

select
    event_id as unique_field,
    count(*) as n_records

from EMPLOYEE_ANALYTICS_STAGE.STAGING.stg_employee_events
where event_id is not null
group by event_id
having count(*) > 1



      
    ) dbt_internal_test
[0m02:21:44.663799 [debug] [Thread-4 (]: Opening a new connection, currently in state init
[0m02:21:45.345547 [debug] [Thread-3 (]: SQL status: SUCCESS 1 in 0.697 seconds
[0m02:21:45.349951 [info ] [Thread-3 (]: 6 of 20 PASS not_null_stg_employee_events_event_id ............................. [[32mPASS[0m in 0.78s]
[0m02:21:45.350812 [debug] [Thread-3 (]: Finished running node test.employee_analytics.not_null_stg_employee_events_event_id.ec250bcb52
[0m02:21:45.351648 [debug] [Thread-3 (]: Began running node test.employee_analytics.accepted_values_stg_employees_employment_status__ACTIVE__EXITED.696b0099c8
[0m02:21:45.352622 [debug] [Thread-5 (]: SQL status: SUCCESS 1 in 0.707 seconds
[0m02:21:45.353239 [info ] [Thread-3 (]: 8 of 20 START test accepted_values_stg_employees_employment_status__ACTIVE__EXITED  [RUN]
[0m02:21:45.355564 [info ] [Thread-5 (]: 4 of 20 PASS not_null_stg_departments_department_id ............................ [[32mPASS[0m in 0.78s]
[0m02:21:45.356314 [debug] [Thread-3 (]: Re-using an available connection from the pool (formerly test.employee_analytics.not_null_stg_employee_events_event_id.ec250bcb52, now test.employee_analytics.accepted_values_stg_employees_employment_status__ACTIVE__EXITED.696b0099c8)
[0m02:21:45.357039 [debug] [Thread-5 (]: Finished running node test.employee_analytics.not_null_stg_departments_department_id.ce7f6f5cf8
[0m02:21:45.357578 [debug] [Thread-3 (]: Began compiling node test.employee_analytics.accepted_values_stg_employees_employment_status__ACTIVE__EXITED.696b0099c8
[0m02:21:45.358233 [debug] [Thread-5 (]: Began running node test.employee_analytics.not_null_stg_employees_department_id.a7701eed35
[0m02:21:45.364629 [debug] [Thread-3 (]: Writing injected SQL for node "test.employee_analytics.accepted_values_stg_employees_employment_status__ACTIVE__EXITED.696b0099c8"
[0m02:21:45.365282 [info ] [Thread-5 (]: 9 of 20 START test not_null_stg_employees_department_id ........................ [RUN]
[0m02:21:45.366207 [debug] [Thread-5 (]: Re-using an available connection from the pool (formerly test.employee_analytics.not_null_stg_departments_department_id.ce7f6f5cf8, now test.employee_analytics.not_null_stg_employees_department_id.a7701eed35)
[0m02:21:45.366690 [debug] [Thread-3 (]: Began executing node test.employee_analytics.accepted_values_stg_employees_employment_status__ACTIVE__EXITED.696b0099c8
[0m02:21:45.367240 [debug] [Thread-5 (]: Began compiling node test.employee_analytics.not_null_stg_employees_department_id.a7701eed35
[0m02:21:45.371454 [debug] [Thread-3 (]: Writing runtime sql for node "test.employee_analytics.accepted_values_stg_employees_employment_status__ACTIVE__EXITED.696b0099c8"
[0m02:21:45.377599 [debug] [Thread-5 (]: Writing injected SQL for node "test.employee_analytics.not_null_stg_employees_department_id.a7701eed35"
[0m02:21:45.379444 [debug] [Thread-3 (]: Using snowflake connection "test.employee_analytics.accepted_values_stg_employees_employment_status__ACTIVE__EXITED.696b0099c8"
[0m02:21:45.380252 [debug] [Thread-5 (]: Began executing node test.employee_analytics.not_null_stg_employees_department_id.a7701eed35
[0m02:21:45.380861 [debug] [Thread-3 (]: On test.employee_analytics.accepted_values_stg_employees_employment_status__ACTIVE__EXITED.696b0099c8: /* {"app": "dbt", "dbt_version": "1.9.4", "profile_name": "employee_analytics", "target_name": "stage", "node_id": "test.employee_analytics.accepted_values_stg_employees_employment_status__ACTIVE__EXITED.696b0099c8"} */
select
      count(*) as failures,
      count(*) != 0 as should_warn,
      count(*) != 0 as should_error
    from (
      
    
    

with all_values as (

    select
        employment_status as value_field,
        count(*) as n_records

    from EMPLOYEE_ANALYTICS_STAGE.STAGING.stg_employees
    group by employment_status

)

select *
from all_values
where value_field not in (
    'ACTIVE','EXITED'
)



      
    ) dbt_internal_test
[0m02:21:45.386708 [debug] [Thread-5 (]: Writing runtime sql for node "test.employee_analytics.not_null_stg_employees_department_id.a7701eed35"
[0m02:21:45.387322 [debug] [Thread-3 (]: Opening a new connection, currently in state init
[0m02:21:45.388853 [debug] [Thread-5 (]: Using snowflake connection "test.employee_analytics.not_null_stg_employees_department_id.a7701eed35"
[0m02:21:45.389423 [debug] [Thread-5 (]: On test.employee_analytics.not_null_stg_employees_department_id.a7701eed35: /* {"app": "dbt", "dbt_version": "1.9.4", "profile_name": "employee_analytics", "target_name": "stage", "node_id": "test.employee_analytics.not_null_stg_employees_department_id.a7701eed35"} */
select
      count(*) as failures,
      count(*) != 0 as should_warn,
      count(*) != 0 as should_error
    from (
      
    
    



select department_id
from EMPLOYEE_ANALYTICS_STAGE.STAGING.stg_employees
where department_id is null



      
    ) dbt_internal_test
[0m02:21:45.389944 [debug] [Thread-5 (]: Opening a new connection, currently in state init
[0m02:21:45.402726 [debug] [Thread-2 (]: SQL status: SUCCESS 1 in 0.755 seconds
[0m02:21:45.405361 [info ] [Thread-2 (]: 5 of 20 PASS unique_stg_departments_department_id .............................. [[32mPASS[0m in 0.83s]
[0m02:21:45.406228 [debug] [Thread-4 (]: SQL status: SUCCESS 1 in 0.742 seconds
[0m02:21:45.406995 [debug] [Thread-2 (]: Finished running node test.employee_analytics.unique_stg_departments_department_id.8e1b8b707b
[0m02:21:45.409280 [info ] [Thread-4 (]: 7 of 20 PASS unique_stg_employee_events_event_id ............................... [[32mPASS[0m in 0.76s]
[0m02:21:45.410004 [debug] [Thread-2 (]: Began running node test.employee_analytics.not_null_stg_employees_employee_id.7f6f73d15b
[0m02:21:45.410823 [debug] [Thread-4 (]: Finished running node test.employee_analytics.unique_stg_employee_events_event_id.d61930ab8c
[0m02:21:45.411410 [info ] [Thread-2 (]: 10 of 20 START test not_null_stg_employees_employee_id ......................... [RUN]
[0m02:21:45.412141 [debug] [Thread-4 (]: Began running node test.employee_analytics.relationships_stg_employee_events_employee_id__employee_id__ref_stg_employees_.d0912f39d6
[0m02:21:45.413085 [debug] [Thread-2 (]: Re-using an available connection from the pool (formerly test.employee_analytics.unique_stg_departments_department_id.8e1b8b707b, now test.employee_analytics.not_null_stg_employees_employee_id.7f6f73d15b)
[0m02:21:45.413709 [info ] [Thread-4 (]: 11 of 20 START test relationships_stg_employee_events_employee_id__employee_id__ref_stg_employees_  [RUN]
[0m02:21:45.414269 [debug] [Thread-2 (]: Began compiling node test.employee_analytics.not_null_stg_employees_employee_id.7f6f73d15b
[0m02:21:45.414872 [debug] [Thread-4 (]: Re-using an available connection from the pool (formerly test.employee_analytics.unique_stg_employee_events_event_id.d61930ab8c, now test.employee_analytics.relationships_stg_employee_events_employee_id__employee_id__ref_stg_employees_.d0912f39d6)
[0m02:21:45.421214 [debug] [Thread-2 (]: Writing injected SQL for node "test.employee_analytics.not_null_stg_employees_employee_id.7f6f73d15b"
[0m02:21:45.421833 [debug] [Thread-4 (]: Began compiling node test.employee_analytics.relationships_stg_employee_events_employee_id__employee_id__ref_stg_employees_.d0912f39d6
[0m02:21:45.428603 [debug] [Thread-2 (]: Began executing node test.employee_analytics.not_null_stg_employees_employee_id.7f6f73d15b
[0m02:21:45.430168 [debug] [Thread-4 (]: Writing injected SQL for node "test.employee_analytics.relationships_stg_employee_events_employee_id__employee_id__ref_stg_employees_.d0912f39d6"
[0m02:21:45.434233 [debug] [Thread-2 (]: Writing runtime sql for node "test.employee_analytics.not_null_stg_employees_employee_id.7f6f73d15b"
[0m02:21:45.435393 [debug] [Thread-4 (]: Began executing node test.employee_analytics.relationships_stg_employee_events_employee_id__employee_id__ref_stg_employees_.d0912f39d6
[0m02:21:45.436488 [debug] [Thread-2 (]: Using snowflake connection "test.employee_analytics.not_null_stg_employees_employee_id.7f6f73d15b"
[0m02:21:45.440714 [debug] [Thread-4 (]: Writing runtime sql for node "test.employee_analytics.relationships_stg_employee_events_employee_id__employee_id__ref_stg_employees_.d0912f39d6"
[0m02:21:45.441368 [debug] [Thread-2 (]: On test.employee_analytics.not_null_stg_employees_employee_id.7f6f73d15b: /* {"app": "dbt", "dbt_version": "1.9.4", "profile_name": "employee_analytics", "target_name": "stage", "node_id": "test.employee_analytics.not_null_stg_employees_employee_id.7f6f73d15b"} */
select
      count(*) as failures,
      count(*) != 0 as should_warn,
      count(*) != 0 as should_error
    from (
      
    
    



select employee_id
from EMPLOYEE_ANALYTICS_STAGE.STAGING.stg_employees
where employee_id is null



      
    ) dbt_internal_test
[0m02:21:45.442312 [debug] [Thread-2 (]: Opening a new connection, currently in state init
[0m02:21:45.443597 [debug] [Thread-4 (]: Using snowflake connection "test.employee_analytics.relationships_stg_employee_events_employee_id__employee_id__ref_stg_employees_.d0912f39d6"
[0m02:21:45.444293 [debug] [Thread-4 (]: On test.employee_analytics.relationships_stg_employee_events_employee_id__employee_id__ref_stg_employees_.d0912f39d6: /* {"app": "dbt", "dbt_version": "1.9.4", "profile_name": "employee_analytics", "target_name": "stage", "node_id": "test.employee_analytics.relationships_stg_employee_events_employee_id__employee_id__ref_stg_employees_.d0912f39d6"} */
select
      count(*) as failures,
      count(*) != 0 as should_warn,
      count(*) != 0 as should_error
    from (
      
    
    

with child as (
    select employee_id as from_field
    from EMPLOYEE_ANALYTICS_STAGE.STAGING.stg_employee_events
    where employee_id is not null
),

parent as (
    select employee_id as to_field
    from EMPLOYEE_ANALYTICS_STAGE.STAGING.stg_employees
)

select
    from_field

from child
left join parent
    on child.from_field = parent.to_field

where parent.to_field is null



      
    ) dbt_internal_test
[0m02:21:45.444873 [debug] [Thread-4 (]: Opening a new connection, currently in state init
[0m02:21:46.083194 [debug] [Thread-5 (]: SQL status: SUCCESS 1 in 0.693 seconds
[0m02:21:46.085981 [info ] [Thread-5 (]: 9 of 20 PASS not_null_stg_employees_department_id .............................. [[32mPASS[0m in 0.72s]
[0m02:21:46.086846 [debug] [Thread-5 (]: Finished running node test.employee_analytics.not_null_stg_employees_department_id.a7701eed35
[0m02:21:46.087556 [debug] [Thread-5 (]: Began running node test.employee_analytics.unique_stg_employees_employee_id.db72478d64
[0m02:21:46.088490 [debug] [Thread-2 (]: SQL status: SUCCESS 1 in 0.646 seconds
[0m02:21:46.089108 [info ] [Thread-5 (]: 12 of 20 START test unique_stg_employees_employee_id ........................... [RUN]
[0m02:21:46.091570 [info ] [Thread-2 (]: 10 of 20 PASS not_null_stg_employees_employee_id ............................... [[32mPASS[0m in 0.68s]
[0m02:21:46.092413 [debug] [Thread-5 (]: Re-using an available connection from the pool (formerly test.employee_analytics.not_null_stg_employees_department_id.a7701eed35, now test.employee_analytics.unique_stg_employees_employee_id.db72478d64)
[0m02:21:46.093205 [debug] [Thread-2 (]: Finished running node test.employee_analytics.not_null_stg_employees_employee_id.7f6f73d15b
[0m02:21:46.093787 [debug] [Thread-5 (]: Began compiling node test.employee_analytics.unique_stg_employees_employee_id.db72478d64
[0m02:21:46.094523 [debug] [Thread-2 (]: Began running node model.employee_analytics.agg_employee_movement
[0m02:21:46.101446 [debug] [Thread-5 (]: Writing injected SQL for node "test.employee_analytics.unique_stg_employees_employee_id.db72478d64"
[0m02:21:46.102399 [info ] [Thread-2 (]: 13 of 20 START sql table model ANALYTICS.agg_employee_movement ................. [RUN]
[0m02:21:46.103425 [debug] [Thread-2 (]: Re-using an available connection from the pool (formerly test.employee_analytics.not_null_stg_employees_employee_id.7f6f73d15b, now model.employee_analytics.agg_employee_movement)
[0m02:21:46.104332 [debug] [Thread-2 (]: Began compiling node model.employee_analytics.agg_employee_movement
[0m02:21:46.104926 [debug] [Thread-5 (]: Began executing node test.employee_analytics.unique_stg_employees_employee_id.db72478d64
[0m02:21:46.109709 [debug] [Thread-2 (]: Writing injected SQL for node "model.employee_analytics.agg_employee_movement"
[0m02:21:46.114602 [debug] [Thread-5 (]: Writing runtime sql for node "test.employee_analytics.unique_stg_employees_employee_id.db72478d64"
[0m02:21:46.115667 [debug] [Thread-3 (]: SQL status: SUCCESS 1 in 0.728 seconds
[0m02:21:46.117182 [debug] [Thread-2 (]: Began executing node model.employee_analytics.agg_employee_movement
[0m02:21:46.119713 [info ] [Thread-3 (]: 8 of 20 PASS accepted_values_stg_employees_employment_status__ACTIVE__EXITED ... [[32mPASS[0m in 0.76s]
[0m02:21:46.120974 [debug] [Thread-5 (]: Using snowflake connection "test.employee_analytics.unique_stg_employees_employee_id.db72478d64"
[0m02:21:46.149237 [debug] [Thread-4 (]: SQL status: SUCCESS 1 in 0.704 seconds
[0m02:21:46.149700 [debug] [Thread-2 (]: Writing runtime sql for node "model.employee_analytics.agg_employee_movement"
[0m02:21:46.150459 [debug] [Thread-3 (]: Finished running node test.employee_analytics.accepted_values_stg_employees_employment_status__ACTIVE__EXITED.696b0099c8
[0m02:21:46.151130 [debug] [Thread-5 (]: On test.employee_analytics.unique_stg_employees_employee_id.db72478d64: /* {"app": "dbt", "dbt_version": "1.9.4", "profile_name": "employee_analytics", "target_name": "stage", "node_id": "test.employee_analytics.unique_stg_employees_employee_id.db72478d64"} */
select
      count(*) as failures,
      count(*) != 0 as should_warn,
      count(*) != 0 as should_error
    from (
      
    
    

select
    employee_id as unique_field,
    count(*) as n_records

from EMPLOYEE_ANALYTICS_STAGE.STAGING.stg_employees
where employee_id is not null
group by employee_id
having count(*) > 1



      
    ) dbt_internal_test
[0m02:21:46.153621 [info ] [Thread-4 (]: 11 of 20 PASS relationships_stg_employee_events_employee_id__employee_id__ref_stg_employees_  [[32mPASS[0m in 0.74s]
[0m02:21:46.154863 [debug] [Thread-5 (]: Opening a new connection, currently in state init
[0m02:21:46.156271 [debug] [Thread-2 (]: Using snowflake connection "model.employee_analytics.agg_employee_movement"
[0m02:21:46.157150 [debug] [Thread-4 (]: Finished running node test.employee_analytics.relationships_stg_employee_events_employee_id__employee_id__ref_stg_employees_.d0912f39d6
[0m02:21:46.158059 [debug] [Thread-2 (]: On model.employee_analytics.agg_employee_movement: /* {"app": "dbt", "dbt_version": "1.9.4", "profile_name": "employee_analytics", "target_name": "stage", "node_id": "model.employee_analytics.agg_employee_movement"} */
create or replace transient table EMPLOYEE_ANALYTICS_STAGE.ANALYTICS.agg_employee_movement
         as
        (select date_trunc('month',event_date)::date month,count_if(event_type='JOINED') joiners,count_if(event_type='EXITED') exits,count_if(event_type='TRANSFERRED') transfers,count_if(event_type='PROMOTED') promotions,count_if(event_type='SALARY_CHANGE') salary_changes from EMPLOYEE_ANALYTICS_STAGE.STAGING.stg_employee_events group by 1
        );
[0m02:21:46.158905 [debug] [Thread-2 (]: Opening a new connection, currently in state init
[0m02:21:46.744499 [debug] [Thread-5 (]: SQL status: SUCCESS 1 in 0.589 seconds
[0m02:21:46.746918 [info ] [Thread-5 (]: 12 of 20 PASS unique_stg_employees_employee_id ................................. [[32mPASS[0m in 0.65s]
[0m02:21:46.747796 [debug] [Thread-5 (]: Finished running node test.employee_analytics.unique_stg_employees_employee_id.db72478d64
[0m02:21:46.748746 [debug] [Thread-3 (]: Began running node model.employee_analytics.dim_employees
[0m02:21:46.749547 [info ] [Thread-3 (]: 14 of 20 START sql table model ANALYTICS.dim_employees ......................... [RUN]
[0m02:21:46.750240 [debug] [Thread-3 (]: Re-using an available connection from the pool (formerly test.employee_analytics.accepted_values_stg_employees_employment_status__ACTIVE__EXITED.696b0099c8, now model.employee_analytics.dim_employees)
[0m02:21:46.750767 [debug] [Thread-3 (]: Began compiling node model.employee_analytics.dim_employees
[0m02:21:46.757768 [debug] [Thread-3 (]: Writing injected SQL for node "model.employee_analytics.dim_employees"
[0m02:21:46.758594 [debug] [Thread-3 (]: Began executing node model.employee_analytics.dim_employees
[0m02:21:46.762786 [debug] [Thread-3 (]: Writing runtime sql for node "model.employee_analytics.dim_employees"
[0m02:21:46.764284 [debug] [Thread-3 (]: Using snowflake connection "model.employee_analytics.dim_employees"
[0m02:21:46.764867 [debug] [Thread-3 (]: On model.employee_analytics.dim_employees: /* {"app": "dbt", "dbt_version": "1.9.4", "profile_name": "employee_analytics", "target_name": "stage", "node_id": "model.employee_analytics.dim_employees"} */
create or replace transient table EMPLOYEE_ANALYTICS_STAGE.ANALYTICS.dim_employees
         as
        (select e.employee_id,e.employee_name,e.email,e.job_title,d.department_name,d.cost_center,e.join_date,e.exit_date,e.employment_status,e.salary,datediff(month,e.join_date,coalesce(e.exit_date,current_date())) tenure_months from EMPLOYEE_ANALYTICS_STAGE.STAGING.stg_employees e left join EMPLOYEE_ANALYTICS_STAGE.STAGING.stg_departments d on e.department_id=d.department_id
        );
[0m02:21:46.765397 [debug] [Thread-3 (]: Opening a new connection, currently in state init
[0m02:21:47.615442 [debug] [Thread-2 (]: SQL status: SUCCESS 1 in 1.456 seconds
[0m02:21:47.618318 [info ] [Thread-2 (]: 13 of 20 OK created sql table model ANALYTICS.agg_employee_movement ............ [[32mSUCCESS 1[0m in 1.51s]
[0m02:21:47.619087 [debug] [Thread-2 (]: Finished running node model.employee_analytics.agg_employee_movement
[0m02:21:48.147691 [debug] [Thread-3 (]: SQL status: SUCCESS 1 in 1.382 seconds
[0m02:21:48.150402 [info ] [Thread-3 (]: 14 of 20 OK created sql table model ANALYTICS.dim_employees .................... [[32mSUCCESS 1[0m in 1.40s]
[0m02:21:48.151164 [debug] [Thread-3 (]: Finished running node model.employee_analytics.dim_employees
[0m02:21:48.152639 [debug] [Thread-5 (]: Began running node test.employee_analytics.assert_exit_date_valid
[0m02:21:48.153262 [debug] [Thread-4 (]: Began running node test.employee_analytics.assert_salary_positive
[0m02:21:48.153865 [debug] [Thread-2 (]: Began running node test.employee_analytics.not_null_dim_employees_employee_id.ef83a0c291
[0m02:21:48.154472 [debug] [Thread-3 (]: Began running node test.employee_analytics.not_null_dim_employees_salary.1690cd4958
[0m02:21:48.155042 [info ] [Thread-5 (]: 15 of 20 START test assert_exit_date_valid ..................................... [RUN]
[0m02:21:48.155726 [info ] [Thread-4 (]: 16 of 20 START test assert_salary_positive ..................................... [RUN]
[0m02:21:48.156326 [info ] [Thread-2 (]: 17 of 20 START test not_null_dim_employees_employee_id ......................... [RUN]
[0m02:21:48.156931 [info ] [Thread-3 (]: 18 of 20 START test not_null_dim_employees_salary .............................. [RUN]
[0m02:21:48.157646 [debug] [Thread-5 (]: Re-using an available connection from the pool (formerly test.employee_analytics.unique_stg_employees_employee_id.db72478d64, now test.employee_analytics.assert_exit_date_valid)
[0m02:21:48.158243 [debug] [Thread-4 (]: Re-using an available connection from the pool (formerly test.employee_analytics.relationships_stg_employee_events_employee_id__employee_id__ref_stg_employees_.d0912f39d6, now test.employee_analytics.assert_salary_positive)
[0m02:21:48.158870 [debug] [Thread-2 (]: Re-using an available connection from the pool (formerly model.employee_analytics.agg_employee_movement, now test.employee_analytics.not_null_dim_employees_employee_id.ef83a0c291)
[0m02:21:48.159514 [debug] [Thread-3 (]: Re-using an available connection from the pool (formerly model.employee_analytics.dim_employees, now test.employee_analytics.not_null_dim_employees_salary.1690cd4958)
[0m02:21:48.160103 [debug] [Thread-5 (]: Began compiling node test.employee_analytics.assert_exit_date_valid
[0m02:21:48.160629 [debug] [Thread-4 (]: Began compiling node test.employee_analytics.assert_salary_positive
[0m02:21:48.161280 [debug] [Thread-2 (]: Began compiling node test.employee_analytics.not_null_dim_employees_employee_id.ef83a0c291
[0m02:21:48.161878 [debug] [Thread-3 (]: Began compiling node test.employee_analytics.not_null_dim_employees_salary.1690cd4958
[0m02:21:48.166526 [debug] [Thread-5 (]: Writing injected SQL for node "test.employee_analytics.assert_exit_date_valid"
[0m02:21:48.170997 [debug] [Thread-4 (]: Writing injected SQL for node "test.employee_analytics.assert_salary_positive"
[0m02:21:48.176952 [debug] [Thread-2 (]: Writing injected SQL for node "test.employee_analytics.not_null_dim_employees_employee_id.ef83a0c291"
[0m02:21:48.184942 [debug] [Thread-3 (]: Writing injected SQL for node "test.employee_analytics.not_null_dim_employees_salary.1690cd4958"
[0m02:21:48.186211 [debug] [Thread-5 (]: Began executing node test.employee_analytics.assert_exit_date_valid
[0m02:21:48.186846 [debug] [Thread-4 (]: Began executing node test.employee_analytics.assert_salary_positive
[0m02:21:48.187736 [debug] [Thread-2 (]: Began executing node test.employee_analytics.not_null_dim_employees_employee_id.ef83a0c291
[0m02:21:48.191821 [debug] [Thread-5 (]: Writing runtime sql for node "test.employee_analytics.assert_exit_date_valid"
[0m02:21:48.192426 [debug] [Thread-3 (]: Began executing node test.employee_analytics.not_null_dim_employees_salary.1690cd4958
[0m02:21:48.196442 [debug] [Thread-4 (]: Writing runtime sql for node "test.employee_analytics.assert_salary_positive"
[0m02:21:48.200209 [debug] [Thread-2 (]: Writing runtime sql for node "test.employee_analytics.not_null_dim_employees_employee_id.ef83a0c291"
[0m02:21:48.205814 [debug] [Thread-3 (]: Writing runtime sql for node "test.employee_analytics.not_null_dim_employees_salary.1690cd4958"
[0m02:21:48.206934 [debug] [Thread-5 (]: Using snowflake connection "test.employee_analytics.assert_exit_date_valid"
[0m02:21:48.208365 [debug] [Thread-4 (]: Using snowflake connection "test.employee_analytics.assert_salary_positive"
[0m02:21:48.209632 [debug] [Thread-2 (]: Using snowflake connection "test.employee_analytics.not_null_dim_employees_employee_id.ef83a0c291"
[0m02:21:48.210238 [debug] [Thread-5 (]: On test.employee_analytics.assert_exit_date_valid: /* {"app": "dbt", "dbt_version": "1.9.4", "profile_name": "employee_analytics", "target_name": "stage", "node_id": "test.employee_analytics.assert_exit_date_valid"} */
select
      count(*) as failures,
      count(*) != 0 as should_warn,
      count(*) != 0 as should_error
    from (
      select * from EMPLOYEE_ANALYTICS_STAGE.ANALYTICS.dim_employees where exit_date is not null and exit_date < join_date
      
    ) dbt_internal_test
[0m02:21:48.211141 [debug] [Thread-3 (]: Using snowflake connection "test.employee_analytics.not_null_dim_employees_salary.1690cd4958"
[0m02:21:48.211755 [debug] [Thread-4 (]: On test.employee_analytics.assert_salary_positive: /* {"app": "dbt", "dbt_version": "1.9.4", "profile_name": "employee_analytics", "target_name": "stage", "node_id": "test.employee_analytics.assert_salary_positive"} */
select
      count(*) as failures,
      count(*) != 0 as should_warn,
      count(*) != 0 as should_error
    from (
      select * from EMPLOYEE_ANALYTICS_STAGE.ANALYTICS.dim_employees where salary <= 0
      
    ) dbt_internal_test
[0m02:21:48.212297 [debug] [Thread-2 (]: On test.employee_analytics.not_null_dim_employees_employee_id.ef83a0c291: /* {"app": "dbt", "dbt_version": "1.9.4", "profile_name": "employee_analytics", "target_name": "stage", "node_id": "test.employee_analytics.not_null_dim_employees_employee_id.ef83a0c291"} */
select
      count(*) as failures,
      count(*) != 0 as should_warn,
      count(*) != 0 as should_error
    from (
      
    
    



select employee_id
from EMPLOYEE_ANALYTICS_STAGE.ANALYTICS.dim_employees
where employee_id is null



      
    ) dbt_internal_test
[0m02:21:48.212838 [debug] [Thread-5 (]: Opening a new connection, currently in state init
[0m02:21:48.213358 [debug] [Thread-3 (]: On test.employee_analytics.not_null_dim_employees_salary.1690cd4958: /* {"app": "dbt", "dbt_version": "1.9.4", "profile_name": "employee_analytics", "target_name": "stage", "node_id": "test.employee_analytics.not_null_dim_employees_salary.1690cd4958"} */
select
      count(*) as failures,
      count(*) != 0 as should_warn,
      count(*) != 0 as should_error
    from (
      
    
    



select salary
from EMPLOYEE_ANALYTICS_STAGE.ANALYTICS.dim_employees
where salary is null



      
    ) dbt_internal_test
[0m02:21:48.213832 [debug] [Thread-4 (]: Opening a new connection, currently in state init
[0m02:21:48.214300 [debug] [Thread-2 (]: Opening a new connection, currently in state init
[0m02:21:48.214949 [debug] [Thread-3 (]: Opening a new connection, currently in state init
[0m02:21:49.005053 [debug] [Thread-2 (]: SQL status: SUCCESS 1 in 0.791 seconds
[0m02:21:49.005949 [debug] [Thread-4 (]: SQL status: SUCCESS 1 in 0.792 seconds
[0m02:21:49.006808 [debug] [Thread-3 (]: SQL status: SUCCESS 1 in 0.792 seconds
[0m02:21:49.009443 [info ] [Thread-2 (]: 17 of 20 PASS not_null_dim_employees_employee_id ............................... [[32mPASS[0m in 0.85s]
[0m02:21:49.010455 [debug] [Thread-5 (]: SQL status: SUCCESS 1 in 0.798 seconds
[0m02:21:49.012902 [info ] [Thread-4 (]: 16 of 20 PASS assert_salary_positive ........................................... [[32mPASS[0m in 0.85s]
[0m02:21:49.015241 [info ] [Thread-3 (]: 18 of 20 PASS not_null_dim_employees_salary .................................... [[32mPASS[0m in 0.86s]
[0m02:21:49.016217 [debug] [Thread-2 (]: Finished running node test.employee_analytics.not_null_dim_employees_employee_id.ef83a0c291
[0m02:21:49.018480 [info ] [Thread-5 (]: 15 of 20 PASS assert_exit_date_valid ........................................... [[32mPASS[0m in 0.86s]
[0m02:21:49.019319 [debug] [Thread-4 (]: Finished running node test.employee_analytics.assert_salary_positive
[0m02:21:49.020115 [debug] [Thread-3 (]: Finished running node test.employee_analytics.not_null_dim_employees_salary.1690cd4958
[0m02:21:49.020823 [debug] [Thread-2 (]: Began running node test.employee_analytics.unique_dim_employees_employee_id.79828c8f30
[0m02:21:49.021604 [debug] [Thread-5 (]: Finished running node test.employee_analytics.assert_exit_date_valid
[0m02:21:49.022497 [info ] [Thread-2 (]: 19 of 20 START test unique_dim_employees_employee_id ........................... [RUN]
[0m02:21:49.023313 [debug] [Thread-2 (]: Re-using an available connection from the pool (formerly test.employee_analytics.not_null_dim_employees_employee_id.ef83a0c291, now test.employee_analytics.unique_dim_employees_employee_id.79828c8f30)
[0m02:21:49.023896 [debug] [Thread-2 (]: Began compiling node test.employee_analytics.unique_dim_employees_employee_id.79828c8f30
[0m02:21:49.029946 [debug] [Thread-2 (]: Writing injected SQL for node "test.employee_analytics.unique_dim_employees_employee_id.79828c8f30"
[0m02:21:49.030758 [debug] [Thread-2 (]: Began executing node test.employee_analytics.unique_dim_employees_employee_id.79828c8f30
[0m02:21:49.034603 [debug] [Thread-2 (]: Writing runtime sql for node "test.employee_analytics.unique_dim_employees_employee_id.79828c8f30"
[0m02:21:49.035963 [debug] [Thread-2 (]: Using snowflake connection "test.employee_analytics.unique_dim_employees_employee_id.79828c8f30"
[0m02:21:49.036520 [debug] [Thread-2 (]: On test.employee_analytics.unique_dim_employees_employee_id.79828c8f30: /* {"app": "dbt", "dbt_version": "1.9.4", "profile_name": "employee_analytics", "target_name": "stage", "node_id": "test.employee_analytics.unique_dim_employees_employee_id.79828c8f30"} */
select
      count(*) as failures,
      count(*) != 0 as should_warn,
      count(*) != 0 as should_error
    from (
      
    
    

select
    employee_id as unique_field,
    count(*) as n_records

from EMPLOYEE_ANALYTICS_STAGE.ANALYTICS.dim_employees
where employee_id is not null
group by employee_id
having count(*) > 1



      
    ) dbt_internal_test
[0m02:21:49.037020 [debug] [Thread-2 (]: Opening a new connection, currently in state init
[0m02:21:49.612519 [debug] [Thread-2 (]: SQL status: SUCCESS 1 in 0.575 seconds
[0m02:21:49.614974 [info ] [Thread-2 (]: 19 of 20 PASS unique_dim_employees_employee_id ................................. [[32mPASS[0m in 0.59s]
[0m02:21:49.615918 [debug] [Thread-2 (]: Finished running node test.employee_analytics.unique_dim_employees_employee_id.79828c8f30
[0m02:21:49.617028 [debug] [Thread-4 (]: Began running node model.employee_analytics.agg_department_summary
[0m02:21:49.618100 [info ] [Thread-4 (]: 20 of 20 START sql table model ANALYTICS.agg_department_summary ................ [RUN]
[0m02:21:49.618837 [debug] [Thread-4 (]: Re-using an available connection from the pool (formerly test.employee_analytics.assert_salary_positive, now model.employee_analytics.agg_department_summary)
[0m02:21:49.619410 [debug] [Thread-4 (]: Began compiling node model.employee_analytics.agg_department_summary
[0m02:21:49.624556 [debug] [Thread-4 (]: Writing injected SQL for node "model.employee_analytics.agg_department_summary"
[0m02:21:49.625438 [debug] [Thread-4 (]: Began executing node model.employee_analytics.agg_department_summary
[0m02:21:49.630187 [debug] [Thread-4 (]: Writing runtime sql for node "model.employee_analytics.agg_department_summary"
[0m02:21:49.631754 [debug] [Thread-4 (]: Using snowflake connection "model.employee_analytics.agg_department_summary"
[0m02:21:49.632380 [debug] [Thread-4 (]: On model.employee_analytics.agg_department_summary: /* {"app": "dbt", "dbt_version": "1.9.4", "profile_name": "employee_analytics", "target_name": "stage", "node_id": "model.employee_analytics.agg_department_summary"} */
create or replace transient table EMPLOYEE_ANALYTICS_STAGE.ANALYTICS.agg_department_summary
         as
        (select department_name,count(*) total_employees,count_if(employment_status='ACTIVE') active_employees,count_if(employment_status='EXITED') exited_employees,round(avg(salary),2) avg_salary,round(avg(tenure_months),1) avg_tenure_months from EMPLOYEE_ANALYTICS_STAGE.ANALYTICS.dim_employees group by department_name
        );
[0m02:21:49.632970 [debug] [Thread-4 (]: Opening a new connection, currently in state init
[0m02:21:51.327418 [debug] [Thread-4 (]: SQL status: SUCCESS 1 in 1.694 seconds
[0m02:21:51.330303 [info ] [Thread-4 (]: 20 of 20 OK created sql table model ANALYTICS.agg_department_summary ........... [[32mSUCCESS 1[0m in 1.71s]
[0m02:21:51.331070 [debug] [Thread-4 (]: Finished running node model.employee_analytics.agg_department_summary
[0m02:21:51.334967 [debug] [Dummy-1   ]: Connection 'master' was properly closed.
[0m02:21:51.335816 [debug] [Dummy-1   ]: Connection 'test.employee_analytics.not_null_dim_employees_salary.1690cd4958' was properly closed.
[0m02:21:51.336355 [debug] [Dummy-1   ]: Connection 'model.employee_analytics.agg_department_summary' was properly closed.
[0m02:21:51.336833 [debug] [Dummy-1   ]: Connection 'test.employee_analytics.unique_dim_employees_employee_id.79828c8f30' was properly closed.
[0m02:21:51.337264 [debug] [Dummy-1   ]: Connection 'test.employee_analytics.assert_exit_date_valid' was properly closed.
[0m02:21:51.337843 [info ] [Dummy-1   ]: 
[0m02:21:51.338332 [info ] [Dummy-1   ]: Finished running 3 table models, 14 data tests, 3 view models in 0 hours 0 minutes and 9.70 seconds (9.70s).
[0m02:21:51.341342 [debug] [Dummy-1   ]: Command end result
[0m02:21:51.369015 [debug] [Dummy-1   ]: Wrote artifact WritableManifest to /tmp/dbt/target/manifest.json
[0m02:21:51.371136 [debug] [Dummy-1   ]: Wrote artifact SemanticManifest to /tmp/dbt/target/semantic_manifest.json
[0m02:21:51.378196 [debug] [Dummy-1   ]: Wrote artifact RunExecutionResult to /tmp/dbt/target/run_results.json
[0m02:21:51.378744 [info ] [Dummy-1   ]: 
[0m02:21:51.379370 [info ] [Dummy-1   ]: [32mCompleted successfully[0m
[0m02:21:51.379968 [info ] [Dummy-1   ]: 
[0m02:21:51.380449 [info ] [Dummy-1   ]: Done. PASS=20 WARN=0 ERROR=0 SKIP=0 TOTAL=20
[0m02:21:51.382278 [debug] [Dummy-1   ]: Resource report: {"command_name": "build", "command_success": true, "command_wall_clock_time": 12.881832, "process_in_blocks": "0", "process_kernel_time": 1.04, "process_mem_max_rss": "510864", "process_out_blocks": "0", "process_user_time": 7.05}
[0m02:21:51.382936 [debug] [Dummy-1   ]: Command `cli build` succeeded at 02:21:51.382669 after 12.88 seconds
[0m02:21:51.383540 [debug] [Dummy-1   ]: Flushing usage events


============================== 09:33:37.948075 | 6d8deadd-fb2a-43e3-99b6-0d23b412843e ==============================
[0m09:33:37.948075 [info ] [Dummy-1   ]: Running with dbt=1.9.4
[0m09:33:37.948958 [debug] [Dummy-1   ]: running dbt with arguments {'printer_width': '80', 'indirect_selection': 'eager', 'write_json': 'True', 'log_cache_events': 'False', 'partial_parse': 'True', 'cache_selected_only': 'False', 'warn_error': 'None', 'fail_fast': 'False', 'version_check': 'True', 'log_path': '/tmp/dbt/logs', 'profiles_dir': '/tmp/dbt/', 'debug': 'False', 'use_colors': 'True', 'use_experimental_parser': 'False', 'empty': 'False', 'quiet': 'False', 'no_print': 'None', 'log_format': 'default', 'invocation_command': 'dbt ', 'introspect': 'True', 'warn_error_options': 'WarnErrorOptions(include=[], exclude=[])', 'target_path': '/tmp/dbt/target', 'static_parser': 'True', 'send_anonymous_usage_stats': 'False'}
[0m09:33:38.236424 [info ] [Dummy-1   ]: Registered adapter: snowflake=1.9.2
[0m09:33:38.787535 [debug] [Dummy-1   ]: checksum: 53ed91fada2233efb98368d1716b44ab532c83a9c293cf1890b7905d5b45fb25, vars: {}, profile: , target: dev, version: 1.9.4
[0m09:33:38.961391 [info ] [Dummy-1   ]: Unable to do partial parsing because config vars, config profile, or config target have changed
[0m09:33:38.962090 [debug] [Dummy-1   ]: previous checksum: 53ed91fada2233efb98368d1716b44ab532c83a9c293cf1890b7905d5b45fb25, current checksum: ab753f9482add4a846bb27025959f965636943c672cd904bd74aeb8fdb8e7fb1
[0m09:33:38.962560 [info ] [Dummy-1   ]: Unable to do partial parsing because profile has changed
[0m09:33:40.763525 [debug] [Dummy-1   ]: Wrote artifact WritableManifest to /tmp/dbt/target/manifest.json
[0m09:33:40.765660 [debug] [Dummy-1   ]: Wrote artifact SemanticManifest to /tmp/dbt/target/semantic_manifest.json
[0m09:33:40.828233 [info ] [Dummy-1   ]: Found 6 models, 14 data tests, 3 sources, 475 macros
[0m09:33:40.831946 [info ] [Dummy-1   ]: 
[0m09:33:40.832482 [info ] [Dummy-1   ]: Concurrency: 4 threads (target='dev')
[0m09:33:40.832945 [info ] [Dummy-1   ]: 
[0m09:33:40.833741 [debug] [Dummy-1   ]: Acquiring new snowflake connection 'master'
[0m09:33:40.840307 [debug] [ThreadPool]: Acquiring new snowflake connection 'list_EMPLOYEE_ANALYTICS_DEV'
[0m09:33:40.842095 [debug] [ThreadPool]: Acquiring new snowflake connection 'list_EMPLOYEE_ANALYTICS_DEV'
[0m09:33:40.932491 [debug] [ThreadPool]: Using snowflake connection "list_EMPLOYEE_ANALYTICS_DEV"
[0m09:33:40.933235 [debug] [ThreadPool]: Using snowflake connection "list_EMPLOYEE_ANALYTICS_DEV"
[0m09:33:40.933897 [debug] [ThreadPool]: On list_EMPLOYEE_ANALYTICS_DEV: /* {"app": "dbt", "dbt_version": "1.9.4", "profile_name": "employee_analytics", "target_name": "dev", "connection_name": "list_EMPLOYEE_ANALYTICS_DEV"} */
show terse schemas in database EMPLOYEE_ANALYTICS_DEV
    limit 10000
[0m09:33:40.934516 [debug] [ThreadPool]: On list_EMPLOYEE_ANALYTICS_DEV: /* {"app": "dbt", "dbt_version": "1.9.4", "profile_name": "employee_analytics", "target_name": "dev", "connection_name": "list_EMPLOYEE_ANALYTICS_DEV"} */
show terse schemas in database EMPLOYEE_ANALYTICS_DEV
    limit 10000
[0m09:33:40.935177 [debug] [ThreadPool]: Opening a new connection, currently in state init
[0m09:33:40.935714 [debug] [ThreadPool]: Opening a new connection, currently in state init
[0m09:33:41.561120 [debug] [ThreadPool]: SQL status: SUCCESS 6 in 0.625 seconds
[0m09:33:41.633555 [debug] [ThreadPool]: SQL status: SUCCESS 6 in 0.698 seconds
[0m09:33:41.638806 [debug] [ThreadPool]: Re-using an available connection from the pool (formerly list_EMPLOYEE_ANALYTICS_DEV, now list_EMPLOYEE_ANALYTICS_DEV_STAGING)
[0m09:33:41.640640 [debug] [ThreadPool]: Re-using an available connection from the pool (formerly list_EMPLOYEE_ANALYTICS_DEV, now list_EMPLOYEE_ANALYTICS_DEV_ANALYTICS)
[0m09:33:41.654357 [debug] [ThreadPool]: Using snowflake connection "list_EMPLOYEE_ANALYTICS_DEV_STAGING"
[0m09:33:41.658269 [debug] [ThreadPool]: Using snowflake connection "list_EMPLOYEE_ANALYTICS_DEV_ANALYTICS"
[0m09:33:41.658848 [debug] [ThreadPool]: On list_EMPLOYEE_ANALYTICS_DEV_STAGING: /* {"app": "dbt", "dbt_version": "1.9.4", "profile_name": "employee_analytics", "target_name": "dev", "connection_name": "list_EMPLOYEE_ANALYTICS_DEV_STAGING"} */
alter session set quoted_identifiers_ignore_case = false;
[0m09:33:41.659459 [debug] [ThreadPool]: On list_EMPLOYEE_ANALYTICS_DEV_ANALYTICS: /* {"app": "dbt", "dbt_version": "1.9.4", "profile_name": "employee_analytics", "target_name": "dev", "connection_name": "list_EMPLOYEE_ANALYTICS_DEV_ANALYTICS"} */
alter session set quoted_identifiers_ignore_case = false;
[0m09:33:41.659922 [debug] [ThreadPool]: Opening a new connection, currently in state init
[0m09:33:41.660375 [debug] [ThreadPool]: Opening a new connection, currently in state init
[0m09:33:42.267268 [debug] [ThreadPool]: SQL status: SUCCESS 1 in 0.607 seconds
[0m09:33:42.271974 [debug] [ThreadPool]: Using snowflake connection "list_EMPLOYEE_ANALYTICS_DEV_STAGING"
[0m09:33:42.272812 [debug] [ThreadPool]: SQL status: SUCCESS 1 in 0.612 seconds
[0m09:33:42.273393 [debug] [ThreadPool]: On list_EMPLOYEE_ANALYTICS_DEV_STAGING: /* {"app": "dbt", "dbt_version": "1.9.4", "profile_name": "employee_analytics", "target_name": "dev", "connection_name": "list_EMPLOYEE_ANALYTICS_DEV_STAGING"} */
show objects in EMPLOYEE_ANALYTICS_DEV.STAGING
    limit 10000
    
;
[0m09:33:42.275292 [debug] [ThreadPool]: Using snowflake connection "list_EMPLOYEE_ANALYTICS_DEV_ANALYTICS"
[0m09:33:42.276258 [debug] [ThreadPool]: On list_EMPLOYEE_ANALYTICS_DEV_ANALYTICS: /* {"app": "dbt", "dbt_version": "1.9.4", "profile_name": "employee_analytics", "target_name": "dev", "connection_name": "list_EMPLOYEE_ANALYTICS_DEV_ANALYTICS"} */
show objects in EMPLOYEE_ANALYTICS_DEV.ANALYTICS
    limit 10000
    
;
[0m09:33:42.431374 [debug] [ThreadPool]: SQL status: SUCCESS 3 in 0.155 seconds
[0m09:33:42.433491 [debug] [ThreadPool]: Using snowflake connection "list_EMPLOYEE_ANALYTICS_DEV_STAGING"
[0m09:33:42.434041 [debug] [ThreadPool]: On list_EMPLOYEE_ANALYTICS_DEV_STAGING: /* {"app": "dbt", "dbt_version": "1.9.4", "profile_name": "employee_analytics", "target_name": "dev", "connection_name": "list_EMPLOYEE_ANALYTICS_DEV_STAGING"} */
alter session unset quoted_identifiers_ignore_case;
[0m09:33:42.448153 [debug] [ThreadPool]: SQL status: SUCCESS 0 in 0.171 seconds
[0m09:33:42.450111 [debug] [ThreadPool]: Using snowflake connection "list_EMPLOYEE_ANALYTICS_DEV_ANALYTICS"
[0m09:33:42.450638 [debug] [ThreadPool]: On list_EMPLOYEE_ANALYTICS_DEV_ANALYTICS: /* {"app": "dbt", "dbt_version": "1.9.4", "profile_name": "employee_analytics", "target_name": "dev", "connection_name": "list_EMPLOYEE_ANALYTICS_DEV_ANALYTICS"} */
alter session unset quoted_identifiers_ignore_case;
[0m09:33:42.512422 [debug] [ThreadPool]: SQL status: SUCCESS 1 in 0.078 seconds
[0m09:33:42.532843 [debug] [ThreadPool]: SQL status: SUCCESS 1 in 0.082 seconds
[0m09:33:42.544884 [debug] [Thread-2 (]: Began running node model.employee_analytics.stg_departments
[0m09:33:42.545562 [debug] [Thread-3 (]: Began running node model.employee_analytics.stg_employee_events
[0m09:33:42.546171 [debug] [Thread-4 (]: Began running node model.employee_analytics.stg_employees
[0m09:33:42.546931 [info ] [Thread-2 (]: 1 of 20 START sql view model STAGING.stg_departments ........................... [RUN]
[0m09:33:42.547761 [info ] [Thread-3 (]: 2 of 20 START sql view model STAGING.stg_employee_events ....................... [RUN]
[0m09:33:42.548442 [info ] [Thread-4 (]: 3 of 20 START sql view model STAGING.stg_employees ............................. [RUN]
[0m09:33:42.549161 [debug] [Thread-2 (]: Re-using an available connection from the pool (formerly list_EMPLOYEE_ANALYTICS_DEV_STAGING, now model.employee_analytics.stg_departments)
[0m09:33:42.549762 [debug] [Thread-3 (]: Re-using an available connection from the pool (formerly list_EMPLOYEE_ANALYTICS_DEV_ANALYTICS, now model.employee_analytics.stg_employee_events)
[0m09:33:42.550443 [debug] [Thread-4 (]: Acquiring new snowflake connection 'model.employee_analytics.stg_employees'
[0m09:33:42.550966 [debug] [Thread-2 (]: Began compiling node model.employee_analytics.stg_departments
[0m09:33:42.551540 [debug] [Thread-3 (]: Began compiling node model.employee_analytics.stg_employee_events
[0m09:33:42.552032 [debug] [Thread-4 (]: Began compiling node model.employee_analytics.stg_employees
[0m09:33:42.561207 [debug] [Thread-2 (]: Writing injected SQL for node "model.employee_analytics.stg_departments"
[0m09:33:42.567687 [debug] [Thread-3 (]: Writing injected SQL for node "model.employee_analytics.stg_employee_events"
[0m09:33:42.572005 [debug] [Thread-4 (]: Writing injected SQL for node "model.employee_analytics.stg_employees"
[0m09:33:42.573244 [debug] [Thread-2 (]: Began executing node model.employee_analytics.stg_departments
[0m09:33:42.574066 [debug] [Thread-3 (]: Began executing node model.employee_analytics.stg_employee_events
[0m09:33:42.602091 [debug] [Thread-4 (]: Began executing node model.employee_analytics.stg_employees
[0m09:33:42.620578 [debug] [Thread-2 (]: Writing runtime sql for node "model.employee_analytics.stg_departments"
[0m09:33:42.635134 [debug] [Thread-3 (]: Writing runtime sql for node "model.employee_analytics.stg_employee_events"
[0m09:33:42.640879 [debug] [Thread-4 (]: Writing runtime sql for node "model.employee_analytics.stg_employees"
[0m09:33:42.642574 [debug] [Thread-2 (]: Using snowflake connection "model.employee_analytics.stg_departments"
[0m09:33:42.643821 [debug] [Thread-3 (]: Using snowflake connection "model.employee_analytics.stg_employee_events"
[0m09:33:42.644524 [debug] [Thread-2 (]: On model.employee_analytics.stg_departments: /* {"app": "dbt", "dbt_version": "1.9.4", "profile_name": "employee_analytics", "target_name": "dev", "node_id": "model.employee_analytics.stg_departments"} */
create or replace   view EMPLOYEE_ANALYTICS_DEV.STAGING.stg_departments
  
   as (
    select department_id,trim(department_name) department_name,trim(department_head) department_head,trim(cost_center) cost_center from EMPLOYEE_ANALYTICS_DEV.RAW.DEPARTMENTS
  );
[0m09:33:42.645560 [debug] [Thread-4 (]: Using snowflake connection "model.employee_analytics.stg_employees"
[0m09:33:42.646106 [debug] [Thread-3 (]: On model.employee_analytics.stg_employee_events: /* {"app": "dbt", "dbt_version": "1.9.4", "profile_name": "employee_analytics", "target_name": "dev", "node_id": "model.employee_analytics.stg_employee_events"} */
create or replace   view EMPLOYEE_ANALYTICS_DEV.STAGING.stg_employee_events
  
   as (
    select event_id,employee_id,upper(trim(event_type)) event_type,event_date,old_value,new_value from EMPLOYEE_ANALYTICS_DEV.RAW.EMPLOYEE_EVENTS
  );
[0m09:33:42.646654 [debug] [Thread-2 (]: Opening a new connection, currently in state init
[0m09:33:42.647275 [debug] [Thread-4 (]: On model.employee_analytics.stg_employees: /* {"app": "dbt", "dbt_version": "1.9.4", "profile_name": "employee_analytics", "target_name": "dev", "node_id": "model.employee_analytics.stg_employees"} */
create or replace   view EMPLOYEE_ANALYTICS_DEV.STAGING.stg_employees
  
   as (
    select employee_id,trim(employee_name) employee_name,lower(trim(email)) email,department_id,trim(job_title) job_title,join_date,exit_date,upper(trim(employment_status)) employment_status,salary,updated_at from EMPLOYEE_ANALYTICS_DEV.RAW.EMPLOYEES
  );
[0m09:33:42.647833 [debug] [Thread-3 (]: Opening a new connection, currently in state init
[0m09:33:42.648561 [debug] [Thread-4 (]: Opening a new connection, currently in state init
[0m09:33:43.485855 [debug] [Thread-2 (]: SQL status: SUCCESS 1 in 0.839 seconds
[0m09:33:43.511745 [debug] [Thread-3 (]: SQL status: SUCCESS 1 in 0.864 seconds
[0m09:33:43.516075 [info ] [Thread-2 (]: 1 of 20 OK created sql view model STAGING.stg_departments ...................... [[32mSUCCESS 1[0m in 0.96s]
[0m09:33:43.516913 [info ] [Thread-3 (]: 2 of 20 OK created sql view model STAGING.stg_employee_events .................. [[32mSUCCESS 1[0m in 0.97s]
[0m09:33:43.517770 [debug] [Thread-2 (]: Finished running node model.employee_analytics.stg_departments
[0m09:33:43.518470 [debug] [Thread-3 (]: Finished running node model.employee_analytics.stg_employee_events
[0m09:33:43.519891 [debug] [Thread-5 (]: Began running node test.employee_analytics.not_null_stg_departments_department_id.ce7f6f5cf8
[0m09:33:43.520483 [debug] [Thread-2 (]: Began running node test.employee_analytics.unique_stg_departments_department_id.8e1b8b707b
[0m09:33:43.521464 [debug] [Thread-3 (]: Began running node test.employee_analytics.not_null_stg_employee_events_event_id.ec250bcb52
[0m09:33:43.522074 [info ] [Thread-5 (]: 4 of 20 START test not_null_stg_departments_department_id ...................... [RUN]
[0m09:33:43.522703 [info ] [Thread-2 (]: 5 of 20 START test unique_stg_departments_department_id ........................ [RUN]
[0m09:33:43.523446 [info ] [Thread-3 (]: 6 of 20 START test not_null_stg_employee_events_event_id ....................... [RUN]
[0m09:33:43.524273 [debug] [Thread-5 (]: Acquiring new snowflake connection 'test.employee_analytics.not_null_stg_departments_department_id.ce7f6f5cf8'
[0m09:33:43.524878 [debug] [Thread-2 (]: Re-using an available connection from the pool (formerly model.employee_analytics.stg_departments, now test.employee_analytics.unique_stg_departments_department_id.8e1b8b707b)
[0m09:33:43.525491 [debug] [Thread-3 (]: Re-using an available connection from the pool (formerly model.employee_analytics.stg_employee_events, now test.employee_analytics.not_null_stg_employee_events_event_id.ec250bcb52)
[0m09:33:43.526060 [debug] [Thread-5 (]: Began compiling node test.employee_analytics.not_null_stg_departments_department_id.ce7f6f5cf8
[0m09:33:43.526615 [debug] [Thread-2 (]: Began compiling node test.employee_analytics.unique_stg_departments_department_id.8e1b8b707b
[0m09:33:43.527203 [debug] [Thread-3 (]: Began compiling node test.employee_analytics.not_null_stg_employee_events_event_id.ec250bcb52
[0m09:33:43.538810 [debug] [Thread-5 (]: Writing injected SQL for node "test.employee_analytics.not_null_stg_departments_department_id.ce7f6f5cf8"
[0m09:33:43.547018 [debug] [Thread-2 (]: Writing injected SQL for node "test.employee_analytics.unique_stg_departments_department_id.8e1b8b707b"
[0m09:33:43.553064 [debug] [Thread-3 (]: Writing injected SQL for node "test.employee_analytics.not_null_stg_employee_events_event_id.ec250bcb52"
[0m09:33:43.554176 [debug] [Thread-4 (]: SQL status: SUCCESS 1 in 0.906 seconds
[0m09:33:43.555271 [debug] [Thread-5 (]: Began executing node test.employee_analytics.not_null_stg_departments_department_id.ce7f6f5cf8
[0m09:33:43.556123 [debug] [Thread-2 (]: Began executing node test.employee_analytics.unique_stg_departments_department_id.8e1b8b707b
[0m09:33:43.558952 [info ] [Thread-4 (]: 3 of 20 OK created sql view model STAGING.stg_employees ........................ [[32mSUCCESS 1[0m in 1.01s]
[0m09:33:43.559732 [debug] [Thread-3 (]: Began executing node test.employee_analytics.not_null_stg_employee_events_event_id.ec250bcb52
[0m09:33:43.580543 [debug] [Thread-5 (]: Writing runtime sql for node "test.employee_analytics.not_null_stg_departments_department_id.ce7f6f5cf8"
[0m09:33:43.584613 [debug] [Thread-2 (]: Writing runtime sql for node "test.employee_analytics.unique_stg_departments_department_id.8e1b8b707b"
[0m09:33:43.585475 [debug] [Thread-4 (]: Finished running node model.employee_analytics.stg_employees
[0m09:33:43.589479 [debug] [Thread-3 (]: Writing runtime sql for node "test.employee_analytics.not_null_stg_employee_events_event_id.ec250bcb52"
[0m09:33:43.591182 [debug] [Thread-5 (]: Using snowflake connection "test.employee_analytics.not_null_stg_departments_department_id.ce7f6f5cf8"
[0m09:33:43.592015 [debug] [Thread-4 (]: Began running node test.employee_analytics.unique_stg_employee_events_event_id.d61930ab8c
[0m09:33:43.593442 [debug] [Thread-2 (]: Using snowflake connection "test.employee_analytics.unique_stg_departments_department_id.8e1b8b707b"
[0m09:33:43.594356 [debug] [Thread-5 (]: On test.employee_analytics.not_null_stg_departments_department_id.ce7f6f5cf8: /* {"app": "dbt", "dbt_version": "1.9.4", "profile_name": "employee_analytics", "target_name": "dev", "node_id": "test.employee_analytics.not_null_stg_departments_department_id.ce7f6f5cf8"} */
select
      count(*) as failures,
      count(*) != 0 as should_warn,
      count(*) != 0 as should_error
    from (
      
    
    



select department_id
from EMPLOYEE_ANALYTICS_DEV.STAGING.stg_departments
where department_id is null



      
    ) dbt_internal_test
[0m09:33:43.595359 [debug] [Thread-3 (]: Using snowflake connection "test.employee_analytics.not_null_stg_employee_events_event_id.ec250bcb52"
[0m09:33:43.595948 [info ] [Thread-4 (]: 7 of 20 START test unique_stg_employee_events_event_id ......................... [RUN]
[0m09:33:43.596607 [debug] [Thread-2 (]: On test.employee_analytics.unique_stg_departments_department_id.8e1b8b707b: /* {"app": "dbt", "dbt_version": "1.9.4", "profile_name": "employee_analytics", "target_name": "dev", "node_id": "test.employee_analytics.unique_stg_departments_department_id.8e1b8b707b"} */
select
      count(*) as failures,
      count(*) != 0 as should_warn,
      count(*) != 0 as should_error
    from (
      
    
    

select
    department_id as unique_field,
    count(*) as n_records

from EMPLOYEE_ANALYTICS_DEV.STAGING.stg_departments
where department_id is not null
group by department_id
having count(*) > 1



      
    ) dbt_internal_test
[0m09:33:43.597196 [debug] [Thread-5 (]: Opening a new connection, currently in state init
[0m09:33:43.597775 [debug] [Thread-3 (]: On test.employee_analytics.not_null_stg_employee_events_event_id.ec250bcb52: /* {"app": "dbt", "dbt_version": "1.9.4", "profile_name": "employee_analytics", "target_name": "dev", "node_id": "test.employee_analytics.not_null_stg_employee_events_event_id.ec250bcb52"} */
select
      count(*) as failures,
      count(*) != 0 as should_warn,
      count(*) != 0 as should_error
    from (
      
    
    



select event_id
from EMPLOYEE_ANALYTICS_DEV.STAGING.stg_employee_events
where event_id is null



      
    ) dbt_internal_test
[0m09:33:43.598466 [debug] [Thread-4 (]: Re-using an available connection from the pool (formerly model.employee_analytics.stg_employees, now test.employee_analytics.unique_stg_employee_events_event_id.d61930ab8c)
[0m09:33:43.599014 [debug] [Thread-2 (]: Opening a new connection, currently in state init
[0m09:33:43.599824 [debug] [Thread-3 (]: Opening a new connection, currently in state init
[0m09:33:43.600379 [debug] [Thread-4 (]: Began compiling node test.employee_analytics.unique_stg_employee_events_event_id.d61930ab8c
[0m09:33:43.606377 [debug] [Thread-4 (]: Writing injected SQL for node "test.employee_analytics.unique_stg_employee_events_event_id.d61930ab8c"
[0m09:33:43.607297 [debug] [Thread-4 (]: Began executing node test.employee_analytics.unique_stg_employee_events_event_id.d61930ab8c
[0m09:33:43.612651 [debug] [Thread-4 (]: Writing runtime sql for node "test.employee_analytics.unique_stg_employee_events_event_id.d61930ab8c"
[0m09:33:43.613992 [debug] [Thread-4 (]: Using snowflake connection "test.employee_analytics.unique_stg_employee_events_event_id.d61930ab8c"
[0m09:33:43.614590 [debug] [Thread-4 (]: On test.employee_analytics.unique_stg_employee_events_event_id.d61930ab8c: /* {"app": "dbt", "dbt_version": "1.9.4", "profile_name": "employee_analytics", "target_name": "dev", "node_id": "test.employee_analytics.unique_stg_employee_events_event_id.d61930ab8c"} */
select
      count(*) as failures,
      count(*) != 0 as should_warn,
      count(*) != 0 as should_error
    from (
      
    
    

select
    event_id as unique_field,
    count(*) as n_records

from EMPLOYEE_ANALYTICS_DEV.STAGING.stg_employee_events
where event_id is not null
group by event_id
having count(*) > 1



      
    ) dbt_internal_test
[0m09:33:43.615164 [debug] [Thread-4 (]: Opening a new connection, currently in state init
[0m09:33:44.289934 [debug] [Thread-5 (]: SQL status: SUCCESS 1 in 0.693 seconds
[0m09:33:44.294260 [info ] [Thread-5 (]: 4 of 20 PASS not_null_stg_departments_department_id ............................ [[32mPASS[0m in 0.77s]
[0m09:33:44.295237 [debug] [Thread-5 (]: Finished running node test.employee_analytics.not_null_stg_departments_department_id.ce7f6f5cf8
[0m09:33:44.295899 [debug] [Thread-5 (]: Began running node test.employee_analytics.accepted_values_stg_employees_employment_status__ACTIVE__EXITED.696b0099c8
[0m09:33:44.296778 [info ] [Thread-5 (]: 8 of 20 START test accepted_values_stg_employees_employment_status__ACTIVE__EXITED  [RUN]
[0m09:33:44.297563 [debug] [Thread-5 (]: Re-using an available connection from the pool (formerly test.employee_analytics.not_null_stg_departments_department_id.ce7f6f5cf8, now test.employee_analytics.accepted_values_stg_employees_employment_status__ACTIVE__EXITED.696b0099c8)
[0m09:33:44.298116 [debug] [Thread-5 (]: Began compiling node test.employee_analytics.accepted_values_stg_employees_employment_status__ACTIVE__EXITED.696b0099c8
[0m09:33:44.304739 [debug] [Thread-5 (]: Writing injected SQL for node "test.employee_analytics.accepted_values_stg_employees_employment_status__ACTIVE__EXITED.696b0099c8"
[0m09:33:44.305863 [debug] [Thread-5 (]: Began executing node test.employee_analytics.accepted_values_stg_employees_employment_status__ACTIVE__EXITED.696b0099c8
[0m09:33:44.310236 [debug] [Thread-5 (]: Writing runtime sql for node "test.employee_analytics.accepted_values_stg_employees_employment_status__ACTIVE__EXITED.696b0099c8"
[0m09:33:44.312348 [debug] [Thread-5 (]: Using snowflake connection "test.employee_analytics.accepted_values_stg_employees_employment_status__ACTIVE__EXITED.696b0099c8"
[0m09:33:44.313098 [debug] [Thread-5 (]: On test.employee_analytics.accepted_values_stg_employees_employment_status__ACTIVE__EXITED.696b0099c8: /* {"app": "dbt", "dbt_version": "1.9.4", "profile_name": "employee_analytics", "target_name": "dev", "node_id": "test.employee_analytics.accepted_values_stg_employees_employment_status__ACTIVE__EXITED.696b0099c8"} */
select
      count(*) as failures,
      count(*) != 0 as should_warn,
      count(*) != 0 as should_error
    from (
      
    
    

with all_values as (

    select
        employment_status as value_field,
        count(*) as n_records

    from EMPLOYEE_ANALYTICS_DEV.STAGING.stg_employees
    group by employment_status

)

select *
from all_values
where value_field not in (
    'ACTIVE','EXITED'
)



      
    ) dbt_internal_test
[0m09:33:44.313662 [debug] [Thread-5 (]: Opening a new connection, currently in state init
[0m09:33:44.332719 [debug] [Thread-3 (]: SQL status: SUCCESS 1 in 0.733 seconds
[0m09:33:44.333547 [debug] [Thread-2 (]: SQL status: SUCCESS 1 in 0.734 seconds
[0m09:33:44.335975 [info ] [Thread-3 (]: 6 of 20 PASS not_null_stg_employee_events_event_id ............................. [[32mPASS[0m in 0.81s]
[0m09:33:44.338186 [info ] [Thread-2 (]: 5 of 20 PASS unique_stg_departments_department_id .............................. [[32mPASS[0m in 0.81s]
[0m09:33:44.338989 [debug] [Thread-3 (]: Finished running node test.employee_analytics.not_null_stg_employee_events_event_id.ec250bcb52
[0m09:33:44.339739 [debug] [Thread-2 (]: Finished running node test.employee_analytics.unique_stg_departments_department_id.8e1b8b707b
[0m09:33:44.340363 [debug] [Thread-3 (]: Began running node test.employee_analytics.not_null_stg_employees_department_id.a7701eed35
[0m09:33:44.341050 [debug] [Thread-2 (]: Began running node test.employee_analytics.not_null_stg_employees_employee_id.7f6f73d15b
[0m09:33:44.341705 [info ] [Thread-3 (]: 9 of 20 START test not_null_stg_employees_department_id ........................ [RUN]
[0m09:33:44.342278 [info ] [Thread-2 (]: 10 of 20 START test not_null_stg_employees_employee_id ......................... [RUN]
[0m09:33:44.342933 [debug] [Thread-3 (]: Re-using an available connection from the pool (formerly test.employee_analytics.not_null_stg_employee_events_event_id.ec250bcb52, now test.employee_analytics.not_null_stg_employees_department_id.a7701eed35)
[0m09:33:44.343599 [debug] [Thread-2 (]: Re-using an available connection from the pool (formerly test.employee_analytics.unique_stg_departments_department_id.8e1b8b707b, now test.employee_analytics.not_null_stg_employees_employee_id.7f6f73d15b)
[0m09:33:44.344132 [debug] [Thread-3 (]: Began compiling node test.employee_analytics.not_null_stg_employees_department_id.a7701eed35
[0m09:33:44.344678 [debug] [Thread-2 (]: Began compiling node test.employee_analytics.not_null_stg_employees_employee_id.7f6f73d15b
[0m09:33:44.350732 [debug] [Thread-3 (]: Writing injected SQL for node "test.employee_analytics.not_null_stg_employees_department_id.a7701eed35"
[0m09:33:44.357770 [debug] [Thread-4 (]: SQL status: SUCCESS 1 in 0.743 seconds
[0m09:33:44.359264 [debug] [Thread-2 (]: Writing injected SQL for node "test.employee_analytics.not_null_stg_employees_employee_id.7f6f73d15b"
[0m09:33:44.362732 [info ] [Thread-4 (]: 7 of 20 PASS unique_stg_employee_events_event_id ............................... [[32mPASS[0m in 0.76s]
[0m09:33:44.363555 [debug] [Thread-3 (]: Began executing node test.employee_analytics.not_null_stg_employees_department_id.a7701eed35
[0m09:33:44.364625 [debug] [Thread-4 (]: Finished running node test.employee_analytics.unique_stg_employee_events_event_id.d61930ab8c
[0m09:33:44.365381 [debug] [Thread-2 (]: Began executing node test.employee_analytics.not_null_stg_employees_employee_id.7f6f73d15b
[0m09:33:44.369556 [debug] [Thread-3 (]: Writing runtime sql for node "test.employee_analytics.not_null_stg_employees_department_id.a7701eed35"
[0m09:33:44.370315 [debug] [Thread-4 (]: Began running node test.employee_analytics.relationships_stg_employee_events_employee_id__employee_id__ref_stg_employees_.d0912f39d6
[0m09:33:44.374875 [debug] [Thread-2 (]: Writing runtime sql for node "test.employee_analytics.not_null_stg_employees_employee_id.7f6f73d15b"
[0m09:33:44.375872 [info ] [Thread-4 (]: 11 of 20 START test relationships_stg_employee_events_employee_id__employee_id__ref_stg_employees_  [RUN]
[0m09:33:44.377099 [debug] [Thread-3 (]: Using snowflake connection "test.employee_analytics.not_null_stg_employees_department_id.a7701eed35"
[0m09:33:44.378015 [debug] [Thread-4 (]: Re-using an available connection from the pool (formerly test.employee_analytics.unique_stg_employee_events_event_id.d61930ab8c, now test.employee_analytics.relationships_stg_employee_events_employee_id__employee_id__ref_stg_employees_.d0912f39d6)
[0m09:33:44.379112 [debug] [Thread-2 (]: Using snowflake connection "test.employee_analytics.not_null_stg_employees_employee_id.7f6f73d15b"
[0m09:33:44.379712 [debug] [Thread-3 (]: On test.employee_analytics.not_null_stg_employees_department_id.a7701eed35: /* {"app": "dbt", "dbt_version": "1.9.4", "profile_name": "employee_analytics", "target_name": "dev", "node_id": "test.employee_analytics.not_null_stg_employees_department_id.a7701eed35"} */
select
      count(*) as failures,
      count(*) != 0 as should_warn,
      count(*) != 0 as should_error
    from (
      
    
    



select department_id
from EMPLOYEE_ANALYTICS_DEV.STAGING.stg_employees
where department_id is null



      
    ) dbt_internal_test
[0m09:33:44.380301 [debug] [Thread-4 (]: Began compiling node test.employee_analytics.relationships_stg_employee_events_employee_id__employee_id__ref_stg_employees_.d0912f39d6
[0m09:33:44.380896 [debug] [Thread-2 (]: On test.employee_analytics.not_null_stg_employees_employee_id.7f6f73d15b: /* {"app": "dbt", "dbt_version": "1.9.4", "profile_name": "employee_analytics", "target_name": "dev", "node_id": "test.employee_analytics.not_null_stg_employees_employee_id.7f6f73d15b"} */
select
      count(*) as failures,
      count(*) != 0 as should_warn,
      count(*) != 0 as should_error
    from (
      
    
    



select employee_id
from EMPLOYEE_ANALYTICS_DEV.STAGING.stg_employees
where employee_id is null



      
    ) dbt_internal_test
[0m09:33:44.381471 [debug] [Thread-3 (]: Opening a new connection, currently in state init
[0m09:33:44.388700 [debug] [Thread-4 (]: Writing injected SQL for node "test.employee_analytics.relationships_stg_employee_events_employee_id__employee_id__ref_stg_employees_.d0912f39d6"
[0m09:33:44.389306 [debug] [Thread-2 (]: Opening a new connection, currently in state init
[0m09:33:44.390415 [debug] [Thread-4 (]: Began executing node test.employee_analytics.relationships_stg_employee_events_employee_id__employee_id__ref_stg_employees_.d0912f39d6
[0m09:33:44.394762 [debug] [Thread-4 (]: Writing runtime sql for node "test.employee_analytics.relationships_stg_employee_events_employee_id__employee_id__ref_stg_employees_.d0912f39d6"
[0m09:33:44.396398 [debug] [Thread-4 (]: Using snowflake connection "test.employee_analytics.relationships_stg_employee_events_employee_id__employee_id__ref_stg_employees_.d0912f39d6"
[0m09:33:44.397013 [debug] [Thread-4 (]: On test.employee_analytics.relationships_stg_employee_events_employee_id__employee_id__ref_stg_employees_.d0912f39d6: /* {"app": "dbt", "dbt_version": "1.9.4", "profile_name": "employee_analytics", "target_name": "dev", "node_id": "test.employee_analytics.relationships_stg_employee_events_employee_id__employee_id__ref_stg_employees_.d0912f39d6"} */
select
      count(*) as failures,
      count(*) != 0 as should_warn,
      count(*) != 0 as should_error
    from (
      
    
    

with child as (
    select employee_id as from_field
    from EMPLOYEE_ANALYTICS_DEV.STAGING.stg_employee_events
    where employee_id is not null
),

parent as (
    select employee_id as to_field
    from EMPLOYEE_ANALYTICS_DEV.STAGING.stg_employees
)

select
    from_field

from child
left join parent
    on child.from_field = parent.to_field

where parent.to_field is null



      
    ) dbt_internal_test
[0m09:33:44.397596 [debug] [Thread-4 (]: Opening a new connection, currently in state init
[0m09:33:45.124066 [debug] [Thread-2 (]: SQL status: SUCCESS 1 in 0.735 seconds
[0m09:33:45.126501 [info ] [Thread-2 (]: 10 of 20 PASS not_null_stg_employees_employee_id ............................... [[32mPASS[0m in 0.78s]
[0m09:33:45.127497 [debug] [Thread-3 (]: SQL status: SUCCESS 1 in 0.746 seconds
[0m09:33:45.128242 [debug] [Thread-2 (]: Finished running node test.employee_analytics.not_null_stg_employees_employee_id.7f6f73d15b
[0m09:33:45.130387 [info ] [Thread-3 (]: 9 of 20 PASS not_null_stg_employees_department_id .............................. [[32mPASS[0m in 0.79s]
[0m09:33:45.131136 [debug] [Thread-2 (]: Began running node test.employee_analytics.unique_stg_employees_employee_id.db72478d64
[0m09:33:45.131965 [debug] [Thread-3 (]: Finished running node test.employee_analytics.not_null_stg_employees_department_id.a7701eed35
[0m09:33:45.132531 [info ] [Thread-2 (]: 12 of 20 START test unique_stg_employees_employee_id ........................... [RUN]
[0m09:33:45.133268 [debug] [Thread-3 (]: Began running node model.employee_analytics.agg_employee_movement
[0m09:33:45.134009 [debug] [Thread-2 (]: Re-using an available connection from the pool (formerly test.employee_analytics.not_null_stg_employees_employee_id.7f6f73d15b, now test.employee_analytics.unique_stg_employees_employee_id.db72478d64)
[0m09:33:45.134882 [info ] [Thread-3 (]: 13 of 20 START sql table model ANALYTICS.agg_employee_movement ................. [RUN]
[0m09:33:45.135601 [debug] [Thread-2 (]: Began compiling node test.employee_analytics.unique_stg_employees_employee_id.db72478d64
[0m09:33:45.136242 [debug] [Thread-3 (]: Re-using an available connection from the pool (formerly test.employee_analytics.not_null_stg_employees_department_id.a7701eed35, now model.employee_analytics.agg_employee_movement)
[0m09:33:45.142064 [debug] [Thread-2 (]: Writing injected SQL for node "test.employee_analytics.unique_stg_employees_employee_id.db72478d64"
[0m09:33:45.142691 [debug] [Thread-3 (]: Began compiling node model.employee_analytics.agg_employee_movement
[0m09:33:45.147492 [debug] [Thread-3 (]: Writing injected SQL for node "model.employee_analytics.agg_employee_movement"
[0m09:33:45.148364 [debug] [Thread-5 (]: SQL status: SUCCESS 1 in 0.835 seconds
[0m09:33:45.149088 [debug] [Thread-2 (]: Began executing node test.employee_analytics.unique_stg_employees_employee_id.db72478d64
[0m09:33:45.151768 [info ] [Thread-5 (]: 8 of 20 PASS accepted_values_stg_employees_employment_status__ACTIVE__EXITED ... [[32mPASS[0m in 0.85s]
[0m09:33:45.152511 [debug] [Thread-3 (]: Began executing node model.employee_analytics.agg_employee_movement
[0m09:33:45.156747 [debug] [Thread-2 (]: Writing runtime sql for node "test.employee_analytics.unique_stg_employees_employee_id.db72478d64"
[0m09:33:45.157603 [debug] [Thread-5 (]: Finished running node test.employee_analytics.accepted_values_stg_employees_employment_status__ACTIVE__EXITED.696b0099c8
[0m09:33:45.183971 [debug] [Thread-3 (]: Writing runtime sql for node "model.employee_analytics.agg_employee_movement"
[0m09:33:45.185717 [debug] [Thread-2 (]: Using snowflake connection "test.employee_analytics.unique_stg_employees_employee_id.db72478d64"
[0m09:33:45.186560 [debug] [Thread-2 (]: On test.employee_analytics.unique_stg_employees_employee_id.db72478d64: /* {"app": "dbt", "dbt_version": "1.9.4", "profile_name": "employee_analytics", "target_name": "dev", "node_id": "test.employee_analytics.unique_stg_employees_employee_id.db72478d64"} */
select
      count(*) as failures,
      count(*) != 0 as should_warn,
      count(*) != 0 as should_error
    from (
      
    
    

select
    employee_id as unique_field,
    count(*) as n_records

from EMPLOYEE_ANALYTICS_DEV.STAGING.stg_employees
where employee_id is not null
group by employee_id
having count(*) > 1



      
    ) dbt_internal_test
[0m09:33:45.187848 [debug] [Thread-3 (]: Using snowflake connection "model.employee_analytics.agg_employee_movement"
[0m09:33:45.188379 [debug] [Thread-2 (]: Opening a new connection, currently in state init
[0m09:33:45.188991 [debug] [Thread-3 (]: On model.employee_analytics.agg_employee_movement: /* {"app": "dbt", "dbt_version": "1.9.4", "profile_name": "employee_analytics", "target_name": "dev", "node_id": "model.employee_analytics.agg_employee_movement"} */
create or replace transient table EMPLOYEE_ANALYTICS_DEV.ANALYTICS.agg_employee_movement
         as
        (select date_trunc('month',event_date)::date month,count_if(event_type='JOINED') joiners,count_if(event_type='EXITED') exits,count_if(event_type='TRANSFERRED') transfers,count_if(event_type='PROMOTED') promotions,count_if(event_type='SALARY_CHANGE') salary_changes from EMPLOYEE_ANALYTICS_DEV.STAGING.stg_employee_events group by 1
        );
[0m09:33:45.189628 [debug] [Thread-3 (]: Opening a new connection, currently in state init
[0m09:33:45.193252 [debug] [Thread-4 (]: SQL status: SUCCESS 1 in 0.796 seconds
[0m09:33:45.195644 [info ] [Thread-4 (]: 11 of 20 PASS relationships_stg_employee_events_employee_id__employee_id__ref_stg_employees_  [[32mPASS[0m in 0.82s]
[0m09:33:45.196444 [debug] [Thread-4 (]: Finished running node test.employee_analytics.relationships_stg_employee_events_employee_id__employee_id__ref_stg_employees_.d0912f39d6
[0m09:33:45.869928 [debug] [Thread-2 (]: SQL status: SUCCESS 1 in 0.681 seconds
[0m09:33:45.872636 [info ] [Thread-2 (]: 12 of 20 PASS unique_stg_employees_employee_id ................................. [[32mPASS[0m in 0.74s]
[0m09:33:45.873397 [debug] [Thread-2 (]: Finished running node test.employee_analytics.unique_stg_employees_employee_id.db72478d64
[0m09:33:45.874313 [debug] [Thread-5 (]: Began running node model.employee_analytics.dim_employees
[0m09:33:45.875149 [info ] [Thread-5 (]: 14 of 20 START sql table model ANALYTICS.dim_employees ......................... [RUN]
[0m09:33:45.875837 [debug] [Thread-5 (]: Re-using an available connection from the pool (formerly test.employee_analytics.accepted_values_stg_employees_employment_status__ACTIVE__EXITED.696b0099c8, now model.employee_analytics.dim_employees)
[0m09:33:45.876351 [debug] [Thread-5 (]: Began compiling node model.employee_analytics.dim_employees
[0m09:33:45.882303 [debug] [Thread-5 (]: Writing injected SQL for node "model.employee_analytics.dim_employees"
[0m09:33:45.883040 [debug] [Thread-5 (]: Began executing node model.employee_analytics.dim_employees
[0m09:33:45.886734 [debug] [Thread-5 (]: Writing runtime sql for node "model.employee_analytics.dim_employees"
[0m09:33:45.888118 [debug] [Thread-5 (]: Using snowflake connection "model.employee_analytics.dim_employees"
[0m09:33:45.888638 [debug] [Thread-5 (]: On model.employee_analytics.dim_employees: /* {"app": "dbt", "dbt_version": "1.9.4", "profile_name": "employee_analytics", "target_name": "dev", "node_id": "model.employee_analytics.dim_employees"} */
create or replace transient table EMPLOYEE_ANALYTICS_DEV.ANALYTICS.dim_employees
         as
        (select e.employee_id,e.employee_name,e.email,e.job_title,d.department_name,d.cost_center,e.join_date,e.exit_date,e.employment_status,e.salary,datediff(month,e.join_date,coalesce(e.exit_date,current_date())) tenure_months from EMPLOYEE_ANALYTICS_DEV.STAGING.stg_employees e left join EMPLOYEE_ANALYTICS_DEV.STAGING.stg_departments d on e.department_id=d.department_id
        );
[0m09:33:45.889116 [debug] [Thread-5 (]: Opening a new connection, currently in state init
[0m09:33:46.807521 [debug] [Thread-3 (]: SQL status: SUCCESS 1 in 1.618 seconds
[0m09:33:46.810136 [info ] [Thread-3 (]: 13 of 20 OK created sql table model ANALYTICS.agg_employee_movement ............ [[32mSUCCESS 1[0m in 1.67s]
[0m09:33:46.810864 [debug] [Thread-3 (]: Finished running node model.employee_analytics.agg_employee_movement
[0m09:33:47.368018 [debug] [Thread-5 (]: SQL status: SUCCESS 1 in 1.479 seconds
[0m09:33:47.370588 [info ] [Thread-5 (]: 14 of 20 OK created sql table model ANALYTICS.dim_employees .................... [[32mSUCCESS 1[0m in 1.49s]
[0m09:33:47.371384 [debug] [Thread-5 (]: Finished running node model.employee_analytics.dim_employees
[0m09:33:47.372629 [debug] [Thread-2 (]: Began running node test.employee_analytics.assert_exit_date_valid
[0m09:33:47.373219 [debug] [Thread-4 (]: Began running node test.employee_analytics.assert_salary_positive
[0m09:33:47.373785 [debug] [Thread-3 (]: Began running node test.employee_analytics.not_null_dim_employees_employee_id.ef83a0c291
[0m09:33:47.374332 [debug] [Thread-5 (]: Began running node test.employee_analytics.not_null_dim_employees_salary.1690cd4958
[0m09:33:47.374894 [info ] [Thread-2 (]: 15 of 20 START test assert_exit_date_valid ..................................... [RUN]
[0m09:33:47.375527 [info ] [Thread-4 (]: 16 of 20 START test assert_salary_positive ..................................... [RUN]
[0m09:33:47.376070 [info ] [Thread-3 (]: 17 of 20 START test not_null_dim_employees_employee_id ......................... [RUN]
[0m09:33:47.376600 [info ] [Thread-5 (]: 18 of 20 START test not_null_dim_employees_salary .............................. [RUN]
[0m09:33:47.377213 [debug] [Thread-2 (]: Re-using an available connection from the pool (formerly test.employee_analytics.unique_stg_employees_employee_id.db72478d64, now test.employee_analytics.assert_exit_date_valid)
[0m09:33:47.377816 [debug] [Thread-4 (]: Re-using an available connection from the pool (formerly test.employee_analytics.relationships_stg_employee_events_employee_id__employee_id__ref_stg_employees_.d0912f39d6, now test.employee_analytics.assert_salary_positive)
[0m09:33:47.378391 [debug] [Thread-3 (]: Re-using an available connection from the pool (formerly model.employee_analytics.agg_employee_movement, now test.employee_analytics.not_null_dim_employees_employee_id.ef83a0c291)
[0m09:33:47.378938 [debug] [Thread-5 (]: Re-using an available connection from the pool (formerly model.employee_analytics.dim_employees, now test.employee_analytics.not_null_dim_employees_salary.1690cd4958)
[0m09:33:47.379534 [debug] [Thread-2 (]: Began compiling node test.employee_analytics.assert_exit_date_valid
[0m09:33:47.380023 [debug] [Thread-4 (]: Began compiling node test.employee_analytics.assert_salary_positive
[0m09:33:47.380516 [debug] [Thread-3 (]: Began compiling node test.employee_analytics.not_null_dim_employees_employee_id.ef83a0c291
[0m09:33:47.380987 [debug] [Thread-5 (]: Began compiling node test.employee_analytics.not_null_dim_employees_salary.1690cd4958
[0m09:33:47.385355 [debug] [Thread-2 (]: Writing injected SQL for node "test.employee_analytics.assert_exit_date_valid"
[0m09:33:47.389105 [debug] [Thread-4 (]: Writing injected SQL for node "test.employee_analytics.assert_salary_positive"
[0m09:33:47.394042 [debug] [Thread-3 (]: Writing injected SQL for node "test.employee_analytics.not_null_dim_employees_employee_id.ef83a0c291"
[0m09:33:47.400590 [debug] [Thread-5 (]: Writing injected SQL for node "test.employee_analytics.not_null_dim_employees_salary.1690cd4958"
[0m09:33:47.401658 [debug] [Thread-2 (]: Began executing node test.employee_analytics.assert_exit_date_valid
[0m09:33:47.402596 [debug] [Thread-4 (]: Began executing node test.employee_analytics.assert_salary_positive
[0m09:33:47.403383 [debug] [Thread-3 (]: Began executing node test.employee_analytics.not_null_dim_employees_employee_id.ef83a0c291
[0m09:33:47.406865 [debug] [Thread-2 (]: Writing runtime sql for node "test.employee_analytics.assert_exit_date_valid"
[0m09:33:47.407490 [debug] [Thread-5 (]: Began executing node test.employee_analytics.not_null_dim_employees_salary.1690cd4958
[0m09:33:47.410855 [debug] [Thread-4 (]: Writing runtime sql for node "test.employee_analytics.assert_salary_positive"
[0m09:33:47.414116 [debug] [Thread-3 (]: Writing runtime sql for node "test.employee_analytics.not_null_dim_employees_employee_id.ef83a0c291"
[0m09:33:47.418698 [debug] [Thread-5 (]: Writing runtime sql for node "test.employee_analytics.not_null_dim_employees_salary.1690cd4958"
[0m09:33:47.419671 [debug] [Thread-2 (]: Using snowflake connection "test.employee_analytics.assert_exit_date_valid"
[0m09:33:47.420888 [debug] [Thread-4 (]: Using snowflake connection "test.employee_analytics.assert_salary_positive"
[0m09:33:47.422253 [debug] [Thread-3 (]: Using snowflake connection "test.employee_analytics.not_null_dim_employees_employee_id.ef83a0c291"
[0m09:33:47.422811 [debug] [Thread-2 (]: On test.employee_analytics.assert_exit_date_valid: /* {"app": "dbt", "dbt_version": "1.9.4", "profile_name": "employee_analytics", "target_name": "dev", "node_id": "test.employee_analytics.assert_exit_date_valid"} */
select
      count(*) as failures,
      count(*) != 0 as should_warn,
      count(*) != 0 as should_error
    from (
      select * from EMPLOYEE_ANALYTICS_DEV.ANALYTICS.dim_employees where exit_date is not null and exit_date < join_date
      
    ) dbt_internal_test
[0m09:33:47.423805 [debug] [Thread-5 (]: Using snowflake connection "test.employee_analytics.not_null_dim_employees_salary.1690cd4958"
[0m09:33:47.424317 [debug] [Thread-4 (]: On test.employee_analytics.assert_salary_positive: /* {"app": "dbt", "dbt_version": "1.9.4", "profile_name": "employee_analytics", "target_name": "dev", "node_id": "test.employee_analytics.assert_salary_positive"} */
select
      count(*) as failures,
      count(*) != 0 as should_warn,
      count(*) != 0 as should_error
    from (
      select * from EMPLOYEE_ANALYTICS_DEV.ANALYTICS.dim_employees where salary <= 0
      
    ) dbt_internal_test
[0m09:33:47.424877 [debug] [Thread-3 (]: On test.employee_analytics.not_null_dim_employees_employee_id.ef83a0c291: /* {"app": "dbt", "dbt_version": "1.9.4", "profile_name": "employee_analytics", "target_name": "dev", "node_id": "test.employee_analytics.not_null_dim_employees_employee_id.ef83a0c291"} */
select
      count(*) as failures,
      count(*) != 0 as should_warn,
      count(*) != 0 as should_error
    from (
      
    
    



select employee_id
from EMPLOYEE_ANALYTICS_DEV.ANALYTICS.dim_employees
where employee_id is null



      
    ) dbt_internal_test
[0m09:33:47.425418 [debug] [Thread-2 (]: Opening a new connection, currently in state init
[0m09:33:47.425927 [debug] [Thread-5 (]: On test.employee_analytics.not_null_dim_employees_salary.1690cd4958: /* {"app": "dbt", "dbt_version": "1.9.4", "profile_name": "employee_analytics", "target_name": "dev", "node_id": "test.employee_analytics.not_null_dim_employees_salary.1690cd4958"} */
select
      count(*) as failures,
      count(*) != 0 as should_warn,
      count(*) != 0 as should_error
    from (
      
    
    



select salary
from EMPLOYEE_ANALYTICS_DEV.ANALYTICS.dim_employees
where salary is null



      
    ) dbt_internal_test
[0m09:33:47.426433 [debug] [Thread-4 (]: Opening a new connection, currently in state init
[0m09:33:47.426944 [debug] [Thread-3 (]: Opening a new connection, currently in state init
[0m09:33:47.427642 [debug] [Thread-5 (]: Opening a new connection, currently in state init
[0m09:33:48.207698 [debug] [Thread-3 (]: SQL status: SUCCESS 1 in 0.781 seconds
[0m09:33:48.208477 [debug] [Thread-4 (]: SQL status: SUCCESS 1 in 0.782 seconds
[0m09:33:48.209159 [debug] [Thread-5 (]: SQL status: SUCCESS 1 in 0.781 seconds
[0m09:33:48.209840 [debug] [Thread-2 (]: SQL status: SUCCESS 1 in 0.784 seconds
[0m09:33:48.212079 [info ] [Thread-3 (]: 17 of 20 PASS not_null_dim_employees_employee_id ............................... [[32mPASS[0m in 0.83s]
[0m09:33:48.214001 [info ] [Thread-4 (]: 16 of 20 PASS assert_salary_positive ........................................... [[32mPASS[0m in 0.84s]
[0m09:33:48.216002 [info ] [Thread-5 (]: 18 of 20 PASS not_null_dim_employees_salary .................................... [[32mPASS[0m in 0.84s]
[0m09:33:48.217851 [info ] [Thread-2 (]: 15 of 20 PASS assert_exit_date_valid ........................................... [[32mPASS[0m in 0.84s]
[0m09:33:48.218595 [debug] [Thread-3 (]: Finished running node test.employee_analytics.not_null_dim_employees_employee_id.ef83a0c291
[0m09:33:48.219339 [debug] [Thread-4 (]: Finished running node test.employee_analytics.assert_salary_positive
[0m09:33:48.220048 [debug] [Thread-5 (]: Finished running node test.employee_analytics.not_null_dim_employees_salary.1690cd4958
[0m09:33:48.220714 [debug] [Thread-2 (]: Finished running node test.employee_analytics.assert_exit_date_valid
[0m09:33:48.221326 [debug] [Thread-3 (]: Began running node test.employee_analytics.unique_dim_employees_employee_id.79828c8f30
[0m09:33:48.222600 [info ] [Thread-3 (]: 19 of 20 START test unique_dim_employees_employee_id ........................... [RUN]
[0m09:33:48.223330 [debug] [Thread-3 (]: Re-using an available connection from the pool (formerly test.employee_analytics.not_null_dim_employees_employee_id.ef83a0c291, now test.employee_analytics.unique_dim_employees_employee_id.79828c8f30)
[0m09:33:48.223854 [debug] [Thread-3 (]: Began compiling node test.employee_analytics.unique_dim_employees_employee_id.79828c8f30
[0m09:33:48.229328 [debug] [Thread-3 (]: Writing injected SQL for node "test.employee_analytics.unique_dim_employees_employee_id.79828c8f30"
[0m09:33:48.230047 [debug] [Thread-3 (]: Began executing node test.employee_analytics.unique_dim_employees_employee_id.79828c8f30
[0m09:33:48.233871 [debug] [Thread-3 (]: Writing runtime sql for node "test.employee_analytics.unique_dim_employees_employee_id.79828c8f30"
[0m09:33:48.235138 [debug] [Thread-3 (]: Using snowflake connection "test.employee_analytics.unique_dim_employees_employee_id.79828c8f30"
[0m09:33:48.235705 [debug] [Thread-3 (]: On test.employee_analytics.unique_dim_employees_employee_id.79828c8f30: /* {"app": "dbt", "dbt_version": "1.9.4", "profile_name": "employee_analytics", "target_name": "dev", "node_id": "test.employee_analytics.unique_dim_employees_employee_id.79828c8f30"} */
select
      count(*) as failures,
      count(*) != 0 as should_warn,
      count(*) != 0 as should_error
    from (
      
    
    

select
    employee_id as unique_field,
    count(*) as n_records

from EMPLOYEE_ANALYTICS_DEV.ANALYTICS.dim_employees
where employee_id is not null
group by employee_id
having count(*) > 1



      
    ) dbt_internal_test
[0m09:33:48.236240 [debug] [Thread-3 (]: Opening a new connection, currently in state init
[0m09:33:48.906441 [debug] [Thread-3 (]: SQL status: SUCCESS 1 in 0.670 seconds
[0m09:33:48.908700 [info ] [Thread-3 (]: 19 of 20 PASS unique_dim_employees_employee_id ................................. [[32mPASS[0m in 0.69s]
[0m09:33:48.909443 [debug] [Thread-3 (]: Finished running node test.employee_analytics.unique_dim_employees_employee_id.79828c8f30
[0m09:33:48.910535 [debug] [Thread-4 (]: Began running node model.employee_analytics.agg_department_summary
[0m09:33:48.911512 [info ] [Thread-4 (]: 20 of 20 START sql table model ANALYTICS.agg_department_summary ................ [RUN]
[0m09:33:48.912188 [debug] [Thread-4 (]: Re-using an available connection from the pool (formerly test.employee_analytics.assert_salary_positive, now model.employee_analytics.agg_department_summary)
[0m09:33:48.912703 [debug] [Thread-4 (]: Began compiling node model.employee_analytics.agg_department_summary
[0m09:33:48.916907 [debug] [Thread-4 (]: Writing injected SQL for node "model.employee_analytics.agg_department_summary"
[0m09:33:48.917681 [debug] [Thread-4 (]: Began executing node model.employee_analytics.agg_department_summary
[0m09:33:48.921572 [debug] [Thread-4 (]: Writing runtime sql for node "model.employee_analytics.agg_department_summary"
[0m09:33:48.922833 [debug] [Thread-4 (]: Using snowflake connection "model.employee_analytics.agg_department_summary"
[0m09:33:48.923439 [debug] [Thread-4 (]: On model.employee_analytics.agg_department_summary: /* {"app": "dbt", "dbt_version": "1.9.4", "profile_name": "employee_analytics", "target_name": "dev", "node_id": "model.employee_analytics.agg_department_summary"} */
create or replace transient table EMPLOYEE_ANALYTICS_DEV.ANALYTICS.agg_department_summary
         as
        (select department_name,count(*) total_employees,count_if(employment_status='ACTIVE') active_employees,count_if(employment_status='EXITED') exited_employees,round(avg(salary),2) avg_salary,round(avg(tenure_months),1) avg_tenure_months from EMPLOYEE_ANALYTICS_DEV.ANALYTICS.dim_employees group by department_name
        );
[0m09:33:48.923952 [debug] [Thread-4 (]: Opening a new connection, currently in state init
[0m09:33:50.225608 [debug] [Thread-4 (]: SQL status: SUCCESS 1 in 1.301 seconds
[0m09:33:50.230392 [info ] [Thread-4 (]: 20 of 20 OK created sql table model ANALYTICS.agg_department_summary ........... [[32mSUCCESS 1[0m in 1.32s]
[0m09:33:50.231184 [debug] [Thread-4 (]: Finished running node model.employee_analytics.agg_department_summary
[0m09:33:50.234523 [debug] [Dummy-1   ]: Connection 'master' was properly closed.
[0m09:33:50.235315 [debug] [Dummy-1   ]: Connection 'test.employee_analytics.assert_exit_date_valid' was properly closed.
[0m09:33:50.236036 [debug] [Dummy-1   ]: Connection 'test.employee_analytics.unique_dim_employees_employee_id.79828c8f30' was properly closed.
[0m09:33:50.236471 [debug] [Dummy-1   ]: Connection 'model.employee_analytics.agg_department_summary' was properly closed.
[0m09:33:50.236858 [debug] [Dummy-1   ]: Connection 'test.employee_analytics.not_null_dim_employees_salary.1690cd4958' was properly closed.
[0m09:33:50.237419 [info ] [Dummy-1   ]: 
[0m09:33:50.237871 [info ] [Dummy-1   ]: Finished running 3 table models, 14 data tests, 3 view models in 0 hours 0 minutes and 9.40 seconds (9.40s).
[0m09:33:50.240681 [debug] [Dummy-1   ]: Command end result
[0m09:33:50.264522 [debug] [Dummy-1   ]: Wrote artifact WritableManifest to /tmp/dbt/target/manifest.json
[0m09:33:50.266231 [debug] [Dummy-1   ]: Wrote artifact SemanticManifest to /tmp/dbt/target/semantic_manifest.json
[0m09:33:50.272611 [debug] [Dummy-1   ]: Wrote artifact RunExecutionResult to /tmp/dbt/target/run_results.json
[0m09:33:50.273088 [info ] [Dummy-1   ]: 
[0m09:33:50.273658 [info ] [Dummy-1   ]: [32mCompleted successfully[0m
[0m09:33:50.274174 [info ] [Dummy-1   ]: 
[0m09:33:50.274688 [info ] [Dummy-1   ]: Done. PASS=20 WARN=0 ERROR=0 SKIP=0 TOTAL=20
[0m09:33:50.276384 [debug] [Dummy-1   ]: Resource report: {"command_name": "build", "command_success": true, "command_wall_clock_time": 12.404565, "process_in_blocks": "0", "process_kernel_time": 0.97, "process_mem_max_rss": "520524", "process_out_blocks": "0", "process_user_time": 6.6}
[0m09:33:50.276991 [debug] [Dummy-1   ]: Command `cli build` succeeded at 09:33:50.276743 after 12.41 seconds
[0m09:33:50.277507 [debug] [Dummy-1   ]: Flushing usage events


============================== 10:18:40.120809 | 67a823b6-9d92-4e8c-91f6-7252645b5468 ==============================
[0m10:18:40.120809 [info ] [Dummy-1   ]: Running with dbt=1.9.4
[0m10:18:40.121738 [debug] [Dummy-1   ]: running dbt with arguments {'printer_width': '80', 'indirect_selection': 'eager', 'write_json': 'True', 'log_cache_events': 'False', 'partial_parse': 'True', 'cache_selected_only': 'False', 'profiles_dir': '/tmp/dbt/', 'fail_fast': 'False', 'debug': 'False', 'log_path': '/tmp/dbt/logs', 'version_check': 'True', 'warn_error': 'None', 'use_colors': 'True', 'use_experimental_parser': 'False', 'empty': 'False', 'quiet': 'False', 'no_print': 'None', 'warn_error_options': 'WarnErrorOptions(include=[], exclude=[])', 'invocation_command': 'dbt ', 'introspect': 'True', 'log_format': 'default', 'target_path': '/tmp/dbt/target', 'static_parser': 'True', 'send_anonymous_usage_stats': 'False'}
[0m10:18:40.407176 [info ] [Dummy-1   ]: Registered adapter: snowflake=1.9.2
[0m10:18:40.950546 [debug] [Dummy-1   ]: checksum: ab753f9482add4a846bb27025959f965636943c672cd904bd74aeb8fdb8e7fb1, vars: {}, profile: , target: stage, version: 1.9.4
[0m10:18:41.133964 [info ] [Dummy-1   ]: Unable to do partial parsing because config vars, config profile, or config target have changed
[0m10:18:41.134616 [debug] [Dummy-1   ]: previous checksum: ab753f9482add4a846bb27025959f965636943c672cd904bd74aeb8fdb8e7fb1, current checksum: 53ed91fada2233efb98368d1716b44ab532c83a9c293cf1890b7905d5b45fb25
[0m10:18:41.135083 [info ] [Dummy-1   ]: Unable to do partial parsing because profile has changed
[0m10:18:42.960365 [debug] [Dummy-1   ]: Wrote artifact WritableManifest to /tmp/dbt/target/manifest.json
[0m10:18:42.962581 [debug] [Dummy-1   ]: Wrote artifact SemanticManifest to /tmp/dbt/target/semantic_manifest.json
[0m10:18:43.026955 [info ] [Dummy-1   ]: Found 6 models, 14 data tests, 3 sources, 475 macros
[0m10:18:43.030569 [info ] [Dummy-1   ]: 
[0m10:18:43.031194 [info ] [Dummy-1   ]: Concurrency: 4 threads (target='stage')
[0m10:18:43.031664 [info ] [Dummy-1   ]: 
[0m10:18:43.032526 [debug] [Dummy-1   ]: Acquiring new snowflake connection 'master'
[0m10:18:43.039184 [debug] [ThreadPool]: Acquiring new snowflake connection 'list_EMPLOYEE_ANALYTICS_STAGE'
[0m10:18:43.041101 [debug] [ThreadPool]: Acquiring new snowflake connection 'list_EMPLOYEE_ANALYTICS_STAGE'
[0m10:18:43.132044 [debug] [ThreadPool]: Using snowflake connection "list_EMPLOYEE_ANALYTICS_STAGE"
[0m10:18:43.132814 [debug] [ThreadPool]: Using snowflake connection "list_EMPLOYEE_ANALYTICS_STAGE"
[0m10:18:43.133367 [debug] [ThreadPool]: On list_EMPLOYEE_ANALYTICS_STAGE: /* {"app": "dbt", "dbt_version": "1.9.4", "profile_name": "employee_analytics", "target_name": "stage", "connection_name": "list_EMPLOYEE_ANALYTICS_STAGE"} */
show terse schemas in database EMPLOYEE_ANALYTICS_STAGE
    limit 10000
[0m10:18:43.133877 [debug] [ThreadPool]: On list_EMPLOYEE_ANALYTICS_STAGE: /* {"app": "dbt", "dbt_version": "1.9.4", "profile_name": "employee_analytics", "target_name": "stage", "connection_name": "list_EMPLOYEE_ANALYTICS_STAGE"} */
show terse schemas in database EMPLOYEE_ANALYTICS_STAGE
    limit 10000
[0m10:18:43.134336 [debug] [ThreadPool]: Opening a new connection, currently in state init
[0m10:18:43.134791 [debug] [ThreadPool]: Opening a new connection, currently in state init
[0m10:18:44.020192 [debug] [ThreadPool]: SQL status: SUCCESS 6 in 0.885 seconds
[0m10:18:44.041286 [debug] [ThreadPool]: SQL status: SUCCESS 6 in 0.907 seconds
[0m10:18:44.046155 [debug] [ThreadPool]: Acquiring new snowflake connection 'list_EMPLOYEE_ANALYTICS_STAGE_STAGING'
[0m10:18:44.047919 [debug] [ThreadPool]: Re-using an available connection from the pool (formerly list_EMPLOYEE_ANALYTICS_STAGE, now list_EMPLOYEE_ANALYTICS_STAGE_ANALYTICS)
[0m10:18:44.061523 [debug] [ThreadPool]: Using snowflake connection "list_EMPLOYEE_ANALYTICS_STAGE_STAGING"
[0m10:18:44.065444 [debug] [ThreadPool]: Using snowflake connection "list_EMPLOYEE_ANALYTICS_STAGE_ANALYTICS"
[0m10:18:44.066031 [debug] [ThreadPool]: On list_EMPLOYEE_ANALYTICS_STAGE_STAGING: /* {"app": "dbt", "dbt_version": "1.9.4", "profile_name": "employee_analytics", "target_name": "stage", "connection_name": "list_EMPLOYEE_ANALYTICS_STAGE_STAGING"} */
alter session set quoted_identifiers_ignore_case = false;
[0m10:18:44.066542 [debug] [ThreadPool]: On list_EMPLOYEE_ANALYTICS_STAGE_ANALYTICS: /* {"app": "dbt", "dbt_version": "1.9.4", "profile_name": "employee_analytics", "target_name": "stage", "connection_name": "list_EMPLOYEE_ANALYTICS_STAGE_ANALYTICS"} */
alter session set quoted_identifiers_ignore_case = false;
[0m10:18:44.066998 [debug] [ThreadPool]: Opening a new connection, currently in state init
[0m10:18:44.067495 [debug] [ThreadPool]: Opening a new connection, currently in state init
[0m10:18:44.576636 [debug] [ThreadPool]: SQL status: SUCCESS 1 in 0.509 seconds
[0m10:18:44.581532 [debug] [ThreadPool]: Using snowflake connection "list_EMPLOYEE_ANALYTICS_STAGE_STAGING"
[0m10:18:44.582117 [debug] [ThreadPool]: On list_EMPLOYEE_ANALYTICS_STAGE_STAGING: /* {"app": "dbt", "dbt_version": "1.9.4", "profile_name": "employee_analytics", "target_name": "stage", "connection_name": "list_EMPLOYEE_ANALYTICS_STAGE_STAGING"} */
show objects in EMPLOYEE_ANALYTICS_STAGE.STAGING
    limit 10000
    
;
[0m10:18:44.648665 [debug] [ThreadPool]: SQL status: SUCCESS 1 in 0.581 seconds
[0m10:18:44.650771 [debug] [ThreadPool]: Using snowflake connection "list_EMPLOYEE_ANALYTICS_STAGE_ANALYTICS"
[0m10:18:44.651346 [debug] [ThreadPool]: On list_EMPLOYEE_ANALYTICS_STAGE_ANALYTICS: /* {"app": "dbt", "dbt_version": "1.9.4", "profile_name": "employee_analytics", "target_name": "stage", "connection_name": "list_EMPLOYEE_ANALYTICS_STAGE_ANALYTICS"} */
show objects in EMPLOYEE_ANALYTICS_STAGE.ANALYTICS
    limit 10000
    
;
[0m10:18:44.721363 [debug] [ThreadPool]: SQL status: SUCCESS 0 in 0.139 seconds
[0m10:18:44.723400 [debug] [ThreadPool]: Using snowflake connection "list_EMPLOYEE_ANALYTICS_STAGE_STAGING"
[0m10:18:44.724035 [debug] [ThreadPool]: On list_EMPLOYEE_ANALYTICS_STAGE_STAGING: /* {"app": "dbt", "dbt_version": "1.9.4", "profile_name": "employee_analytics", "target_name": "stage", "connection_name": "list_EMPLOYEE_ANALYTICS_STAGE_STAGING"} */
alter session unset quoted_identifiers_ignore_case;
[0m10:18:44.803856 [debug] [ThreadPool]: SQL status: SUCCESS 0 in 0.152 seconds
[0m10:18:44.805922 [debug] [ThreadPool]: Using snowflake connection "list_EMPLOYEE_ANALYTICS_STAGE_ANALYTICS"
[0m10:18:44.806471 [debug] [ThreadPool]: On list_EMPLOYEE_ANALYTICS_STAGE_ANALYTICS: /* {"app": "dbt", "dbt_version": "1.9.4", "profile_name": "employee_analytics", "target_name": "stage", "connection_name": "list_EMPLOYEE_ANALYTICS_STAGE_ANALYTICS"} */
alter session unset quoted_identifiers_ignore_case;
[0m10:18:44.822367 [debug] [ThreadPool]: SQL status: SUCCESS 1 in 0.098 seconds
[0m10:18:44.889880 [debug] [ThreadPool]: SQL status: SUCCESS 1 in 0.083 seconds
[0m10:18:44.902155 [debug] [Thread-2 (]: Began running node model.employee_analytics.stg_departments
[0m10:18:44.902835 [debug] [Thread-3 (]: Began running node model.employee_analytics.stg_employee_events
[0m10:18:44.903464 [debug] [Thread-4 (]: Began running node model.employee_analytics.stg_employees
[0m10:18:44.904361 [info ] [Thread-2 (]: 1 of 20 START sql view model STAGING.stg_departments ........................... [RUN]
[0m10:18:44.905125 [info ] [Thread-3 (]: 2 of 20 START sql view model STAGING.stg_employee_events ....................... [RUN]
[0m10:18:44.905817 [info ] [Thread-4 (]: 3 of 20 START sql view model STAGING.stg_employees ............................. [RUN]
[0m10:18:44.906526 [debug] [Thread-2 (]: Re-using an available connection from the pool (formerly list_EMPLOYEE_ANALYTICS_STAGE_STAGING, now model.employee_analytics.stg_departments)
[0m10:18:44.907136 [debug] [Thread-3 (]: Re-using an available connection from the pool (formerly list_EMPLOYEE_ANALYTICS_STAGE_ANALYTICS, now model.employee_analytics.stg_employee_events)
[0m10:18:44.907745 [debug] [Thread-4 (]: Re-using an available connection from the pool (formerly list_EMPLOYEE_ANALYTICS_STAGE, now model.employee_analytics.stg_employees)
[0m10:18:44.908376 [debug] [Thread-2 (]: Began compiling node model.employee_analytics.stg_departments
[0m10:18:44.908909 [debug] [Thread-3 (]: Began compiling node model.employee_analytics.stg_employee_events
[0m10:18:44.909435 [debug] [Thread-4 (]: Began compiling node model.employee_analytics.stg_employees
[0m10:18:44.918758 [debug] [Thread-2 (]: Writing injected SQL for node "model.employee_analytics.stg_departments"
[0m10:18:44.925649 [debug] [Thread-3 (]: Writing injected SQL for node "model.employee_analytics.stg_employee_events"
[0m10:18:44.930562 [debug] [Thread-4 (]: Writing injected SQL for node "model.employee_analytics.stg_employees"
[0m10:18:44.931946 [debug] [Thread-2 (]: Began executing node model.employee_analytics.stg_departments
[0m10:18:44.932800 [debug] [Thread-3 (]: Began executing node model.employee_analytics.stg_employee_events
[0m10:18:44.950669 [debug] [Thread-4 (]: Began executing node model.employee_analytics.stg_employees
[0m10:18:44.980700 [debug] [Thread-3 (]: Writing runtime sql for node "model.employee_analytics.stg_employee_events"
[0m10:18:44.976411 [debug] [Thread-2 (]: Writing runtime sql for node "model.employee_analytics.stg_departments"
[0m10:18:44.986853 [debug] [Thread-4 (]: Writing runtime sql for node "model.employee_analytics.stg_employees"
[0m10:18:44.988601 [debug] [Thread-3 (]: Using snowflake connection "model.employee_analytics.stg_employee_events"
[0m10:18:44.989940 [debug] [Thread-2 (]: Using snowflake connection "model.employee_analytics.stg_departments"
[0m10:18:44.990690 [debug] [Thread-3 (]: On model.employee_analytics.stg_employee_events: /* {"app": "dbt", "dbt_version": "1.9.4", "profile_name": "employee_analytics", "target_name": "stage", "node_id": "model.employee_analytics.stg_employee_events"} */
create or replace   view EMPLOYEE_ANALYTICS_STAGE.STAGING.stg_employee_events
  
   as (
    select event_id,employee_id,upper(trim(event_type)) event_type,event_date,old_value,new_value from EMPLOYEE_ANALYTICS_STAGE.RAW.EMPLOYEE_EVENTS
  );
[0m10:18:44.991871 [debug] [Thread-4 (]: Using snowflake connection "model.employee_analytics.stg_employees"
[0m10:18:44.992490 [debug] [Thread-2 (]: On model.employee_analytics.stg_departments: /* {"app": "dbt", "dbt_version": "1.9.4", "profile_name": "employee_analytics", "target_name": "stage", "node_id": "model.employee_analytics.stg_departments"} */
create or replace   view EMPLOYEE_ANALYTICS_STAGE.STAGING.stg_departments
  
   as (
    select department_id,trim(department_name) department_name,trim(department_head) department_head,trim(cost_center) cost_center from EMPLOYEE_ANALYTICS_STAGE.RAW.DEPARTMENTS
  );
[0m10:18:44.993078 [debug] [Thread-3 (]: Opening a new connection, currently in state init
[0m10:18:44.993659 [debug] [Thread-4 (]: On model.employee_analytics.stg_employees: /* {"app": "dbt", "dbt_version": "1.9.4", "profile_name": "employee_analytics", "target_name": "stage", "node_id": "model.employee_analytics.stg_employees"} */
create or replace   view EMPLOYEE_ANALYTICS_STAGE.STAGING.stg_employees
  
   as (
    select employee_id,trim(employee_name) employee_name,lower(trim(email)) email,department_id,trim(job_title) job_title,join_date,exit_date,upper(trim(employment_status)) employment_status,salary,updated_at from EMPLOYEE_ANALYTICS_STAGE.RAW.EMPLOYEES
  );
[0m10:18:44.994226 [debug] [Thread-2 (]: Opening a new connection, currently in state init
[0m10:18:44.994878 [debug] [Thread-4 (]: Opening a new connection, currently in state init
[0m10:18:45.915060 [debug] [Thread-3 (]: SQL status: SUCCESS 1 in 0.922 seconds
[0m10:18:45.923905 [debug] [Thread-4 (]: SQL status: SUCCESS 1 in 0.929 seconds
[0m10:18:45.930285 [debug] [Thread-2 (]: SQL status: SUCCESS 1 in 0.936 seconds
[0m10:18:45.947594 [info ] [Thread-3 (]: 2 of 20 OK created sql view model STAGING.stg_employee_events .................. [[32mSUCCESS 1[0m in 1.03s]
[0m10:18:45.948441 [info ] [Thread-4 (]: 3 of 20 OK created sql view model STAGING.stg_employees ........................ [[32mSUCCESS 1[0m in 1.04s]
[0m10:18:45.949168 [info ] [Thread-2 (]: 1 of 20 OK created sql view model STAGING.stg_departments ...................... [[32mSUCCESS 1[0m in 1.04s]
[0m10:18:45.949925 [debug] [Thread-3 (]: Finished running node model.employee_analytics.stg_employee_events
[0m10:18:45.950602 [debug] [Thread-4 (]: Finished running node model.employee_analytics.stg_employees
[0m10:18:45.951253 [debug] [Thread-2 (]: Finished running node model.employee_analytics.stg_departments
[0m10:18:45.952560 [debug] [Thread-5 (]: Began running node test.employee_analytics.not_null_stg_employee_events_event_id.ec250bcb52
[0m10:18:45.953110 [debug] [Thread-3 (]: Began running node test.employee_analytics.unique_stg_employee_events_event_id.d61930ab8c
[0m10:18:45.954147 [debug] [Thread-4 (]: Began running node test.employee_analytics.accepted_values_stg_employees_employment_status__ACTIVE__EXITED.696b0099c8
[0m10:18:45.954725 [debug] [Thread-2 (]: Began running node test.employee_analytics.not_null_stg_employees_department_id.a7701eed35
[0m10:18:45.955544 [info ] [Thread-5 (]: 4 of 20 START test not_null_stg_employee_events_event_id ....................... [RUN]
[0m10:18:45.956257 [info ] [Thread-3 (]: 5 of 20 START test unique_stg_employee_events_event_id ......................... [RUN]
[0m10:18:45.956900 [info ] [Thread-4 (]: 6 of 20 START test accepted_values_stg_employees_employment_status__ACTIVE__EXITED  [RUN]
[0m10:18:45.957521 [info ] [Thread-2 (]: 7 of 20 START test not_null_stg_employees_department_id ........................ [RUN]
[0m10:18:45.958369 [debug] [Thread-5 (]: Acquiring new snowflake connection 'test.employee_analytics.not_null_stg_employee_events_event_id.ec250bcb52'
[0m10:18:45.959028 [debug] [Thread-3 (]: Re-using an available connection from the pool (formerly model.employee_analytics.stg_employee_events, now test.employee_analytics.unique_stg_employee_events_event_id.d61930ab8c)
[0m10:18:45.959652 [debug] [Thread-4 (]: Re-using an available connection from the pool (formerly model.employee_analytics.stg_employees, now test.employee_analytics.accepted_values_stg_employees_employment_status__ACTIVE__EXITED.696b0099c8)
[0m10:18:45.960305 [debug] [Thread-2 (]: Re-using an available connection from the pool (formerly model.employee_analytics.stg_departments, now test.employee_analytics.not_null_stg_employees_department_id.a7701eed35)
[0m10:18:45.960886 [debug] [Thread-5 (]: Began compiling node test.employee_analytics.not_null_stg_employee_events_event_id.ec250bcb52
[0m10:18:45.961397 [debug] [Thread-3 (]: Began compiling node test.employee_analytics.unique_stg_employee_events_event_id.d61930ab8c
[0m10:18:45.961868 [debug] [Thread-4 (]: Began compiling node test.employee_analytics.accepted_values_stg_employees_employment_status__ACTIVE__EXITED.696b0099c8
[0m10:18:45.962331 [debug] [Thread-2 (]: Began compiling node test.employee_analytics.not_null_stg_employees_department_id.a7701eed35
[0m10:18:45.973845 [debug] [Thread-5 (]: Writing injected SQL for node "test.employee_analytics.not_null_stg_employee_events_event_id.ec250bcb52"
[0m10:18:45.982315 [debug] [Thread-3 (]: Writing injected SQL for node "test.employee_analytics.unique_stg_employee_events_event_id.d61930ab8c"
[0m10:18:45.988502 [debug] [Thread-4 (]: Writing injected SQL for node "test.employee_analytics.accepted_values_stg_employees_employment_status__ACTIVE__EXITED.696b0099c8"
[0m10:18:45.996573 [debug] [Thread-2 (]: Writing injected SQL for node "test.employee_analytics.not_null_stg_employees_department_id.a7701eed35"
[0m10:18:45.997908 [debug] [Thread-5 (]: Began executing node test.employee_analytics.not_null_stg_employee_events_event_id.ec250bcb52
[0m10:18:45.998846 [debug] [Thread-3 (]: Began executing node test.employee_analytics.unique_stg_employee_events_event_id.d61930ab8c
[0m10:18:45.999864 [debug] [Thread-4 (]: Began executing node test.employee_analytics.accepted_values_stg_employees_employment_status__ACTIVE__EXITED.696b0099c8
[0m10:18:46.017755 [debug] [Thread-2 (]: Began executing node test.employee_analytics.not_null_stg_employees_department_id.a7701eed35
[0m10:18:46.020561 [debug] [Thread-5 (]: Writing runtime sql for node "test.employee_analytics.not_null_stg_employee_events_event_id.ec250bcb52"
[0m10:18:46.024669 [debug] [Thread-3 (]: Writing runtime sql for node "test.employee_analytics.unique_stg_employee_events_event_id.d61930ab8c"
[0m10:18:46.028797 [debug] [Thread-4 (]: Writing runtime sql for node "test.employee_analytics.accepted_values_stg_employees_employment_status__ACTIVE__EXITED.696b0099c8"
[0m10:18:46.032815 [debug] [Thread-2 (]: Writing runtime sql for node "test.employee_analytics.not_null_stg_employees_department_id.a7701eed35"
[0m10:18:46.034514 [debug] [Thread-5 (]: Using snowflake connection "test.employee_analytics.not_null_stg_employee_events_event_id.ec250bcb52"
[0m10:18:46.036018 [debug] [Thread-3 (]: Using snowflake connection "test.employee_analytics.unique_stg_employee_events_event_id.d61930ab8c"
[0m10:18:46.037529 [debug] [Thread-4 (]: Using snowflake connection "test.employee_analytics.accepted_values_stg_employees_employment_status__ACTIVE__EXITED.696b0099c8"
[0m10:18:46.039761 [debug] [Thread-5 (]: On test.employee_analytics.not_null_stg_employee_events_event_id.ec250bcb52: /* {"app": "dbt", "dbt_version": "1.9.4", "profile_name": "employee_analytics", "target_name": "stage", "node_id": "test.employee_analytics.not_null_stg_employee_events_event_id.ec250bcb52"} */
select
      count(*) as failures,
      count(*) != 0 as should_warn,
      count(*) != 0 as should_error
    from (
      
    
    



select event_id
from EMPLOYEE_ANALYTICS_STAGE.STAGING.stg_employee_events
where event_id is null



      
    ) dbt_internal_test
[0m10:18:46.040939 [debug] [Thread-2 (]: Using snowflake connection "test.employee_analytics.not_null_stg_employees_department_id.a7701eed35"
[0m10:18:46.041609 [debug] [Thread-3 (]: On test.employee_analytics.unique_stg_employee_events_event_id.d61930ab8c: /* {"app": "dbt", "dbt_version": "1.9.4", "profile_name": "employee_analytics", "target_name": "stage", "node_id": "test.employee_analytics.unique_stg_employee_events_event_id.d61930ab8c"} */
select
      count(*) as failures,
      count(*) != 0 as should_warn,
      count(*) != 0 as should_error
    from (
      
    
    

select
    event_id as unique_field,
    count(*) as n_records

from EMPLOYEE_ANALYTICS_STAGE.STAGING.stg_employee_events
where event_id is not null
group by event_id
having count(*) > 1



      
    ) dbt_internal_test
[0m10:18:46.042283 [debug] [Thread-4 (]: On test.employee_analytics.accepted_values_stg_employees_employment_status__ACTIVE__EXITED.696b0099c8: /* {"app": "dbt", "dbt_version": "1.9.4", "profile_name": "employee_analytics", "target_name": "stage", "node_id": "test.employee_analytics.accepted_values_stg_employees_employment_status__ACTIVE__EXITED.696b0099c8"} */
select
      count(*) as failures,
      count(*) != 0 as should_warn,
      count(*) != 0 as should_error
    from (
      
    
    

with all_values as (

    select
        employment_status as value_field,
        count(*) as n_records

    from EMPLOYEE_ANALYTICS_STAGE.STAGING.stg_employees
    group by employment_status

)

select *
from all_values
where value_field not in (
    'ACTIVE','EXITED'
)



      
    ) dbt_internal_test
[0m10:18:46.042885 [debug] [Thread-5 (]: Opening a new connection, currently in state init
[0m10:18:46.043492 [debug] [Thread-2 (]: On test.employee_analytics.not_null_stg_employees_department_id.a7701eed35: /* {"app": "dbt", "dbt_version": "1.9.4", "profile_name": "employee_analytics", "target_name": "stage", "node_id": "test.employee_analytics.not_null_stg_employees_department_id.a7701eed35"} */
select
      count(*) as failures,
      count(*) != 0 as should_warn,
      count(*) != 0 as should_error
    from (
      
    
    



select department_id
from EMPLOYEE_ANALYTICS_STAGE.STAGING.stg_employees
where department_id is null



      
    ) dbt_internal_test
[0m10:18:46.044179 [debug] [Thread-3 (]: Opening a new connection, currently in state init
[0m10:18:46.044733 [debug] [Thread-4 (]: Opening a new connection, currently in state init
[0m10:18:46.045506 [debug] [Thread-2 (]: Opening a new connection, currently in state init
[0m10:18:46.766699 [debug] [Thread-2 (]: SQL status: SUCCESS 1 in 0.721 seconds
[0m10:18:46.771061 [info ] [Thread-2 (]: 7 of 20 PASS not_null_stg_employees_department_id .............................. [[32mPASS[0m in 0.81s]
[0m10:18:46.772083 [debug] [Thread-2 (]: Finished running node test.employee_analytics.not_null_stg_employees_department_id.a7701eed35
[0m10:18:46.772766 [debug] [Thread-2 (]: Began running node test.employee_analytics.not_null_stg_employees_employee_id.7f6f73d15b
[0m10:18:46.773472 [info ] [Thread-2 (]: 8 of 20 START test not_null_stg_employees_employee_id .......................... [RUN]
[0m10:18:46.774172 [debug] [Thread-2 (]: Re-using an available connection from the pool (formerly test.employee_analytics.not_null_stg_employees_department_id.a7701eed35, now test.employee_analytics.not_null_stg_employees_employee_id.7f6f73d15b)
[0m10:18:46.774658 [debug] [Thread-2 (]: Began compiling node test.employee_analytics.not_null_stg_employees_employee_id.7f6f73d15b
[0m10:18:46.781093 [debug] [Thread-2 (]: Writing injected SQL for node "test.employee_analytics.not_null_stg_employees_employee_id.7f6f73d15b"
[0m10:18:46.781997 [debug] [Thread-2 (]: Began executing node test.employee_analytics.not_null_stg_employees_employee_id.7f6f73d15b
[0m10:18:46.786243 [debug] [Thread-2 (]: Writing runtime sql for node "test.employee_analytics.not_null_stg_employees_employee_id.7f6f73d15b"
[0m10:18:46.787562 [debug] [Thread-2 (]: Using snowflake connection "test.employee_analytics.not_null_stg_employees_employee_id.7f6f73d15b"
[0m10:18:46.788270 [debug] [Thread-2 (]: On test.employee_analytics.not_null_stg_employees_employee_id.7f6f73d15b: /* {"app": "dbt", "dbt_version": "1.9.4", "profile_name": "employee_analytics", "target_name": "stage", "node_id": "test.employee_analytics.not_null_stg_employees_employee_id.7f6f73d15b"} */
select
      count(*) as failures,
      count(*) != 0 as should_warn,
      count(*) != 0 as should_error
    from (
      
    
    



select employee_id
from EMPLOYEE_ANALYTICS_STAGE.STAGING.stg_employees
where employee_id is null



      
    ) dbt_internal_test
[0m10:18:46.788826 [debug] [Thread-2 (]: Opening a new connection, currently in state init
[0m10:18:46.793031 [debug] [Thread-5 (]: SQL status: SUCCESS 1 in 0.750 seconds
[0m10:18:46.795579 [info ] [Thread-5 (]: 4 of 20 PASS not_null_stg_employee_events_event_id ............................. [[32mPASS[0m in 0.84s]
[0m10:18:46.796569 [debug] [Thread-5 (]: Finished running node test.employee_analytics.not_null_stg_employee_events_event_id.ec250bcb52
[0m10:18:46.797256 [debug] [Thread-5 (]: Began running node test.employee_analytics.relationships_stg_employee_events_employee_id__employee_id__ref_stg_employees_.d0912f39d6
[0m10:18:46.797950 [info ] [Thread-5 (]: 9 of 20 START test relationships_stg_employee_events_employee_id__employee_id__ref_stg_employees_  [RUN]
[0m10:18:46.798647 [debug] [Thread-5 (]: Re-using an available connection from the pool (formerly test.employee_analytics.not_null_stg_employee_events_event_id.ec250bcb52, now test.employee_analytics.relationships_stg_employee_events_employee_id__employee_id__ref_stg_employees_.d0912f39d6)
[0m10:18:46.799180 [debug] [Thread-5 (]: Began compiling node test.employee_analytics.relationships_stg_employee_events_employee_id__employee_id__ref_stg_employees_.d0912f39d6
[0m10:18:46.806686 [debug] [Thread-5 (]: Writing injected SQL for node "test.employee_analytics.relationships_stg_employee_events_employee_id__employee_id__ref_stg_employees_.d0912f39d6"
[0m10:18:46.807556 [debug] [Thread-5 (]: Began executing node test.employee_analytics.relationships_stg_employee_events_employee_id__employee_id__ref_stg_employees_.d0912f39d6
[0m10:18:46.811626 [debug] [Thread-5 (]: Writing runtime sql for node "test.employee_analytics.relationships_stg_employee_events_employee_id__employee_id__ref_stg_employees_.d0912f39d6"
[0m10:18:46.813201 [debug] [Thread-5 (]: Using snowflake connection "test.employee_analytics.relationships_stg_employee_events_employee_id__employee_id__ref_stg_employees_.d0912f39d6"
[0m10:18:46.813788 [debug] [Thread-5 (]: On test.employee_analytics.relationships_stg_employee_events_employee_id__employee_id__ref_stg_employees_.d0912f39d6: /* {"app": "dbt", "dbt_version": "1.9.4", "profile_name": "employee_analytics", "target_name": "stage", "node_id": "test.employee_analytics.relationships_stg_employee_events_employee_id__employee_id__ref_stg_employees_.d0912f39d6"} */
select
      count(*) as failures,
      count(*) != 0 as should_warn,
      count(*) != 0 as should_error
    from (
      
    
    

with child as (
    select employee_id as from_field
    from EMPLOYEE_ANALYTICS_STAGE.STAGING.stg_employee_events
    where employee_id is not null
),

parent as (
    select employee_id as to_field
    from EMPLOYEE_ANALYTICS_STAGE.STAGING.stg_employees
)

select
    from_field

from child
left join parent
    on child.from_field = parent.to_field

where parent.to_field is null



      
    ) dbt_internal_test
[0m10:18:46.814319 [debug] [Thread-5 (]: Opening a new connection, currently in state init
[0m10:18:46.866139 [debug] [Thread-3 (]: SQL status: SUCCESS 1 in 0.822 seconds
[0m10:18:46.870537 [info ] [Thread-3 (]: 5 of 20 PASS unique_stg_employee_events_event_id ............................... [[32mPASS[0m in 0.91s]
[0m10:18:46.871468 [debug] [Thread-4 (]: SQL status: SUCCESS 1 in 0.827 seconds
[0m10:18:46.872278 [debug] [Thread-3 (]: Finished running node test.employee_analytics.unique_stg_employee_events_event_id.d61930ab8c
[0m10:18:46.874491 [info ] [Thread-4 (]: 6 of 20 PASS accepted_values_stg_employees_employment_status__ACTIVE__EXITED ... [[32mPASS[0m in 0.91s]
[0m10:18:46.875283 [debug] [Thread-3 (]: Began running node test.employee_analytics.unique_stg_employees_employee_id.db72478d64
[0m10:18:46.876414 [debug] [Thread-4 (]: Finished running node test.employee_analytics.accepted_values_stg_employees_employment_status__ACTIVE__EXITED.696b0099c8
[0m10:18:46.876984 [info ] [Thread-3 (]: 10 of 20 START test unique_stg_employees_employee_id ........................... [RUN]
[0m10:18:46.877609 [debug] [Thread-4 (]: Began running node test.employee_analytics.not_null_stg_departments_department_id.ce7f6f5cf8
[0m10:18:46.878340 [debug] [Thread-3 (]: Re-using an available connection from the pool (formerly test.employee_analytics.unique_stg_employee_events_event_id.d61930ab8c, now test.employee_analytics.unique_stg_employees_employee_id.db72478d64)
[0m10:18:46.878913 [info ] [Thread-4 (]: 11 of 20 START test not_null_stg_departments_department_id ..................... [RUN]
[0m10:18:46.879563 [debug] [Thread-3 (]: Began compiling node test.employee_analytics.unique_stg_employees_employee_id.db72478d64
[0m10:18:46.880357 [debug] [Thread-4 (]: Re-using an available connection from the pool (formerly test.employee_analytics.accepted_values_stg_employees_employment_status__ACTIVE__EXITED.696b0099c8, now test.employee_analytics.not_null_stg_departments_department_id.ce7f6f5cf8)
[0m10:18:46.886224 [debug] [Thread-3 (]: Writing injected SQL for node "test.employee_analytics.unique_stg_employees_employee_id.db72478d64"
[0m10:18:46.886840 [debug] [Thread-4 (]: Began compiling node test.employee_analytics.not_null_stg_departments_department_id.ce7f6f5cf8
[0m10:18:46.893090 [debug] [Thread-4 (]: Writing injected SQL for node "test.employee_analytics.not_null_stg_departments_department_id.ce7f6f5cf8"
[0m10:18:46.901526 [debug] [Thread-3 (]: Began executing node test.employee_analytics.unique_stg_employees_employee_id.db72478d64
[0m10:18:46.906259 [debug] [Thread-3 (]: Writing runtime sql for node "test.employee_analytics.unique_stg_employees_employee_id.db72478d64"
[0m10:18:46.906943 [debug] [Thread-4 (]: Began executing node test.employee_analytics.not_null_stg_departments_department_id.ce7f6f5cf8
[0m10:18:46.918602 [debug] [Thread-4 (]: Writing runtime sql for node "test.employee_analytics.not_null_stg_departments_department_id.ce7f6f5cf8"
[0m10:18:46.920216 [debug] [Thread-3 (]: Using snowflake connection "test.employee_analytics.unique_stg_employees_employee_id.db72478d64"
[0m10:18:46.921342 [debug] [Thread-3 (]: On test.employee_analytics.unique_stg_employees_employee_id.db72478d64: /* {"app": "dbt", "dbt_version": "1.9.4", "profile_name": "employee_analytics", "target_name": "stage", "node_id": "test.employee_analytics.unique_stg_employees_employee_id.db72478d64"} */
select
      count(*) as failures,
      count(*) != 0 as should_warn,
      count(*) != 0 as should_error
    from (
      
    
    

select
    employee_id as unique_field,
    count(*) as n_records

from EMPLOYEE_ANALYTICS_STAGE.STAGING.stg_employees
where employee_id is not null
group by employee_id
having count(*) > 1



      
    ) dbt_internal_test
[0m10:18:46.922370 [debug] [Thread-4 (]: Using snowflake connection "test.employee_analytics.not_null_stg_departments_department_id.ce7f6f5cf8"
[0m10:18:46.922928 [debug] [Thread-3 (]: Opening a new connection, currently in state init
[0m10:18:46.923558 [debug] [Thread-4 (]: On test.employee_analytics.not_null_stg_departments_department_id.ce7f6f5cf8: /* {"app": "dbt", "dbt_version": "1.9.4", "profile_name": "employee_analytics", "target_name": "stage", "node_id": "test.employee_analytics.not_null_stg_departments_department_id.ce7f6f5cf8"} */
select
      count(*) as failures,
      count(*) != 0 as should_warn,
      count(*) != 0 as should_error
    from (
      
    
    



select department_id
from EMPLOYEE_ANALYTICS_STAGE.STAGING.stg_departments
where department_id is null



      
    ) dbt_internal_test
[0m10:18:46.924352 [debug] [Thread-4 (]: Opening a new connection, currently in state init
[0m10:18:47.340511 [debug] [Thread-2 (]: SQL status: SUCCESS 1 in 0.551 seconds
[0m10:18:47.342889 [info ] [Thread-2 (]: 8 of 20 PASS not_null_stg_employees_employee_id ................................ [[32mPASS[0m in 0.57s]
[0m10:18:47.343700 [debug] [Thread-2 (]: Finished running node test.employee_analytics.not_null_stg_employees_employee_id.7f6f73d15b
[0m10:18:47.344396 [debug] [Thread-2 (]: Began running node test.employee_analytics.unique_stg_departments_department_id.8e1b8b707b
[0m10:18:47.345016 [info ] [Thread-2 (]: 12 of 20 START test unique_stg_departments_department_id ....................... [RUN]
[0m10:18:47.345670 [debug] [Thread-2 (]: Re-using an available connection from the pool (formerly test.employee_analytics.not_null_stg_employees_employee_id.7f6f73d15b, now test.employee_analytics.unique_stg_departments_department_id.8e1b8b707b)
[0m10:18:47.346173 [debug] [Thread-2 (]: Began compiling node test.employee_analytics.unique_stg_departments_department_id.8e1b8b707b
[0m10:18:47.354432 [debug] [Thread-2 (]: Writing injected SQL for node "test.employee_analytics.unique_stg_departments_department_id.8e1b8b707b"
[0m10:18:47.356226 [debug] [Thread-2 (]: Began executing node test.employee_analytics.unique_stg_departments_department_id.8e1b8b707b
[0m10:18:47.360298 [debug] [Thread-2 (]: Writing runtime sql for node "test.employee_analytics.unique_stg_departments_department_id.8e1b8b707b"
[0m10:18:47.361681 [debug] [Thread-2 (]: Using snowflake connection "test.employee_analytics.unique_stg_departments_department_id.8e1b8b707b"
[0m10:18:47.362306 [debug] [Thread-2 (]: On test.employee_analytics.unique_stg_departments_department_id.8e1b8b707b: /* {"app": "dbt", "dbt_version": "1.9.4", "profile_name": "employee_analytics", "target_name": "stage", "node_id": "test.employee_analytics.unique_stg_departments_department_id.8e1b8b707b"} */
select
      count(*) as failures,
      count(*) != 0 as should_warn,
      count(*) != 0 as should_error
    from (
      
    
    

select
    department_id as unique_field,
    count(*) as n_records

from EMPLOYEE_ANALYTICS_STAGE.STAGING.stg_departments
where department_id is not null
group by department_id
having count(*) > 1



      
    ) dbt_internal_test
[0m10:18:47.362832 [debug] [Thread-2 (]: Opening a new connection, currently in state init
[0m10:18:47.474688 [debug] [Thread-5 (]: SQL status: SUCCESS 1 in 0.660 seconds
[0m10:18:47.477454 [info ] [Thread-5 (]: 9 of 20 PASS relationships_stg_employee_events_employee_id__employee_id__ref_stg_employees_  [[32mPASS[0m in 0.68s]
[0m10:18:47.478327 [debug] [Thread-5 (]: Finished running node test.employee_analytics.relationships_stg_employee_events_employee_id__employee_id__ref_stg_employees_.d0912f39d6
[0m10:18:47.479026 [debug] [Thread-5 (]: Began running node model.employee_analytics.agg_employee_movement
[0m10:18:47.479904 [info ] [Thread-5 (]: 13 of 20 START sql table model ANALYTICS.agg_employee_movement ................. [RUN]
[0m10:18:47.480604 [debug] [Thread-5 (]: Re-using an available connection from the pool (formerly test.employee_analytics.relationships_stg_employee_events_employee_id__employee_id__ref_stg_employees_.d0912f39d6, now model.employee_analytics.agg_employee_movement)
[0m10:18:47.481117 [debug] [Thread-5 (]: Began compiling node model.employee_analytics.agg_employee_movement
[0m10:18:47.485590 [debug] [Thread-5 (]: Writing injected SQL for node "model.employee_analytics.agg_employee_movement"
[0m10:18:47.486438 [debug] [Thread-5 (]: Began executing node model.employee_analytics.agg_employee_movement
[0m10:18:47.504487 [debug] [Thread-3 (]: SQL status: SUCCESS 1 in 0.581 seconds
[0m10:18:47.513129 [debug] [Thread-5 (]: Writing runtime sql for node "model.employee_analytics.agg_employee_movement"
[0m10:18:47.515508 [info ] [Thread-3 (]: 10 of 20 PASS unique_stg_employees_employee_id ................................. [[32mPASS[0m in 0.64s]
[0m10:18:47.516588 [debug] [Thread-3 (]: Finished running node test.employee_analytics.unique_stg_employees_employee_id.db72478d64
[0m10:18:47.517842 [debug] [Thread-5 (]: Using snowflake connection "model.employee_analytics.agg_employee_movement"
[0m10:18:47.518726 [debug] [Thread-5 (]: On model.employee_analytics.agg_employee_movement: /* {"app": "dbt", "dbt_version": "1.9.4", "profile_name": "employee_analytics", "target_name": "stage", "node_id": "model.employee_analytics.agg_employee_movement"} */
create or replace transient table EMPLOYEE_ANALYTICS_STAGE.ANALYTICS.agg_employee_movement
         as
        (select date_trunc('month',event_date)::date month,count_if(event_type='JOINED') joiners,count_if(event_type='EXITED') exits,count_if(event_type='TRANSFERRED') transfers,count_if(event_type='PROMOTED') promotions,count_if(event_type='SALARY_CHANGE') salary_changes from EMPLOYEE_ANALYTICS_STAGE.STAGING.stg_employee_events group by 1
        );
[0m10:18:47.519266 [debug] [Thread-5 (]: Opening a new connection, currently in state init
[0m10:18:47.546810 [debug] [Thread-4 (]: SQL status: SUCCESS 1 in 0.622 seconds
[0m10:18:47.549288 [info ] [Thread-4 (]: 11 of 20 PASS not_null_stg_departments_department_id ........................... [[32mPASS[0m in 0.67s]
[0m10:18:47.550118 [debug] [Thread-4 (]: Finished running node test.employee_analytics.not_null_stg_departments_department_id.ce7f6f5cf8
[0m10:18:47.947107 [debug] [Thread-2 (]: SQL status: SUCCESS 1 in 0.584 seconds
[0m10:18:47.949751 [info ] [Thread-2 (]: 12 of 20 PASS unique_stg_departments_department_id ............................. [[32mPASS[0m in 0.60s]
[0m10:18:47.950564 [debug] [Thread-2 (]: Finished running node test.employee_analytics.unique_stg_departments_department_id.8e1b8b707b
[0m10:18:47.951562 [debug] [Thread-3 (]: Began running node model.employee_analytics.dim_employees
[0m10:18:47.952391 [info ] [Thread-3 (]: 14 of 20 START sql table model ANALYTICS.dim_employees ......................... [RUN]
[0m10:18:47.953095 [debug] [Thread-3 (]: Re-using an available connection from the pool (formerly test.employee_analytics.unique_stg_employees_employee_id.db72478d64, now model.employee_analytics.dim_employees)
[0m10:18:47.953630 [debug] [Thread-3 (]: Began compiling node model.employee_analytics.dim_employees
[0m10:18:47.960490 [debug] [Thread-3 (]: Writing injected SQL for node "model.employee_analytics.dim_employees"
[0m10:18:47.961340 [debug] [Thread-3 (]: Began executing node model.employee_analytics.dim_employees
[0m10:18:47.965814 [debug] [Thread-3 (]: Writing runtime sql for node "model.employee_analytics.dim_employees"
[0m10:18:47.967294 [debug] [Thread-3 (]: Using snowflake connection "model.employee_analytics.dim_employees"
[0m10:18:47.967962 [debug] [Thread-3 (]: On model.employee_analytics.dim_employees: /* {"app": "dbt", "dbt_version": "1.9.4", "profile_name": "employee_analytics", "target_name": "stage", "node_id": "model.employee_analytics.dim_employees"} */
create or replace transient table EMPLOYEE_ANALYTICS_STAGE.ANALYTICS.dim_employees
         as
        (select e.employee_id,e.employee_name,e.email,e.job_title,d.department_name,d.cost_center,e.join_date,e.exit_date,e.employment_status,e.salary,datediff(month,e.join_date,coalesce(e.exit_date,current_date())) tenure_months from EMPLOYEE_ANALYTICS_STAGE.STAGING.stg_employees e left join EMPLOYEE_ANALYTICS_STAGE.STAGING.stg_departments d on e.department_id=d.department_id
        );
[0m10:18:47.968516 [debug] [Thread-3 (]: Opening a new connection, currently in state init
[0m10:18:48.806309 [debug] [Thread-5 (]: SQL status: SUCCESS 1 in 1.287 seconds
[0m10:18:48.809601 [info ] [Thread-5 (]: 13 of 20 OK created sql table model ANALYTICS.agg_employee_movement ............ [[32mSUCCESS 1[0m in 1.33s]
[0m10:18:48.810434 [debug] [Thread-5 (]: Finished running node model.employee_analytics.agg_employee_movement
[0m10:18:49.148856 [debug] [Thread-3 (]: SQL status: SUCCESS 1 in 1.180 seconds
[0m10:18:49.151566 [info ] [Thread-3 (]: 14 of 20 OK created sql table model ANALYTICS.dim_employees .................... [[32mSUCCESS 1[0m in 1.20s]
[0m10:18:49.152423 [debug] [Thread-3 (]: Finished running node model.employee_analytics.dim_employees
[0m10:18:49.153794 [debug] [Thread-2 (]: Began running node test.employee_analytics.assert_exit_date_valid
[0m10:18:49.154372 [debug] [Thread-4 (]: Began running node test.employee_analytics.assert_salary_positive
[0m10:18:49.154971 [debug] [Thread-5 (]: Began running node test.employee_analytics.not_null_dim_employees_employee_id.ef83a0c291
[0m10:18:49.155617 [debug] [Thread-3 (]: Began running node test.employee_analytics.not_null_dim_employees_salary.1690cd4958
[0m10:18:49.156279 [info ] [Thread-2 (]: 15 of 20 START test assert_exit_date_valid ..................................... [RUN]
[0m10:18:49.156933 [info ] [Thread-4 (]: 16 of 20 START test assert_salary_positive ..................................... [RUN]
[0m10:18:49.157537 [info ] [Thread-5 (]: 17 of 20 START test not_null_dim_employees_employee_id ......................... [RUN]
[0m10:18:49.158143 [info ] [Thread-3 (]: 18 of 20 START test not_null_dim_employees_salary .............................. [RUN]
[0m10:18:49.158888 [debug] [Thread-2 (]: Re-using an available connection from the pool (formerly test.employee_analytics.unique_stg_departments_department_id.8e1b8b707b, now test.employee_analytics.assert_exit_date_valid)
[0m10:18:49.159611 [debug] [Thread-4 (]: Re-using an available connection from the pool (formerly test.employee_analytics.not_null_stg_departments_department_id.ce7f6f5cf8, now test.employee_analytics.assert_salary_positive)
[0m10:18:49.160303 [debug] [Thread-5 (]: Re-using an available connection from the pool (formerly model.employee_analytics.agg_employee_movement, now test.employee_analytics.not_null_dim_employees_employee_id.ef83a0c291)
[0m10:18:49.160926 [debug] [Thread-3 (]: Re-using an available connection from the pool (formerly model.employee_analytics.dim_employees, now test.employee_analytics.not_null_dim_employees_salary.1690cd4958)
[0m10:18:49.161452 [debug] [Thread-2 (]: Began compiling node test.employee_analytics.assert_exit_date_valid
[0m10:18:49.161933 [debug] [Thread-4 (]: Began compiling node test.employee_analytics.assert_salary_positive
[0m10:18:49.162415 [debug] [Thread-5 (]: Began compiling node test.employee_analytics.not_null_dim_employees_employee_id.ef83a0c291
[0m10:18:49.162886 [debug] [Thread-3 (]: Began compiling node test.employee_analytics.not_null_dim_employees_salary.1690cd4958
[0m10:18:49.167477 [debug] [Thread-2 (]: Writing injected SQL for node "test.employee_analytics.assert_exit_date_valid"
[0m10:18:49.172106 [debug] [Thread-4 (]: Writing injected SQL for node "test.employee_analytics.assert_salary_positive"
[0m10:18:49.177924 [debug] [Thread-5 (]: Writing injected SQL for node "test.employee_analytics.not_null_dim_employees_employee_id.ef83a0c291"
[0m10:18:49.185707 [debug] [Thread-3 (]: Writing injected SQL for node "test.employee_analytics.not_null_dim_employees_salary.1690cd4958"
[0m10:18:49.186895 [debug] [Thread-2 (]: Began executing node test.employee_analytics.assert_exit_date_valid
[0m10:18:49.187760 [debug] [Thread-4 (]: Began executing node test.employee_analytics.assert_salary_positive
[0m10:18:49.188725 [debug] [Thread-5 (]: Began executing node test.employee_analytics.not_null_dim_employees_employee_id.ef83a0c291
[0m10:18:49.192905 [debug] [Thread-2 (]: Writing runtime sql for node "test.employee_analytics.assert_exit_date_valid"
[0m10:18:49.193552 [debug] [Thread-3 (]: Began executing node test.employee_analytics.not_null_dim_employees_salary.1690cd4958
[0m10:18:49.197576 [debug] [Thread-4 (]: Writing runtime sql for node "test.employee_analytics.assert_salary_positive"
[0m10:18:49.201366 [debug] [Thread-5 (]: Writing runtime sql for node "test.employee_analytics.not_null_dim_employees_employee_id.ef83a0c291"
[0m10:18:49.206893 [debug] [Thread-3 (]: Writing runtime sql for node "test.employee_analytics.not_null_dim_employees_salary.1690cd4958"
[0m10:18:49.208004 [debug] [Thread-2 (]: Using snowflake connection "test.employee_analytics.assert_exit_date_valid"
[0m10:18:49.209603 [debug] [Thread-4 (]: Using snowflake connection "test.employee_analytics.assert_salary_positive"
[0m10:18:49.210873 [debug] [Thread-5 (]: Using snowflake connection "test.employee_analytics.not_null_dim_employees_employee_id.ef83a0c291"
[0m10:18:49.211517 [debug] [Thread-2 (]: On test.employee_analytics.assert_exit_date_valid: /* {"app": "dbt", "dbt_version": "1.9.4", "profile_name": "employee_analytics", "target_name": "stage", "node_id": "test.employee_analytics.assert_exit_date_valid"} */
select
      count(*) as failures,
      count(*) != 0 as should_warn,
      count(*) != 0 as should_error
    from (
      select * from EMPLOYEE_ANALYTICS_STAGE.ANALYTICS.dim_employees where exit_date is not null and exit_date < join_date
      
    ) dbt_internal_test
[0m10:18:49.212579 [debug] [Thread-3 (]: Using snowflake connection "test.employee_analytics.not_null_dim_employees_salary.1690cd4958"
[0m10:18:49.213162 [debug] [Thread-4 (]: On test.employee_analytics.assert_salary_positive: /* {"app": "dbt", "dbt_version": "1.9.4", "profile_name": "employee_analytics", "target_name": "stage", "node_id": "test.employee_analytics.assert_salary_positive"} */
select
      count(*) as failures,
      count(*) != 0 as should_warn,
      count(*) != 0 as should_error
    from (
      select * from EMPLOYEE_ANALYTICS_STAGE.ANALYTICS.dim_employees where salary <= 0
      
    ) dbt_internal_test
[0m10:18:49.213733 [debug] [Thread-5 (]: On test.employee_analytics.not_null_dim_employees_employee_id.ef83a0c291: /* {"app": "dbt", "dbt_version": "1.9.4", "profile_name": "employee_analytics", "target_name": "stage", "node_id": "test.employee_analytics.not_null_dim_employees_employee_id.ef83a0c291"} */
select
      count(*) as failures,
      count(*) != 0 as should_warn,
      count(*) != 0 as should_error
    from (
      
    
    



select employee_id
from EMPLOYEE_ANALYTICS_STAGE.ANALYTICS.dim_employees
where employee_id is null



      
    ) dbt_internal_test
[0m10:18:49.214288 [debug] [Thread-2 (]: Opening a new connection, currently in state init
[0m10:18:49.214850 [debug] [Thread-3 (]: On test.employee_analytics.not_null_dim_employees_salary.1690cd4958: /* {"app": "dbt", "dbt_version": "1.9.4", "profile_name": "employee_analytics", "target_name": "stage", "node_id": "test.employee_analytics.not_null_dim_employees_salary.1690cd4958"} */
select
      count(*) as failures,
      count(*) != 0 as should_warn,
      count(*) != 0 as should_error
    from (
      
    
    



select salary
from EMPLOYEE_ANALYTICS_STAGE.ANALYTICS.dim_employees
where salary is null



      
    ) dbt_internal_test
[0m10:18:49.215374 [debug] [Thread-4 (]: Opening a new connection, currently in state init
[0m10:18:49.215951 [debug] [Thread-5 (]: Opening a new connection, currently in state init
[0m10:18:49.216620 [debug] [Thread-3 (]: Opening a new connection, currently in state init
[0m10:18:49.873042 [debug] [Thread-4 (]: SQL status: SUCCESS 1 in 0.657 seconds
[0m10:18:49.873861 [debug] [Thread-5 (]: SQL status: SUCCESS 1 in 0.658 seconds
[0m10:18:49.874593 [debug] [Thread-2 (]: SQL status: SUCCESS 1 in 0.660 seconds
[0m10:18:49.875256 [debug] [Thread-3 (]: SQL status: SUCCESS 1 in 0.659 seconds
[0m10:18:49.877682 [info ] [Thread-4 (]: 16 of 20 PASS assert_salary_positive ........................................... [[32mPASS[0m in 0.72s]
[0m10:18:49.880059 [info ] [Thread-5 (]: 17 of 20 PASS not_null_dim_employees_employee_id ............................... [[32mPASS[0m in 0.72s]
[0m10:18:49.882280 [info ] [Thread-2 (]: 15 of 20 PASS assert_exit_date_valid ........................................... [[32mPASS[0m in 0.72s]
[0m10:18:49.884527 [info ] [Thread-3 (]: 18 of 20 PASS not_null_dim_employees_salary .................................... [[32mPASS[0m in 0.72s]
[0m10:18:49.885340 [debug] [Thread-4 (]: Finished running node test.employee_analytics.assert_salary_positive
[0m10:18:49.886058 [debug] [Thread-5 (]: Finished running node test.employee_analytics.not_null_dim_employees_employee_id.ef83a0c291
[0m10:18:49.886729 [debug] [Thread-2 (]: Finished running node test.employee_analytics.assert_exit_date_valid
[0m10:18:49.887402 [debug] [Thread-3 (]: Finished running node test.employee_analytics.not_null_dim_employees_salary.1690cd4958
[0m10:18:49.888159 [debug] [Thread-4 (]: Began running node test.employee_analytics.unique_dim_employees_employee_id.79828c8f30
[0m10:18:49.889287 [info ] [Thread-4 (]: 19 of 20 START test unique_dim_employees_employee_id ........................... [RUN]
[0m10:18:49.889993 [debug] [Thread-4 (]: Re-using an available connection from the pool (formerly test.employee_analytics.assert_salary_positive, now test.employee_analytics.unique_dim_employees_employee_id.79828c8f30)
[0m10:18:49.890474 [debug] [Thread-4 (]: Began compiling node test.employee_analytics.unique_dim_employees_employee_id.79828c8f30
[0m10:18:49.896539 [debug] [Thread-4 (]: Writing injected SQL for node "test.employee_analytics.unique_dim_employees_employee_id.79828c8f30"
[0m10:18:49.897339 [debug] [Thread-4 (]: Began executing node test.employee_analytics.unique_dim_employees_employee_id.79828c8f30
[0m10:18:49.901396 [debug] [Thread-4 (]: Writing runtime sql for node "test.employee_analytics.unique_dim_employees_employee_id.79828c8f30"
[0m10:18:49.902618 [debug] [Thread-4 (]: Using snowflake connection "test.employee_analytics.unique_dim_employees_employee_id.79828c8f30"
[0m10:18:49.903180 [debug] [Thread-4 (]: On test.employee_analytics.unique_dim_employees_employee_id.79828c8f30: /* {"app": "dbt", "dbt_version": "1.9.4", "profile_name": "employee_analytics", "target_name": "stage", "node_id": "test.employee_analytics.unique_dim_employees_employee_id.79828c8f30"} */
select
      count(*) as failures,
      count(*) != 0 as should_warn,
      count(*) != 0 as should_error
    from (
      
    
    

select
    employee_id as unique_field,
    count(*) as n_records

from EMPLOYEE_ANALYTICS_STAGE.ANALYTICS.dim_employees
where employee_id is not null
group by employee_id
having count(*) > 1



      
    ) dbt_internal_test
[0m10:18:49.903680 [debug] [Thread-4 (]: Opening a new connection, currently in state init
[0m10:18:50.449918 [debug] [Thread-4 (]: SQL status: SUCCESS 1 in 0.546 seconds
[0m10:18:50.452383 [info ] [Thread-4 (]: 19 of 20 PASS unique_dim_employees_employee_id ................................. [[32mPASS[0m in 0.56s]
[0m10:18:50.453173 [debug] [Thread-4 (]: Finished running node test.employee_analytics.unique_dim_employees_employee_id.79828c8f30
[0m10:18:50.454269 [debug] [Thread-5 (]: Began running node model.employee_analytics.agg_department_summary
[0m10:18:50.455219 [info ] [Thread-5 (]: 20 of 20 START sql table model ANALYTICS.agg_department_summary ................ [RUN]
[0m10:18:50.456031 [debug] [Thread-5 (]: Re-using an available connection from the pool (formerly test.employee_analytics.not_null_dim_employees_employee_id.ef83a0c291, now model.employee_analytics.agg_department_summary)
[0m10:18:50.456569 [debug] [Thread-5 (]: Began compiling node model.employee_analytics.agg_department_summary
[0m10:18:50.461141 [debug] [Thread-5 (]: Writing injected SQL for node "model.employee_analytics.agg_department_summary"
[0m10:18:50.461941 [debug] [Thread-5 (]: Began executing node model.employee_analytics.agg_department_summary
[0m10:18:50.466228 [debug] [Thread-5 (]: Writing runtime sql for node "model.employee_analytics.agg_department_summary"
[0m10:18:50.467617 [debug] [Thread-5 (]: Using snowflake connection "model.employee_analytics.agg_department_summary"
[0m10:18:50.468324 [debug] [Thread-5 (]: On model.employee_analytics.agg_department_summary: /* {"app": "dbt", "dbt_version": "1.9.4", "profile_name": "employee_analytics", "target_name": "stage", "node_id": "model.employee_analytics.agg_department_summary"} */
create or replace transient table EMPLOYEE_ANALYTICS_STAGE.ANALYTICS.agg_department_summary
         as
        (select department_name,count(*) total_employees,count_if(employment_status='ACTIVE') active_employees,count_if(employment_status='EXITED') exited_employees,round(avg(salary),2) avg_salary,round(avg(tenure_months),1) avg_tenure_months from EMPLOYEE_ANALYTICS_STAGE.ANALYTICS.dim_employees group by department_name
        );
[0m10:18:50.468857 [debug] [Thread-5 (]: Opening a new connection, currently in state init
[0m10:18:51.746948 [debug] [Thread-5 (]: SQL status: SUCCESS 1 in 1.278 seconds
[0m10:18:51.752284 [info ] [Thread-5 (]: 20 of 20 OK created sql table model ANALYTICS.agg_department_summary ........... [[32mSUCCESS 1[0m in 1.30s]
[0m10:18:51.753086 [debug] [Thread-5 (]: Finished running node model.employee_analytics.agg_department_summary
[0m10:18:51.756210 [debug] [Dummy-1   ]: Connection 'master' was properly closed.
[0m10:18:51.756929 [debug] [Dummy-1   ]: Connection 'test.employee_analytics.unique_dim_employees_employee_id.79828c8f30' was properly closed.
[0m10:18:51.757524 [debug] [Dummy-1   ]: Connection 'test.employee_analytics.not_null_dim_employees_salary.1690cd4958' was properly closed.
[0m10:18:51.757951 [debug] [Dummy-1   ]: Connection 'test.employee_analytics.assert_exit_date_valid' was properly closed.
[0m10:18:51.758352 [debug] [Dummy-1   ]: Connection 'model.employee_analytics.agg_department_summary' was properly closed.
[0m10:18:51.758927 [info ] [Dummy-1   ]: 
[0m10:18:51.759462 [info ] [Dummy-1   ]: Finished running 3 table models, 14 data tests, 3 view models in 0 hours 0 minutes and 8.73 seconds (8.73s).
[0m10:18:51.762492 [debug] [Dummy-1   ]: Command end result
[0m10:18:51.788166 [debug] [Dummy-1   ]: Wrote artifact WritableManifest to /tmp/dbt/target/manifest.json
[0m10:18:51.790278 [debug] [Dummy-1   ]: Wrote artifact SemanticManifest to /tmp/dbt/target/semantic_manifest.json
[0m10:18:51.797308 [debug] [Dummy-1   ]: Wrote artifact RunExecutionResult to /tmp/dbt/target/run_results.json
[0m10:18:51.797843 [info ] [Dummy-1   ]: 
[0m10:18:51.798441 [info ] [Dummy-1   ]: [32mCompleted successfully[0m
[0m10:18:51.798910 [info ] [Dummy-1   ]: 
[0m10:18:51.799402 [info ] [Dummy-1   ]: Done. PASS=20 WARN=0 ERROR=0 SKIP=0 TOTAL=20
[0m10:18:51.801318 [debug] [Dummy-1   ]: Resource report: {"command_name": "build", "command_success": true, "command_wall_clock_time": 11.756021, "process_in_blocks": "0", "process_kernel_time": 0.97, "process_mem_max_rss": "526472", "process_out_blocks": "0", "process_user_time": 6.54}
[0m10:18:51.801974 [debug] [Dummy-1   ]: Command `cli build` succeeded at 10:18:51.801716 after 11.76 seconds
[0m10:18:51.802564 [debug] [Dummy-1   ]: Flushing usage events


============================== 10:16:02.810054 | f3ef35ee-e580-4ae7-9c0a-5be4928f89c6 ==============================
[0m10:16:02.810054 [info ] [Dummy-1   ]: Running with dbt=1.9.4
[0m10:16:02.811031 [debug] [Dummy-1   ]: running dbt with arguments {'printer_width': '80', 'indirect_selection': 'eager', 'write_json': 'True', 'log_cache_events': 'False', 'partial_parse': 'True', 'cache_selected_only': 'False', 'warn_error': 'None', 'fail_fast': 'False', 'version_check': 'True', 'log_path': '/tmp/dbt/logs', 'profiles_dir': '/tmp/dbt/', 'debug': 'False', 'use_colors': 'True', 'use_experimental_parser': 'False', 'empty': 'False', 'quiet': 'False', 'no_print': 'None', 'warn_error_options': 'WarnErrorOptions(include=[], exclude=[])', 'static_parser': 'True', 'invocation_command': 'dbt ', 'introspect': 'True', 'target_path': '/tmp/dbt/target', 'log_format': 'default', 'send_anonymous_usage_stats': 'False'}
[0m10:16:03.104624 [info ] [Dummy-1   ]: Registered adapter: snowflake=1.9.2
[0m10:16:03.635214 [debug] [Dummy-1   ]: checksum: 53ed91fada2233efb98368d1716b44ab532c83a9c293cf1890b7905d5b45fb25, vars: {}, profile: , target: dev, version: 1.9.4
[0m10:16:03.785949 [info ] [Dummy-1   ]: Unable to do partial parsing because config vars, config profile, or config target have changed
[0m10:16:03.787005 [debug] [Dummy-1   ]: previous checksum: 53ed91fada2233efb98368d1716b44ab532c83a9c293cf1890b7905d5b45fb25, current checksum: ab753f9482add4a846bb27025959f965636943c672cd904bd74aeb8fdb8e7fb1
[0m10:16:03.792002 [info ] [Dummy-1   ]: Unable to do partial parsing because profile has changed
[0m10:16:05.674136 [debug] [Dummy-1   ]: Wrote artifact WritableManifest to /tmp/dbt/target/manifest.json
[0m10:16:05.676532 [debug] [Dummy-1   ]: Wrote artifact SemanticManifest to /tmp/dbt/target/semantic_manifest.json
[0m10:16:05.744704 [info ] [Dummy-1   ]: Found 6 models, 14 data tests, 3 sources, 475 macros
[0m10:16:05.748354 [info ] [Dummy-1   ]: 
[0m10:16:05.748931 [info ] [Dummy-1   ]: Concurrency: 4 threads (target='dev')
[0m10:16:05.749390 [info ] [Dummy-1   ]: 
[0m10:16:05.750115 [debug] [Dummy-1   ]: Acquiring new snowflake connection 'master'
[0m10:16:05.757867 [debug] [ThreadPool]: Acquiring new snowflake connection 'list_EMPLOYEE_ANALYTICS_DEV'
[0m10:16:05.759861 [debug] [ThreadPool]: Acquiring new snowflake connection 'list_EMPLOYEE_ANALYTICS_DEV'
[0m10:16:05.851492 [debug] [ThreadPool]: Using snowflake connection "list_EMPLOYEE_ANALYTICS_DEV"
[0m10:16:05.852354 [debug] [ThreadPool]: Using snowflake connection "list_EMPLOYEE_ANALYTICS_DEV"
[0m10:16:05.852897 [debug] [ThreadPool]: On list_EMPLOYEE_ANALYTICS_DEV: /* {"app": "dbt", "dbt_version": "1.9.4", "profile_name": "employee_analytics", "target_name": "dev", "connection_name": "list_EMPLOYEE_ANALYTICS_DEV"} */
show terse schemas in database EMPLOYEE_ANALYTICS_DEV
    limit 10000
[0m10:16:05.853396 [debug] [ThreadPool]: On list_EMPLOYEE_ANALYTICS_DEV: /* {"app": "dbt", "dbt_version": "1.9.4", "profile_name": "employee_analytics", "target_name": "dev", "connection_name": "list_EMPLOYEE_ANALYTICS_DEV"} */
show terse schemas in database EMPLOYEE_ANALYTICS_DEV
    limit 10000
[0m10:16:05.853879 [debug] [ThreadPool]: Opening a new connection, currently in state init
[0m10:16:05.854302 [debug] [ThreadPool]: Opening a new connection, currently in state init
[0m10:16:06.571762 [debug] [ThreadPool]: SQL status: SUCCESS 6 in 0.717 seconds
[0m10:16:06.616781 [debug] [ThreadPool]: SQL status: SUCCESS 6 in 0.763 seconds
[0m10:16:06.621999 [debug] [ThreadPool]: Acquiring new snowflake connection 'list_EMPLOYEE_ANALYTICS_DEV_ANALYTICS'
[0m10:16:06.624048 [debug] [ThreadPool]: Re-using an available connection from the pool (formerly list_EMPLOYEE_ANALYTICS_DEV, now list_EMPLOYEE_ANALYTICS_DEV_STAGING)
[0m10:16:06.638512 [debug] [ThreadPool]: Using snowflake connection "list_EMPLOYEE_ANALYTICS_DEV_ANALYTICS"
[0m10:16:06.642577 [debug] [ThreadPool]: Using snowflake connection "list_EMPLOYEE_ANALYTICS_DEV_STAGING"
[0m10:16:06.643207 [debug] [ThreadPool]: On list_EMPLOYEE_ANALYTICS_DEV_ANALYTICS: /* {"app": "dbt", "dbt_version": "1.9.4", "profile_name": "employee_analytics", "target_name": "dev", "connection_name": "list_EMPLOYEE_ANALYTICS_DEV_ANALYTICS"} */
alter session set quoted_identifiers_ignore_case = false;
[0m10:16:06.643843 [debug] [ThreadPool]: On list_EMPLOYEE_ANALYTICS_DEV_STAGING: /* {"app": "dbt", "dbt_version": "1.9.4", "profile_name": "employee_analytics", "target_name": "dev", "connection_name": "list_EMPLOYEE_ANALYTICS_DEV_STAGING"} */
alter session set quoted_identifiers_ignore_case = false;
[0m10:16:06.644347 [debug] [ThreadPool]: Opening a new connection, currently in state init
[0m10:16:06.644799 [debug] [ThreadPool]: Opening a new connection, currently in state init
[0m10:16:07.399208 [debug] [ThreadPool]: SQL status: SUCCESS 1 in 0.754 seconds
[0m10:16:07.400111 [debug] [ThreadPool]: SQL status: SUCCESS 1 in 0.756 seconds
[0m10:16:07.404785 [debug] [ThreadPool]: Using snowflake connection "list_EMPLOYEE_ANALYTICS_DEV_STAGING"
[0m10:16:07.406743 [debug] [ThreadPool]: Using snowflake connection "list_EMPLOYEE_ANALYTICS_DEV_ANALYTICS"
[0m10:16:07.407325 [debug] [ThreadPool]: On list_EMPLOYEE_ANALYTICS_DEV_STAGING: /* {"app": "dbt", "dbt_version": "1.9.4", "profile_name": "employee_analytics", "target_name": "dev", "connection_name": "list_EMPLOYEE_ANALYTICS_DEV_STAGING"} */
show objects in EMPLOYEE_ANALYTICS_DEV.STAGING
    limit 10000
    
;
[0m10:16:07.407935 [debug] [ThreadPool]: On list_EMPLOYEE_ANALYTICS_DEV_ANALYTICS: /* {"app": "dbt", "dbt_version": "1.9.4", "profile_name": "employee_analytics", "target_name": "dev", "connection_name": "list_EMPLOYEE_ANALYTICS_DEV_ANALYTICS"} */
show objects in EMPLOYEE_ANALYTICS_DEV.ANALYTICS
    limit 10000
    
;
[0m10:16:07.565395 [debug] [ThreadPool]: SQL status: SUCCESS 0 in 0.157 seconds
[0m10:16:07.567586 [debug] [ThreadPool]: Using snowflake connection "list_EMPLOYEE_ANALYTICS_DEV_STAGING"
[0m10:16:07.568227 [debug] [ThreadPool]: On list_EMPLOYEE_ANALYTICS_DEV_STAGING: /* {"app": "dbt", "dbt_version": "1.9.4", "profile_name": "employee_analytics", "target_name": "dev", "connection_name": "list_EMPLOYEE_ANALYTICS_DEV_STAGING"} */
alter session unset quoted_identifiers_ignore_case;
[0m10:16:07.569077 [debug] [ThreadPool]: SQL status: SUCCESS 0 in 0.160 seconds
[0m10:16:07.571384 [debug] [ThreadPool]: Using snowflake connection "list_EMPLOYEE_ANALYTICS_DEV_ANALYTICS"
[0m10:16:07.572016 [debug] [ThreadPool]: On list_EMPLOYEE_ANALYTICS_DEV_ANALYTICS: /* {"app": "dbt", "dbt_version": "1.9.4", "profile_name": "employee_analytics", "target_name": "dev", "connection_name": "list_EMPLOYEE_ANALYTICS_DEV_ANALYTICS"} */
alter session unset quoted_identifiers_ignore_case;
[0m10:16:07.678618 [debug] [ThreadPool]: SQL status: SUCCESS 1 in 0.109 seconds
[0m10:16:07.691887 [debug] [ThreadPool]: SQL status: SUCCESS 1 in 0.119 seconds
[0m10:16:07.704792 [debug] [Thread-2 (]: Began running node model.employee_analytics.stg_departments
[0m10:16:07.705510 [debug] [Thread-3 (]: Began running node model.employee_analytics.stg_employee_events
[0m10:16:07.706268 [debug] [Thread-4 (]: Began running node model.employee_analytics.stg_employees
[0m10:16:07.707092 [info ] [Thread-2 (]: 1 of 20 START sql view model STAGING.stg_departments ........................... [RUN]
[0m10:16:07.707933 [info ] [Thread-3 (]: 2 of 20 START sql view model STAGING.stg_employee_events ....................... [RUN]
[0m10:16:07.708666 [info ] [Thread-4 (]: 3 of 20 START sql view model STAGING.stg_employees ............................. [RUN]
[0m10:16:07.709415 [debug] [Thread-2 (]: Re-using an available connection from the pool (formerly list_EMPLOYEE_ANALYTICS_DEV_ANALYTICS, now model.employee_analytics.stg_departments)
[0m10:16:07.710018 [debug] [Thread-3 (]: Re-using an available connection from the pool (formerly list_EMPLOYEE_ANALYTICS_DEV_STAGING, now model.employee_analytics.stg_employee_events)
[0m10:16:07.710632 [debug] [Thread-4 (]: Re-using an available connection from the pool (formerly list_EMPLOYEE_ANALYTICS_DEV, now model.employee_analytics.stg_employees)
[0m10:16:07.711163 [debug] [Thread-2 (]: Began compiling node model.employee_analytics.stg_departments
[0m10:16:07.711749 [debug] [Thread-3 (]: Began compiling node model.employee_analytics.stg_employee_events
[0m10:16:07.712255 [debug] [Thread-4 (]: Began compiling node model.employee_analytics.stg_employees
[0m10:16:07.721822 [debug] [Thread-2 (]: Writing injected SQL for node "model.employee_analytics.stg_departments"
[0m10:16:07.729079 [debug] [Thread-3 (]: Writing injected SQL for node "model.employee_analytics.stg_employee_events"
[0m10:16:07.733915 [debug] [Thread-4 (]: Writing injected SQL for node "model.employee_analytics.stg_employees"
[0m10:16:07.735331 [debug] [Thread-2 (]: Began executing node model.employee_analytics.stg_departments
[0m10:16:07.736177 [debug] [Thread-3 (]: Began executing node model.employee_analytics.stg_employee_events
[0m10:16:07.754539 [debug] [Thread-4 (]: Began executing node model.employee_analytics.stg_employees
[0m10:16:07.785441 [debug] [Thread-2 (]: Writing runtime sql for node "model.employee_analytics.stg_departments"
[0m10:16:07.800492 [debug] [Thread-3 (]: Writing runtime sql for node "model.employee_analytics.stg_employee_events"
[0m10:16:07.806739 [debug] [Thread-4 (]: Writing runtime sql for node "model.employee_analytics.stg_employees"
[0m10:16:07.808700 [debug] [Thread-2 (]: Using snowflake connection "model.employee_analytics.stg_departments"
[0m10:16:07.809815 [debug] [Thread-3 (]: Using snowflake connection "model.employee_analytics.stg_employee_events"
[0m10:16:07.810474 [debug] [Thread-2 (]: On model.employee_analytics.stg_departments: /* {"app": "dbt", "dbt_version": "1.9.4", "profile_name": "employee_analytics", "target_name": "dev", "node_id": "model.employee_analytics.stg_departments"} */
create or replace   view EMPLOYEE_ANALYTICS_DEV.STAGING.stg_departments
  
   as (
    select department_id,trim(department_name) department_name,trim(department_head) department_head,trim(cost_center) cost_center from EMPLOYEE_ANALYTICS_DEV.RAW.DEPARTMENTS
  );
[0m10:16:07.811621 [debug] [Thread-4 (]: Using snowflake connection "model.employee_analytics.stg_employees"
[0m10:16:07.812260 [debug] [Thread-3 (]: On model.employee_analytics.stg_employee_events: /* {"app": "dbt", "dbt_version": "1.9.4", "profile_name": "employee_analytics", "target_name": "dev", "node_id": "model.employee_analytics.stg_employee_events"} */
create or replace   view EMPLOYEE_ANALYTICS_DEV.STAGING.stg_employee_events
  
   as (
    select event_id,employee_id,upper(trim(event_type)) event_type,event_date,old_value,new_value from EMPLOYEE_ANALYTICS_DEV.RAW.EMPLOYEE_EVENTS
  );
[0m10:16:07.812824 [debug] [Thread-2 (]: Opening a new connection, currently in state init
[0m10:16:07.813365 [debug] [Thread-4 (]: On model.employee_analytics.stg_employees: /* {"app": "dbt", "dbt_version": "1.9.4", "profile_name": "employee_analytics", "target_name": "dev", "node_id": "model.employee_analytics.stg_employees"} */
create or replace   view EMPLOYEE_ANALYTICS_DEV.STAGING.stg_employees
  
   as (
    select employee_id,trim(employee_name) employee_name,lower(trim(email)) email,department_id,trim(job_title) job_title,join_date,exit_date,upper(trim(employment_status)) employment_status,salary,updated_at from EMPLOYEE_ANALYTICS_DEV.RAW.EMPLOYEES
  );
[0m10:16:07.813895 [debug] [Thread-3 (]: Opening a new connection, currently in state init
[0m10:16:07.814611 [debug] [Thread-4 (]: Opening a new connection, currently in state init
[0m10:16:09.171422 [debug] [Thread-3 (]: SQL status: SUCCESS 1 in 1.357 seconds
[0m10:16:09.172358 [debug] [Thread-4 (]: SQL status: SUCCESS 1 in 1.358 seconds
[0m10:16:09.179012 [debug] [Thread-2 (]: SQL status: SUCCESS 1 in 1.366 seconds
[0m10:16:09.205278 [info ] [Thread-3 (]: 2 of 20 OK created sql view model STAGING.stg_employee_events .................. [[32mSUCCESS 1[0m in 1.49s]
[0m10:16:09.206153 [info ] [Thread-4 (]: 3 of 20 OK created sql view model STAGING.stg_employees ........................ [[32mSUCCESS 1[0m in 1.49s]
[0m10:16:09.206972 [info ] [Thread-2 (]: 1 of 20 OK created sql view model STAGING.stg_departments ...................... [[32mSUCCESS 1[0m in 1.50s]
[0m10:16:09.207839 [debug] [Thread-3 (]: Finished running node model.employee_analytics.stg_employee_events
[0m10:16:09.208522 [debug] [Thread-4 (]: Finished running node model.employee_analytics.stg_employees
[0m10:16:09.209218 [debug] [Thread-2 (]: Finished running node model.employee_analytics.stg_departments
[0m10:16:09.210517 [debug] [Thread-5 (]: Began running node test.employee_analytics.not_null_stg_employee_events_event_id.ec250bcb52
[0m10:16:09.211121 [debug] [Thread-4 (]: Began running node test.employee_analytics.unique_stg_employee_events_event_id.d61930ab8c
[0m10:16:09.212112 [debug] [Thread-3 (]: Began running node test.employee_analytics.accepted_values_stg_employees_employment_status__ACTIVE__EXITED.696b0099c8
[0m10:16:09.212725 [debug] [Thread-2 (]: Began running node test.employee_analytics.not_null_stg_employees_department_id.a7701eed35
[0m10:16:09.213595 [info ] [Thread-5 (]: 4 of 20 START test not_null_stg_employee_events_event_id ....................... [RUN]
[0m10:16:09.214208 [info ] [Thread-4 (]: 5 of 20 START test unique_stg_employee_events_event_id ......................... [RUN]
[0m10:16:09.214783 [info ] [Thread-3 (]: 6 of 20 START test accepted_values_stg_employees_employment_status__ACTIVE__EXITED  [RUN]
[0m10:16:09.215445 [info ] [Thread-2 (]: 7 of 20 START test not_null_stg_employees_department_id ........................ [RUN]
[0m10:16:09.216321 [debug] [Thread-5 (]: Acquiring new snowflake connection 'test.employee_analytics.not_null_stg_employee_events_event_id.ec250bcb52'
[0m10:16:09.216967 [debug] [Thread-4 (]: Re-using an available connection from the pool (formerly model.employee_analytics.stg_employees, now test.employee_analytics.unique_stg_employee_events_event_id.d61930ab8c)
[0m10:16:09.217657 [debug] [Thread-3 (]: Re-using an available connection from the pool (formerly model.employee_analytics.stg_employee_events, now test.employee_analytics.accepted_values_stg_employees_employment_status__ACTIVE__EXITED.696b0099c8)
[0m10:16:09.218286 [debug] [Thread-2 (]: Re-using an available connection from the pool (formerly model.employee_analytics.stg_departments, now test.employee_analytics.not_null_stg_employees_department_id.a7701eed35)
[0m10:16:09.218873 [debug] [Thread-5 (]: Began compiling node test.employee_analytics.not_null_stg_employee_events_event_id.ec250bcb52
[0m10:16:09.219385 [debug] [Thread-4 (]: Began compiling node test.employee_analytics.unique_stg_employee_events_event_id.d61930ab8c
[0m10:16:09.220007 [debug] [Thread-3 (]: Began compiling node test.employee_analytics.accepted_values_stg_employees_employment_status__ACTIVE__EXITED.696b0099c8
[0m10:16:09.220521 [debug] [Thread-2 (]: Began compiling node test.employee_analytics.not_null_stg_employees_department_id.a7701eed35
[0m10:16:09.232497 [debug] [Thread-5 (]: Writing injected SQL for node "test.employee_analytics.not_null_stg_employee_events_event_id.ec250bcb52"
[0m10:16:09.241122 [debug] [Thread-4 (]: Writing injected SQL for node "test.employee_analytics.unique_stg_employee_events_event_id.d61930ab8c"
[0m10:16:09.247433 [debug] [Thread-3 (]: Writing injected SQL for node "test.employee_analytics.accepted_values_stg_employees_employment_status__ACTIVE__EXITED.696b0099c8"
[0m10:16:09.255615 [debug] [Thread-2 (]: Writing injected SQL for node "test.employee_analytics.not_null_stg_employees_department_id.a7701eed35"
[0m10:16:09.256978 [debug] [Thread-5 (]: Began executing node test.employee_analytics.not_null_stg_employee_events_event_id.ec250bcb52
[0m10:16:09.257951 [debug] [Thread-4 (]: Began executing node test.employee_analytics.unique_stg_employee_events_event_id.d61930ab8c
[0m10:16:09.258844 [debug] [Thread-3 (]: Began executing node test.employee_analytics.accepted_values_stg_employees_employment_status__ACTIVE__EXITED.696b0099c8
[0m10:16:09.270532 [debug] [Thread-2 (]: Began executing node test.employee_analytics.not_null_stg_employees_department_id.a7701eed35
[0m10:16:09.279506 [debug] [Thread-5 (]: Writing runtime sql for node "test.employee_analytics.not_null_stg_employee_events_event_id.ec250bcb52"
[0m10:16:09.283715 [debug] [Thread-4 (]: Writing runtime sql for node "test.employee_analytics.unique_stg_employee_events_event_id.d61930ab8c"
[0m10:16:09.288011 [debug] [Thread-3 (]: Writing runtime sql for node "test.employee_analytics.accepted_values_stg_employees_employment_status__ACTIVE__EXITED.696b0099c8"
[0m10:16:09.292059 [debug] [Thread-2 (]: Writing runtime sql for node "test.employee_analytics.not_null_stg_employees_department_id.a7701eed35"
[0m10:16:09.293821 [debug] [Thread-5 (]: Using snowflake connection "test.employee_analytics.not_null_stg_employee_events_event_id.ec250bcb52"
[0m10:16:09.295271 [debug] [Thread-4 (]: Using snowflake connection "test.employee_analytics.unique_stg_employee_events_event_id.d61930ab8c"
[0m10:16:09.298326 [debug] [Thread-3 (]: Using snowflake connection "test.employee_analytics.accepted_values_stg_employees_employment_status__ACTIVE__EXITED.696b0099c8"
[0m10:16:09.299054 [debug] [Thread-5 (]: On test.employee_analytics.not_null_stg_employee_events_event_id.ec250bcb52: /* {"app": "dbt", "dbt_version": "1.9.4", "profile_name": "employee_analytics", "target_name": "dev", "node_id": "test.employee_analytics.not_null_stg_employee_events_event_id.ec250bcb52"} */
select
      count(*) as failures,
      count(*) != 0 as should_warn,
      count(*) != 0 as should_error
    from (
      
    
    



select event_id
from EMPLOYEE_ANALYTICS_DEV.STAGING.stg_employee_events
where event_id is null



      
    ) dbt_internal_test
[0m10:16:09.300159 [debug] [Thread-2 (]: Using snowflake connection "test.employee_analytics.not_null_stg_employees_department_id.a7701eed35"
[0m10:16:09.300713 [debug] [Thread-4 (]: On test.employee_analytics.unique_stg_employee_events_event_id.d61930ab8c: /* {"app": "dbt", "dbt_version": "1.9.4", "profile_name": "employee_analytics", "target_name": "dev", "node_id": "test.employee_analytics.unique_stg_employee_events_event_id.d61930ab8c"} */
select
      count(*) as failures,
      count(*) != 0 as should_warn,
      count(*) != 0 as should_error
    from (
      
    
    

select
    event_id as unique_field,
    count(*) as n_records

from EMPLOYEE_ANALYTICS_DEV.STAGING.stg_employee_events
where event_id is not null
group by event_id
having count(*) > 1



      
    ) dbt_internal_test
[0m10:16:09.301349 [debug] [Thread-3 (]: On test.employee_analytics.accepted_values_stg_employees_employment_status__ACTIVE__EXITED.696b0099c8: /* {"app": "dbt", "dbt_version": "1.9.4", "profile_name": "employee_analytics", "target_name": "dev", "node_id": "test.employee_analytics.accepted_values_stg_employees_employment_status__ACTIVE__EXITED.696b0099c8"} */
select
      count(*) as failures,
      count(*) != 0 as should_warn,
      count(*) != 0 as should_error
    from (
      
    
    

with all_values as (

    select
        employment_status as value_field,
        count(*) as n_records

    from EMPLOYEE_ANALYTICS_DEV.STAGING.stg_employees
    group by employment_status

)

select *
from all_values
where value_field not in (
    'ACTIVE','EXITED'
)



      
    ) dbt_internal_test
[0m10:16:09.301942 [debug] [Thread-5 (]: Opening a new connection, currently in state init
[0m10:16:09.302476 [debug] [Thread-2 (]: On test.employee_analytics.not_null_stg_employees_department_id.a7701eed35: /* {"app": "dbt", "dbt_version": "1.9.4", "profile_name": "employee_analytics", "target_name": "dev", "node_id": "test.employee_analytics.not_null_stg_employees_department_id.a7701eed35"} */
select
      count(*) as failures,
      count(*) != 0 as should_warn,
      count(*) != 0 as should_error
    from (
      
    
    



select department_id
from EMPLOYEE_ANALYTICS_DEV.STAGING.stg_employees
where department_id is null



      
    ) dbt_internal_test
[0m10:16:09.302987 [debug] [Thread-4 (]: Opening a new connection, currently in state init
[0m10:16:09.303455 [debug] [Thread-3 (]: Opening a new connection, currently in state init
[0m10:16:09.304238 [debug] [Thread-2 (]: Opening a new connection, currently in state init
[0m10:16:10.154568 [debug] [Thread-5 (]: SQL status: SUCCESS 1 in 0.852 seconds
[0m10:16:10.159128 [info ] [Thread-5 (]: 4 of 20 PASS not_null_stg_employee_events_event_id ............................. [[32mPASS[0m in 0.94s]
[0m10:16:10.160082 [debug] [Thread-5 (]: Finished running node test.employee_analytics.not_null_stg_employee_events_event_id.ec250bcb52
[0m10:16:10.160738 [debug] [Thread-5 (]: Began running node test.employee_analytics.not_null_stg_employees_employee_id.7f6f73d15b
[0m10:16:10.161405 [info ] [Thread-5 (]: 8 of 20 START test not_null_stg_employees_employee_id .......................... [RUN]
[0m10:16:10.162110 [debug] [Thread-5 (]: Re-using an available connection from the pool (formerly test.employee_analytics.not_null_stg_employee_events_event_id.ec250bcb52, now test.employee_analytics.not_null_stg_employees_employee_id.7f6f73d15b)
[0m10:16:10.162693 [debug] [Thread-5 (]: Began compiling node test.employee_analytics.not_null_stg_employees_employee_id.7f6f73d15b
[0m10:16:10.169156 [debug] [Thread-5 (]: Writing injected SQL for node "test.employee_analytics.not_null_stg_employees_employee_id.7f6f73d15b"
[0m10:16:10.169973 [debug] [Thread-2 (]: SQL status: SUCCESS 1 in 0.866 seconds
[0m10:16:10.172555 [info ] [Thread-2 (]: 7 of 20 PASS not_null_stg_employees_department_id .............................. [[32mPASS[0m in 0.95s]
[0m10:16:10.173422 [debug] [Thread-2 (]: Finished running node test.employee_analytics.not_null_stg_employees_department_id.a7701eed35
[0m10:16:10.173889 [debug] [Thread-5 (]: Began executing node test.employee_analytics.not_null_stg_employees_employee_id.7f6f73d15b
[0m10:16:10.174476 [debug] [Thread-2 (]: Began running node test.employee_analytics.relationships_stg_employee_events_employee_id__employee_id__ref_stg_employees_.d0912f39d6
[0m10:16:10.179032 [debug] [Thread-5 (]: Writing runtime sql for node "test.employee_analytics.not_null_stg_employees_employee_id.7f6f73d15b"
[0m10:16:10.179833 [info ] [Thread-2 (]: 9 of 20 START test relationships_stg_employee_events_employee_id__employee_id__ref_stg_employees_  [RUN]
[0m10:16:10.181007 [debug] [Thread-2 (]: Re-using an available connection from the pool (formerly test.employee_analytics.not_null_stg_employees_department_id.a7701eed35, now test.employee_analytics.relationships_stg_employee_events_employee_id__employee_id__ref_stg_employees_.d0912f39d6)
[0m10:16:10.181973 [debug] [Thread-5 (]: Using snowflake connection "test.employee_analytics.not_null_stg_employees_employee_id.7f6f73d15b"
[0m10:16:10.182508 [debug] [Thread-2 (]: Began compiling node test.employee_analytics.relationships_stg_employee_events_employee_id__employee_id__ref_stg_employees_.d0912f39d6
[0m10:16:10.183093 [debug] [Thread-5 (]: On test.employee_analytics.not_null_stg_employees_employee_id.7f6f73d15b: /* {"app": "dbt", "dbt_version": "1.9.4", "profile_name": "employee_analytics", "target_name": "dev", "node_id": "test.employee_analytics.not_null_stg_employees_employee_id.7f6f73d15b"} */
select
      count(*) as failures,
      count(*) != 0 as should_warn,
      count(*) != 0 as should_error
    from (
      
    
    



select employee_id
from EMPLOYEE_ANALYTICS_DEV.STAGING.stg_employees
where employee_id is null



      
    ) dbt_internal_test
[0m10:16:10.190641 [debug] [Thread-2 (]: Writing injected SQL for node "test.employee_analytics.relationships_stg_employee_events_employee_id__employee_id__ref_stg_employees_.d0912f39d6"
[0m10:16:10.191336 [debug] [Thread-5 (]: Opening a new connection, currently in state init
[0m10:16:10.192423 [debug] [Thread-2 (]: Began executing node test.employee_analytics.relationships_stg_employee_events_employee_id__employee_id__ref_stg_employees_.d0912f39d6
[0m10:16:10.196657 [debug] [Thread-2 (]: Writing runtime sql for node "test.employee_analytics.relationships_stg_employee_events_employee_id__employee_id__ref_stg_employees_.d0912f39d6"
[0m10:16:10.198264 [debug] [Thread-2 (]: Using snowflake connection "test.employee_analytics.relationships_stg_employee_events_employee_id__employee_id__ref_stg_employees_.d0912f39d6"
[0m10:16:10.198893 [debug] [Thread-2 (]: On test.employee_analytics.relationships_stg_employee_events_employee_id__employee_id__ref_stg_employees_.d0912f39d6: /* {"app": "dbt", "dbt_version": "1.9.4", "profile_name": "employee_analytics", "target_name": "dev", "node_id": "test.employee_analytics.relationships_stg_employee_events_employee_id__employee_id__ref_stg_employees_.d0912f39d6"} */
select
      count(*) as failures,
      count(*) != 0 as should_warn,
      count(*) != 0 as should_error
    from (
      
    
    

with child as (
    select employee_id as from_field
    from EMPLOYEE_ANALYTICS_DEV.STAGING.stg_employee_events
    where employee_id is not null
),

parent as (
    select employee_id as to_field
    from EMPLOYEE_ANALYTICS_DEV.STAGING.stg_employees
)

select
    from_field

from child
left join parent
    on child.from_field = parent.to_field

where parent.to_field is null



      
    ) dbt_internal_test
[0m10:16:10.199454 [debug] [Thread-2 (]: Opening a new connection, currently in state init
[0m10:16:10.215428 [debug] [Thread-3 (]: SQL status: SUCCESS 1 in 0.910 seconds
[0m10:16:10.217999 [info ] [Thread-3 (]: 6 of 20 PASS accepted_values_stg_employees_employment_status__ACTIVE__EXITED ... [[32mPASS[0m in 1.00s]
[0m10:16:10.218839 [debug] [Thread-3 (]: Finished running node test.employee_analytics.accepted_values_stg_employees_employment_status__ACTIVE__EXITED.696b0099c8
[0m10:16:10.219463 [debug] [Thread-3 (]: Began running node test.employee_analytics.unique_stg_employees_employee_id.db72478d64
[0m10:16:10.220240 [info ] [Thread-3 (]: 10 of 20 START test unique_stg_employees_employee_id ........................... [RUN]
[0m10:16:10.220916 [debug] [Thread-3 (]: Re-using an available connection from the pool (formerly test.employee_analytics.accepted_values_stg_employees_employment_status__ACTIVE__EXITED.696b0099c8, now test.employee_analytics.unique_stg_employees_employee_id.db72478d64)
[0m10:16:10.221410 [debug] [Thread-3 (]: Began compiling node test.employee_analytics.unique_stg_employees_employee_id.db72478d64
[0m10:16:10.227222 [debug] [Thread-3 (]: Writing injected SQL for node "test.employee_analytics.unique_stg_employees_employee_id.db72478d64"
[0m10:16:10.228126 [debug] [Thread-3 (]: Began executing node test.employee_analytics.unique_stg_employees_employee_id.db72478d64
[0m10:16:10.232227 [debug] [Thread-3 (]: Writing runtime sql for node "test.employee_analytics.unique_stg_employees_employee_id.db72478d64"
[0m10:16:10.233576 [debug] [Thread-3 (]: Using snowflake connection "test.employee_analytics.unique_stg_employees_employee_id.db72478d64"
[0m10:16:10.234149 [debug] [Thread-3 (]: On test.employee_analytics.unique_stg_employees_employee_id.db72478d64: /* {"app": "dbt", "dbt_version": "1.9.4", "profile_name": "employee_analytics", "target_name": "dev", "node_id": "test.employee_analytics.unique_stg_employees_employee_id.db72478d64"} */
select
      count(*) as failures,
      count(*) != 0 as should_warn,
      count(*) != 0 as should_error
    from (
      
    
    

select
    employee_id as unique_field,
    count(*) as n_records

from EMPLOYEE_ANALYTICS_DEV.STAGING.stg_employees
where employee_id is not null
group by employee_id
having count(*) > 1



      
    ) dbt_internal_test
[0m10:16:10.234658 [debug] [Thread-3 (]: Opening a new connection, currently in state init
[0m10:16:10.253809 [debug] [Thread-4 (]: SQL status: SUCCESS 1 in 0.950 seconds
[0m10:16:10.256556 [info ] [Thread-4 (]: 5 of 20 PASS unique_stg_employee_events_event_id ............................... [[32mPASS[0m in 1.04s]
[0m10:16:10.257381 [debug] [Thread-4 (]: Finished running node test.employee_analytics.unique_stg_employee_events_event_id.d61930ab8c
[0m10:16:10.258038 [debug] [Thread-4 (]: Began running node test.employee_analytics.not_null_stg_departments_department_id.ce7f6f5cf8
[0m10:16:10.259031 [info ] [Thread-4 (]: 11 of 20 START test not_null_stg_departments_department_id ..................... [RUN]
[0m10:16:10.259820 [debug] [Thread-4 (]: Re-using an available connection from the pool (formerly test.employee_analytics.unique_stg_employee_events_event_id.d61930ab8c, now test.employee_analytics.not_null_stg_departments_department_id.ce7f6f5cf8)
[0m10:16:10.260360 [debug] [Thread-4 (]: Began compiling node test.employee_analytics.not_null_stg_departments_department_id.ce7f6f5cf8
[0m10:16:10.266502 [debug] [Thread-4 (]: Writing injected SQL for node "test.employee_analytics.not_null_stg_departments_department_id.ce7f6f5cf8"
[0m10:16:10.268269 [debug] [Thread-4 (]: Began executing node test.employee_analytics.not_null_stg_departments_department_id.ce7f6f5cf8
[0m10:16:10.272865 [debug] [Thread-4 (]: Writing runtime sql for node "test.employee_analytics.not_null_stg_departments_department_id.ce7f6f5cf8"
[0m10:16:10.274857 [debug] [Thread-4 (]: Using snowflake connection "test.employee_analytics.not_null_stg_departments_department_id.ce7f6f5cf8"
[0m10:16:10.275443 [debug] [Thread-4 (]: On test.employee_analytics.not_null_stg_departments_department_id.ce7f6f5cf8: /* {"app": "dbt", "dbt_version": "1.9.4", "profile_name": "employee_analytics", "target_name": "dev", "node_id": "test.employee_analytics.not_null_stg_departments_department_id.ce7f6f5cf8"} */
select
      count(*) as failures,
      count(*) != 0 as should_warn,
      count(*) != 0 as should_error
    from (
      
    
    



select department_id
from EMPLOYEE_ANALYTICS_DEV.STAGING.stg_departments
where department_id is null



      
    ) dbt_internal_test
[0m10:16:10.276096 [debug] [Thread-4 (]: Opening a new connection, currently in state init
[0m10:16:10.899346 [debug] [Thread-5 (]: SQL status: SUCCESS 1 in 0.708 seconds
[0m10:16:10.901944 [info ] [Thread-5 (]: 8 of 20 PASS not_null_stg_employees_employee_id ................................ [[32mPASS[0m in 0.74s]
[0m10:16:10.902822 [debug] [Thread-5 (]: Finished running node test.employee_analytics.not_null_stg_employees_employee_id.7f6f73d15b
[0m10:16:10.903461 [debug] [Thread-5 (]: Began running node test.employee_analytics.unique_stg_departments_department_id.8e1b8b707b
[0m10:16:10.904219 [info ] [Thread-5 (]: 12 of 20 START test unique_stg_departments_department_id ....................... [RUN]
[0m10:16:10.904905 [debug] [Thread-5 (]: Re-using an available connection from the pool (formerly test.employee_analytics.not_null_stg_employees_employee_id.7f6f73d15b, now test.employee_analytics.unique_stg_departments_department_id.8e1b8b707b)
[0m10:16:10.905410 [debug] [Thread-5 (]: Began compiling node test.employee_analytics.unique_stg_departments_department_id.8e1b8b707b
[0m10:16:10.913213 [debug] [Thread-5 (]: Writing injected SQL for node "test.employee_analytics.unique_stg_departments_department_id.8e1b8b707b"
[0m10:16:10.914112 [debug] [Thread-5 (]: Began executing node test.employee_analytics.unique_stg_departments_department_id.8e1b8b707b
[0m10:16:10.918007 [debug] [Thread-5 (]: Writing runtime sql for node "test.employee_analytics.unique_stg_departments_department_id.8e1b8b707b"
[0m10:16:10.919331 [debug] [Thread-5 (]: Using snowflake connection "test.employee_analytics.unique_stg_departments_department_id.8e1b8b707b"
[0m10:16:10.919993 [debug] [Thread-5 (]: On test.employee_analytics.unique_stg_departments_department_id.8e1b8b707b: /* {"app": "dbt", "dbt_version": "1.9.4", "profile_name": "employee_analytics", "target_name": "dev", "node_id": "test.employee_analytics.unique_stg_departments_department_id.8e1b8b707b"} */
select
      count(*) as failures,
      count(*) != 0 as should_warn,
      count(*) != 0 as should_error
    from (
      
    
    

select
    department_id as unique_field,
    count(*) as n_records

from EMPLOYEE_ANALYTICS_DEV.STAGING.stg_departments
where department_id is not null
group by department_id
having count(*) > 1



      
    ) dbt_internal_test
[0m10:16:10.920527 [debug] [Thread-5 (]: Opening a new connection, currently in state init
[0m10:16:10.995665 [debug] [Thread-3 (]: SQL status: SUCCESS 1 in 0.761 seconds
[0m10:16:10.998186 [info ] [Thread-3 (]: 10 of 20 PASS unique_stg_employees_employee_id ................................. [[32mPASS[0m in 0.78s]
[0m10:16:10.999018 [debug] [Thread-3 (]: Finished running node test.employee_analytics.unique_stg_employees_employee_id.db72478d64
[0m10:16:10.999733 [debug] [Thread-3 (]: Began running node model.employee_analytics.agg_employee_movement
[0m10:16:11.000579 [info ] [Thread-3 (]: 13 of 20 START sql table model ANALYTICS.agg_employee_movement ................. [RUN]
[0m10:16:11.001240 [debug] [Thread-3 (]: Re-using an available connection from the pool (formerly test.employee_analytics.unique_stg_employees_employee_id.db72478d64, now model.employee_analytics.agg_employee_movement)
[0m10:16:11.001772 [debug] [Thread-3 (]: Began compiling node model.employee_analytics.agg_employee_movement
[0m10:16:11.006592 [debug] [Thread-3 (]: Writing injected SQL for node "model.employee_analytics.agg_employee_movement"
[0m10:16:11.007423 [debug] [Thread-3 (]: Began executing node model.employee_analytics.agg_employee_movement
[0m10:16:11.034669 [debug] [Thread-3 (]: Writing runtime sql for node "model.employee_analytics.agg_employee_movement"
[0m10:16:11.043471 [debug] [Thread-3 (]: Using snowflake connection "model.employee_analytics.agg_employee_movement"
[0m10:16:11.044292 [debug] [Thread-3 (]: On model.employee_analytics.agg_employee_movement: /* {"app": "dbt", "dbt_version": "1.9.4", "profile_name": "employee_analytics", "target_name": "dev", "node_id": "model.employee_analytics.agg_employee_movement"} */
create or replace transient table EMPLOYEE_ANALYTICS_DEV.ANALYTICS.agg_employee_movement
         as
        (select date_trunc('month',event_date)::date month,count_if(event_type='JOINED') joiners,count_if(event_type='EXITED') exits,count_if(event_type='TRANSFERRED') transfers,count_if(event_type='PROMOTED') promotions,count_if(event_type='SALARY_CHANGE') salary_changes from EMPLOYEE_ANALYTICS_DEV.STAGING.stg_employee_events group by 1
        );
[0m10:16:11.044860 [debug] [Thread-3 (]: Opening a new connection, currently in state init
[0m10:16:11.057146 [debug] [Thread-2 (]: SQL status: SUCCESS 1 in 0.858 seconds
[0m10:16:11.059738 [info ] [Thread-2 (]: 9 of 20 PASS relationships_stg_employee_events_employee_id__employee_id__ref_stg_employees_  [[32mPASS[0m in 0.88s]
[0m10:16:11.060690 [debug] [Thread-2 (]: Finished running node test.employee_analytics.relationships_stg_employee_events_employee_id__employee_id__ref_stg_employees_.d0912f39d6
[0m10:16:11.085188 [debug] [Thread-4 (]: SQL status: SUCCESS 1 in 0.809 seconds
[0m10:16:11.087672 [info ] [Thread-4 (]: 11 of 20 PASS not_null_stg_departments_department_id ........................... [[32mPASS[0m in 0.83s]
[0m10:16:11.088520 [debug] [Thread-4 (]: Finished running node test.employee_analytics.not_null_stg_departments_department_id.ce7f6f5cf8
[0m10:16:11.607805 [debug] [Thread-5 (]: SQL status: SUCCESS 1 in 0.687 seconds
[0m10:16:11.610286 [info ] [Thread-5 (]: 12 of 20 PASS unique_stg_departments_department_id ............................. [[32mPASS[0m in 0.71s]
[0m10:16:11.611143 [debug] [Thread-5 (]: Finished running node test.employee_analytics.unique_stg_departments_department_id.8e1b8b707b
[0m10:16:11.612190 [debug] [Thread-2 (]: Began running node model.employee_analytics.dim_employees
[0m10:16:11.613012 [info ] [Thread-2 (]: 14 of 20 START sql table model ANALYTICS.dim_employees ......................... [RUN]
[0m10:16:11.613732 [debug] [Thread-2 (]: Re-using an available connection from the pool (formerly test.employee_analytics.relationships_stg_employee_events_employee_id__employee_id__ref_stg_employees_.d0912f39d6, now model.employee_analytics.dim_employees)
[0m10:16:11.614271 [debug] [Thread-2 (]: Began compiling node model.employee_analytics.dim_employees
[0m10:16:11.621096 [debug] [Thread-2 (]: Writing injected SQL for node "model.employee_analytics.dim_employees"
[0m10:16:11.621918 [debug] [Thread-2 (]: Began executing node model.employee_analytics.dim_employees
[0m10:16:11.626147 [debug] [Thread-2 (]: Writing runtime sql for node "model.employee_analytics.dim_employees"
[0m10:16:11.627722 [debug] [Thread-2 (]: Using snowflake connection "model.employee_analytics.dim_employees"
[0m10:16:11.628341 [debug] [Thread-2 (]: On model.employee_analytics.dim_employees: /* {"app": "dbt", "dbt_version": "1.9.4", "profile_name": "employee_analytics", "target_name": "dev", "node_id": "model.employee_analytics.dim_employees"} */
create or replace transient table EMPLOYEE_ANALYTICS_DEV.ANALYTICS.dim_employees
         as
        (select e.employee_id,e.employee_name,e.email,e.job_title,d.department_name,d.cost_center,e.join_date,e.exit_date,e.employment_status,e.salary,datediff(month,e.join_date,coalesce(e.exit_date,current_date())) tenure_months from EMPLOYEE_ANALYTICS_DEV.STAGING.stg_employees e left join EMPLOYEE_ANALYTICS_DEV.STAGING.stg_departments d on e.department_id=d.department_id
        );
[0m10:16:11.628873 [debug] [Thread-2 (]: Opening a new connection, currently in state init
[0m10:16:12.873175 [debug] [Thread-3 (]: SQL status: SUCCESS 1 in 1.828 seconds
[0m10:16:12.876631 [info ] [Thread-3 (]: 13 of 20 OK created sql table model ANALYTICS.agg_employee_movement ............ [[32mSUCCESS 1[0m in 1.88s]
[0m10:16:12.877517 [debug] [Thread-3 (]: Finished running node model.employee_analytics.agg_employee_movement
[0m10:16:13.382401 [debug] [Thread-2 (]: SQL status: SUCCESS 1 in 1.753 seconds
[0m10:16:13.385220 [info ] [Thread-2 (]: 14 of 20 OK created sql table model ANALYTICS.dim_employees .................... [[32mSUCCESS 1[0m in 1.77s]
[0m10:16:13.385958 [debug] [Thread-2 (]: Finished running node model.employee_analytics.dim_employees
[0m10:16:13.387359 [debug] [Thread-5 (]: Began running node test.employee_analytics.assert_exit_date_valid
[0m10:16:13.388015 [debug] [Thread-4 (]: Began running node test.employee_analytics.assert_salary_positive
[0m10:16:13.388621 [debug] [Thread-3 (]: Began running node test.employee_analytics.not_null_dim_employees_employee_id.ef83a0c291
[0m10:16:13.389262 [debug] [Thread-2 (]: Began running node test.employee_analytics.not_null_dim_employees_salary.1690cd4958
[0m10:16:13.389803 [info ] [Thread-5 (]: 15 of 20 START test assert_exit_date_valid ..................................... [RUN]
[0m10:16:13.390397 [info ] [Thread-4 (]: 16 of 20 START test assert_salary_positive ..................................... [RUN]
[0m10:16:13.391012 [info ] [Thread-3 (]: 17 of 20 START test not_null_dim_employees_employee_id ......................... [RUN]
[0m10:16:13.391657 [info ] [Thread-2 (]: 18 of 20 START test not_null_dim_employees_salary .............................. [RUN]
[0m10:16:13.392348 [debug] [Thread-5 (]: Re-using an available connection from the pool (formerly test.employee_analytics.unique_stg_departments_department_id.8e1b8b707b, now test.employee_analytics.assert_exit_date_valid)
[0m10:16:13.392975 [debug] [Thread-4 (]: Re-using an available connection from the pool (formerly test.employee_analytics.not_null_stg_departments_department_id.ce7f6f5cf8, now test.employee_analytics.assert_salary_positive)
[0m10:16:13.393528 [debug] [Thread-3 (]: Re-using an available connection from the pool (formerly model.employee_analytics.agg_employee_movement, now test.employee_analytics.not_null_dim_employees_employee_id.ef83a0c291)
[0m10:16:13.394098 [debug] [Thread-2 (]: Re-using an available connection from the pool (formerly model.employee_analytics.dim_employees, now test.employee_analytics.not_null_dim_employees_salary.1690cd4958)
[0m10:16:13.394745 [debug] [Thread-5 (]: Began compiling node test.employee_analytics.assert_exit_date_valid
[0m10:16:13.395263 [debug] [Thread-4 (]: Began compiling node test.employee_analytics.assert_salary_positive
[0m10:16:13.395849 [debug] [Thread-3 (]: Began compiling node test.employee_analytics.not_null_dim_employees_employee_id.ef83a0c291
[0m10:16:13.396320 [debug] [Thread-2 (]: Began compiling node test.employee_analytics.not_null_dim_employees_salary.1690cd4958
[0m10:16:13.400914 [debug] [Thread-5 (]: Writing injected SQL for node "test.employee_analytics.assert_exit_date_valid"
[0m10:16:13.405508 [debug] [Thread-4 (]: Writing injected SQL for node "test.employee_analytics.assert_salary_positive"
[0m10:16:13.411687 [debug] [Thread-3 (]: Writing injected SQL for node "test.employee_analytics.not_null_dim_employees_employee_id.ef83a0c291"
[0m10:16:13.419448 [debug] [Thread-2 (]: Writing injected SQL for node "test.employee_analytics.not_null_dim_employees_salary.1690cd4958"
[0m10:16:13.420794 [debug] [Thread-5 (]: Began executing node test.employee_analytics.assert_exit_date_valid
[0m10:16:13.421608 [debug] [Thread-4 (]: Began executing node test.employee_analytics.assert_salary_positive
[0m10:16:13.422461 [debug] [Thread-3 (]: Began executing node test.employee_analytics.not_null_dim_employees_employee_id.ef83a0c291
[0m10:16:13.426384 [debug] [Thread-5 (]: Writing runtime sql for node "test.employee_analytics.assert_exit_date_valid"
[0m10:16:13.426939 [debug] [Thread-2 (]: Began executing node test.employee_analytics.not_null_dim_employees_salary.1690cd4958
[0m10:16:13.430876 [debug] [Thread-4 (]: Writing runtime sql for node "test.employee_analytics.assert_salary_positive"
[0m10:16:13.434737 [debug] [Thread-3 (]: Writing runtime sql for node "test.employee_analytics.not_null_dim_employees_employee_id.ef83a0c291"
[0m10:16:13.440268 [debug] [Thread-2 (]: Writing runtime sql for node "test.employee_analytics.not_null_dim_employees_salary.1690cd4958"
[0m10:16:13.441247 [debug] [Thread-5 (]: Using snowflake connection "test.employee_analytics.assert_exit_date_valid"
[0m10:16:13.442699 [debug] [Thread-4 (]: Using snowflake connection "test.employee_analytics.assert_salary_positive"
[0m10:16:13.444026 [debug] [Thread-3 (]: Using snowflake connection "test.employee_analytics.not_null_dim_employees_employee_id.ef83a0c291"
[0m10:16:13.444657 [debug] [Thread-5 (]: On test.employee_analytics.assert_exit_date_valid: /* {"app": "dbt", "dbt_version": "1.9.4", "profile_name": "employee_analytics", "target_name": "dev", "node_id": "test.employee_analytics.assert_exit_date_valid"} */
select
      count(*) as failures,
      count(*) != 0 as should_warn,
      count(*) != 0 as should_error
    from (
      select * from EMPLOYEE_ANALYTICS_DEV.ANALYTICS.dim_employees where exit_date is not null and exit_date < join_date
      
    ) dbt_internal_test
[0m10:16:13.445720 [debug] [Thread-2 (]: Using snowflake connection "test.employee_analytics.not_null_dim_employees_salary.1690cd4958"
[0m10:16:13.446291 [debug] [Thread-4 (]: On test.employee_analytics.assert_salary_positive: /* {"app": "dbt", "dbt_version": "1.9.4", "profile_name": "employee_analytics", "target_name": "dev", "node_id": "test.employee_analytics.assert_salary_positive"} */
select
      count(*) as failures,
      count(*) != 0 as should_warn,
      count(*) != 0 as should_error
    from (
      select * from EMPLOYEE_ANALYTICS_DEV.ANALYTICS.dim_employees where salary <= 0
      
    ) dbt_internal_test
[0m10:16:13.446881 [debug] [Thread-3 (]: On test.employee_analytics.not_null_dim_employees_employee_id.ef83a0c291: /* {"app": "dbt", "dbt_version": "1.9.4", "profile_name": "employee_analytics", "target_name": "dev", "node_id": "test.employee_analytics.not_null_dim_employees_employee_id.ef83a0c291"} */
select
      count(*) as failures,
      count(*) != 0 as should_warn,
      count(*) != 0 as should_error
    from (
      
    
    



select employee_id
from EMPLOYEE_ANALYTICS_DEV.ANALYTICS.dim_employees
where employee_id is null



      
    ) dbt_internal_test
[0m10:16:13.447406 [debug] [Thread-5 (]: Opening a new connection, currently in state init
[0m10:16:13.448042 [debug] [Thread-2 (]: On test.employee_analytics.not_null_dim_employees_salary.1690cd4958: /* {"app": "dbt", "dbt_version": "1.9.4", "profile_name": "employee_analytics", "target_name": "dev", "node_id": "test.employee_analytics.not_null_dim_employees_salary.1690cd4958"} */
select
      count(*) as failures,
      count(*) != 0 as should_warn,
      count(*) != 0 as should_error
    from (
      
    
    



select salary
from EMPLOYEE_ANALYTICS_DEV.ANALYTICS.dim_employees
where salary is null



      
    ) dbt_internal_test
[0m10:16:13.448589 [debug] [Thread-4 (]: Opening a new connection, currently in state init
[0m10:16:13.449093 [debug] [Thread-3 (]: Opening a new connection, currently in state init
[0m10:16:13.449775 [debug] [Thread-2 (]: Opening a new connection, currently in state init
[0m10:16:14.562037 [debug] [Thread-3 (]: SQL status: SUCCESS 1 in 1.113 seconds
[0m10:16:14.562825 [debug] [Thread-4 (]: SQL status: SUCCESS 1 in 1.114 seconds
[0m10:16:14.565212 [info ] [Thread-3 (]: 17 of 20 PASS not_null_dim_employees_employee_id ............................... [[32mPASS[0m in 1.17s]
[0m10:16:14.567427 [info ] [Thread-4 (]: 16 of 20 PASS assert_salary_positive ........................................... [[32mPASS[0m in 1.17s]
[0m10:16:14.568331 [debug] [Thread-3 (]: Finished running node test.employee_analytics.not_null_dim_employees_employee_id.ef83a0c291
[0m10:16:14.568987 [debug] [Thread-4 (]: Finished running node test.employee_analytics.assert_salary_positive
[0m10:16:14.569615 [debug] [Thread-3 (]: Began running node test.employee_analytics.unique_dim_employees_employee_id.79828c8f30
[0m10:16:14.570375 [info ] [Thread-3 (]: 19 of 20 START test unique_dim_employees_employee_id ........................... [RUN]
[0m10:16:14.571021 [debug] [Thread-3 (]: Re-using an available connection from the pool (formerly test.employee_analytics.not_null_dim_employees_employee_id.ef83a0c291, now test.employee_analytics.unique_dim_employees_employee_id.79828c8f30)
[0m10:16:14.571496 [debug] [Thread-3 (]: Began compiling node test.employee_analytics.unique_dim_employees_employee_id.79828c8f30
[0m10:16:14.577378 [debug] [Thread-3 (]: Writing injected SQL for node "test.employee_analytics.unique_dim_employees_employee_id.79828c8f30"
[0m10:16:14.578125 [debug] [Thread-3 (]: Began executing node test.employee_analytics.unique_dim_employees_employee_id.79828c8f30
[0m10:16:14.582199 [debug] [Thread-3 (]: Writing runtime sql for node "test.employee_analytics.unique_dim_employees_employee_id.79828c8f30"
[0m10:16:14.583569 [debug] [Thread-3 (]: Using snowflake connection "test.employee_analytics.unique_dim_employees_employee_id.79828c8f30"
[0m10:16:14.584326 [debug] [Thread-5 (]: SQL status: SUCCESS 1 in 1.137 seconds
[0m10:16:14.584916 [debug] [Thread-3 (]: On test.employee_analytics.unique_dim_employees_employee_id.79828c8f30: /* {"app": "dbt", "dbt_version": "1.9.4", "profile_name": "employee_analytics", "target_name": "dev", "node_id": "test.employee_analytics.unique_dim_employees_employee_id.79828c8f30"} */
select
      count(*) as failures,
      count(*) != 0 as should_warn,
      count(*) != 0 as should_error
    from (
      
    
    

select
    employee_id as unique_field,
    count(*) as n_records

from EMPLOYEE_ANALYTICS_DEV.ANALYTICS.dim_employees
where employee_id is not null
group by employee_id
having count(*) > 1



      
    ) dbt_internal_test
[0m10:16:14.587178 [info ] [Thread-5 (]: 15 of 20 PASS assert_exit_date_valid ........................................... [[32mPASS[0m in 1.19s]
[0m10:16:14.587893 [debug] [Thread-3 (]: Opening a new connection, currently in state init
[0m10:16:14.588552 [debug] [Thread-5 (]: Finished running node test.employee_analytics.assert_exit_date_valid
[0m10:16:14.605045 [debug] [Thread-2 (]: SQL status: SUCCESS 1 in 1.155 seconds
[0m10:16:14.607493 [info ] [Thread-2 (]: 18 of 20 PASS not_null_dim_employees_salary .................................... [[32mPASS[0m in 1.21s]
[0m10:16:14.608368 [debug] [Thread-2 (]: Finished running node test.employee_analytics.not_null_dim_employees_salary.1690cd4958
[0m10:16:15.286217 [debug] [Thread-3 (]: SQL status: SUCCESS 1 in 0.698 seconds
[0m10:16:15.288639 [info ] [Thread-3 (]: 19 of 20 PASS unique_dim_employees_employee_id ................................. [[32mPASS[0m in 0.72s]
[0m10:16:15.289385 [debug] [Thread-3 (]: Finished running node test.employee_analytics.unique_dim_employees_employee_id.79828c8f30
[0m10:16:15.290532 [debug] [Thread-4 (]: Began running node model.employee_analytics.agg_department_summary
[0m10:16:15.291424 [info ] [Thread-4 (]: 20 of 20 START sql table model ANALYTICS.agg_department_summary ................ [RUN]
[0m10:16:15.292161 [debug] [Thread-4 (]: Re-using an available connection from the pool (formerly test.employee_analytics.assert_salary_positive, now model.employee_analytics.agg_department_summary)
[0m10:16:15.292667 [debug] [Thread-4 (]: Began compiling node model.employee_analytics.agg_department_summary
[0m10:16:15.297330 [debug] [Thread-4 (]: Writing injected SQL for node "model.employee_analytics.agg_department_summary"
[0m10:16:15.298080 [debug] [Thread-4 (]: Began executing node model.employee_analytics.agg_department_summary
[0m10:16:15.302195 [debug] [Thread-4 (]: Writing runtime sql for node "model.employee_analytics.agg_department_summary"
[0m10:16:15.303612 [debug] [Thread-4 (]: Using snowflake connection "model.employee_analytics.agg_department_summary"
[0m10:16:15.304191 [debug] [Thread-4 (]: On model.employee_analytics.agg_department_summary: /* {"app": "dbt", "dbt_version": "1.9.4", "profile_name": "employee_analytics", "target_name": "dev", "node_id": "model.employee_analytics.agg_department_summary"} */
create or replace transient table EMPLOYEE_ANALYTICS_DEV.ANALYTICS.agg_department_summary
         as
        (select department_name,count(*) total_employees,count_if(employment_status='ACTIVE') active_employees,count_if(employment_status='EXITED') exited_employees,round(avg(salary),2) avg_salary,round(avg(tenure_months),1) avg_tenure_months from EMPLOYEE_ANALYTICS_DEV.ANALYTICS.dim_employees group by department_name
        );
[0m10:16:15.304694 [debug] [Thread-4 (]: Opening a new connection, currently in state init
[0m10:16:17.063080 [debug] [Thread-4 (]: SQL status: SUCCESS 1 in 1.758 seconds
[0m10:16:17.065908 [info ] [Thread-4 (]: 20 of 20 OK created sql table model ANALYTICS.agg_department_summary ........... [[32mSUCCESS 1[0m in 1.77s]
[0m10:16:17.066703 [debug] [Thread-4 (]: Finished running node model.employee_analytics.agg_department_summary
[0m10:16:17.070103 [debug] [Dummy-1   ]: Connection 'master' was properly closed.
[0m10:16:17.070980 [debug] [Dummy-1   ]: Connection 'test.employee_analytics.unique_dim_employees_employee_id.79828c8f30' was properly closed.
[0m10:16:17.071461 [debug] [Dummy-1   ]: Connection 'model.employee_analytics.agg_department_summary' was properly closed.
[0m10:16:17.071963 [debug] [Dummy-1   ]: Connection 'test.employee_analytics.not_null_dim_employees_salary.1690cd4958' was properly closed.
[0m10:16:17.072357 [debug] [Dummy-1   ]: Connection 'test.employee_analytics.assert_exit_date_valid' was properly closed.
[0m10:16:17.072929 [info ] [Dummy-1   ]: 
[0m10:16:17.073407 [info ] [Dummy-1   ]: Finished running 3 table models, 14 data tests, 3 view models in 0 hours 0 minutes and 11.32 seconds (11.32s).
[0m10:16:17.076410 [debug] [Dummy-1   ]: Command end result
[0m10:16:17.102078 [debug] [Dummy-1   ]: Wrote artifact WritableManifest to /tmp/dbt/target/manifest.json
[0m10:16:17.104223 [debug] [Dummy-1   ]: Wrote artifact SemanticManifest to /tmp/dbt/target/semantic_manifest.json
[0m10:16:17.110938 [debug] [Dummy-1   ]: Wrote artifact RunExecutionResult to /tmp/dbt/target/run_results.json
[0m10:16:17.111461 [info ] [Dummy-1   ]: 
[0m10:16:17.112095 [info ] [Dummy-1   ]: [32mCompleted successfully[0m
[0m10:16:17.112551 [info ] [Dummy-1   ]: 
[0m10:16:17.113027 [info ] [Dummy-1   ]: Done. PASS=20 WARN=0 ERROR=0 SKIP=0 TOTAL=20
[0m10:16:17.114791 [debug] [Dummy-1   ]: Resource report: {"command_name": "build", "command_success": true, "command_wall_clock_time": 14.38338, "process_in_blocks": "0", "process_kernel_time": 1.04, "process_mem_max_rss": "520988", "process_out_blocks": "0", "process_user_time": 6.93}
[0m10:16:17.115390 [debug] [Dummy-1   ]: Command `cli build` succeeded at 10:16:17.115152 after 14.38 seconds
[0m10:16:17.115986 [debug] [Dummy-1   ]: Flushing usage events


============================== 10:29:24.105769 | 7833817f-4753-4050-8fad-ef12065e5cb0 ==============================
[0m10:29:24.105769 [info ] [Dummy-1   ]: Running with dbt=1.9.4
[0m10:29:24.106746 [debug] [Dummy-1   ]: running dbt with arguments {'printer_width': '80', 'indirect_selection': 'eager', 'log_cache_events': 'False', 'write_json': 'True', 'partial_parse': 'True', 'cache_selected_only': 'False', 'profiles_dir': '/tmp/dbt/', 'debug': 'False', 'fail_fast': 'False', 'log_path': '/tmp/dbt/logs', 'version_check': 'True', 'warn_error': 'None', 'use_colors': 'True', 'use_experimental_parser': 'False', 'empty': 'False', 'quiet': 'False', 'no_print': 'None', 'log_format': 'default', 'static_parser': 'True', 'warn_error_options': 'WarnErrorOptions(include=[], exclude=[])', 'invocation_command': 'dbt ', 'target_path': '/tmp/dbt/target', 'introspect': 'True', 'send_anonymous_usage_stats': 'False'}
[0m10:29:24.411280 [info ] [Dummy-1   ]: Registered adapter: snowflake=1.9.2
[0m10:29:24.971409 [debug] [Dummy-1   ]: checksum: ab753f9482add4a846bb27025959f965636943c672cd904bd74aeb8fdb8e7fb1, vars: {}, profile: , target: stage, version: 1.9.4
[0m10:29:25.161052 [info ] [Dummy-1   ]: Unable to do partial parsing because config vars, config profile, or config target have changed
[0m10:29:25.161850 [debug] [Dummy-1   ]: previous checksum: ab753f9482add4a846bb27025959f965636943c672cd904bd74aeb8fdb8e7fb1, current checksum: 53ed91fada2233efb98368d1716b44ab532c83a9c293cf1890b7905d5b45fb25
[0m10:29:25.162357 [info ] [Dummy-1   ]: Unable to do partial parsing because profile has changed
[0m10:29:27.100167 [debug] [Dummy-1   ]: Wrote artifact WritableManifest to /tmp/dbt/target/manifest.json
[0m10:29:27.102730 [debug] [Dummy-1   ]: Wrote artifact SemanticManifest to /tmp/dbt/target/semantic_manifest.json
[0m10:29:27.174405 [info ] [Dummy-1   ]: Found 6 models, 14 data tests, 3 sources, 475 macros
[0m10:29:27.178244 [info ] [Dummy-1   ]: 
[0m10:29:27.178875 [info ] [Dummy-1   ]: Concurrency: 4 threads (target='stage')
[0m10:29:27.179355 [info ] [Dummy-1   ]: 
[0m10:29:27.180222 [debug] [Dummy-1   ]: Acquiring new snowflake connection 'master'
[0m10:29:27.187183 [debug] [ThreadPool]: Acquiring new snowflake connection 'list_EMPLOYEE_ANALYTICS_STAGE'
[0m10:29:27.189232 [debug] [ThreadPool]: Acquiring new snowflake connection 'list_EMPLOYEE_ANALYTICS_STAGE'
[0m10:29:27.284512 [debug] [ThreadPool]: Using snowflake connection "list_EMPLOYEE_ANALYTICS_STAGE"
[0m10:29:27.285341 [debug] [ThreadPool]: Using snowflake connection "list_EMPLOYEE_ANALYTICS_STAGE"
[0m10:29:27.285964 [debug] [ThreadPool]: On list_EMPLOYEE_ANALYTICS_STAGE: /* {"app": "dbt", "dbt_version": "1.9.4", "profile_name": "employee_analytics", "target_name": "stage", "connection_name": "list_EMPLOYEE_ANALYTICS_STAGE"} */
show terse schemas in database EMPLOYEE_ANALYTICS_STAGE
    limit 10000
[0m10:29:27.286534 [debug] [ThreadPool]: On list_EMPLOYEE_ANALYTICS_STAGE: /* {"app": "dbt", "dbt_version": "1.9.4", "profile_name": "employee_analytics", "target_name": "stage", "connection_name": "list_EMPLOYEE_ANALYTICS_STAGE"} */
show terse schemas in database EMPLOYEE_ANALYTICS_STAGE
    limit 10000
[0m10:29:27.287078 [debug] [ThreadPool]: Opening a new connection, currently in state init
[0m10:29:27.287551 [debug] [ThreadPool]: Opening a new connection, currently in state init
[0m10:29:28.018435 [debug] [ThreadPool]: SQL status: SUCCESS 6 in 0.731 seconds
[0m10:29:28.070669 [debug] [ThreadPool]: SQL status: SUCCESS 6 in 0.783 seconds
[0m10:29:28.075602 [debug] [ThreadPool]: Re-using an available connection from the pool (formerly list_EMPLOYEE_ANALYTICS_STAGE, now list_EMPLOYEE_ANALYTICS_STAGE_STAGING)
[0m10:29:28.077632 [debug] [ThreadPool]: Re-using an available connection from the pool (formerly list_EMPLOYEE_ANALYTICS_STAGE, now list_EMPLOYEE_ANALYTICS_STAGE_ANALYTICS)
[0m10:29:28.092566 [debug] [ThreadPool]: Using snowflake connection "list_EMPLOYEE_ANALYTICS_STAGE_STAGING"
[0m10:29:28.096848 [debug] [ThreadPool]: Using snowflake connection "list_EMPLOYEE_ANALYTICS_STAGE_ANALYTICS"
[0m10:29:28.097543 [debug] [ThreadPool]: On list_EMPLOYEE_ANALYTICS_STAGE_STAGING: /* {"app": "dbt", "dbt_version": "1.9.4", "profile_name": "employee_analytics", "target_name": "stage", "connection_name": "list_EMPLOYEE_ANALYTICS_STAGE_STAGING"} */
alter session set quoted_identifiers_ignore_case = false;
[0m10:29:28.098161 [debug] [ThreadPool]: On list_EMPLOYEE_ANALYTICS_STAGE_ANALYTICS: /* {"app": "dbt", "dbt_version": "1.9.4", "profile_name": "employee_analytics", "target_name": "stage", "connection_name": "list_EMPLOYEE_ANALYTICS_STAGE_ANALYTICS"} */
alter session set quoted_identifiers_ignore_case = false;
[0m10:29:28.098748 [debug] [ThreadPool]: Opening a new connection, currently in state init
[0m10:29:28.099233 [debug] [ThreadPool]: Opening a new connection, currently in state init
[0m10:29:28.721369 [debug] [ThreadPool]: SQL status: SUCCESS 1 in 0.622 seconds
[0m10:29:28.726330 [debug] [ThreadPool]: Using snowflake connection "list_EMPLOYEE_ANALYTICS_STAGE_STAGING"
[0m10:29:28.727073 [debug] [ThreadPool]: On list_EMPLOYEE_ANALYTICS_STAGE_STAGING: /* {"app": "dbt", "dbt_version": "1.9.4", "profile_name": "employee_analytics", "target_name": "stage", "connection_name": "list_EMPLOYEE_ANALYTICS_STAGE_STAGING"} */
show objects in EMPLOYEE_ANALYTICS_STAGE.STAGING
    limit 10000
    
;
[0m10:29:28.781508 [debug] [ThreadPool]: SQL status: SUCCESS 1 in 0.682 seconds
[0m10:29:28.783675 [debug] [ThreadPool]: Using snowflake connection "list_EMPLOYEE_ANALYTICS_STAGE_ANALYTICS"
[0m10:29:28.784316 [debug] [ThreadPool]: On list_EMPLOYEE_ANALYTICS_STAGE_ANALYTICS: /* {"app": "dbt", "dbt_version": "1.9.4", "profile_name": "employee_analytics", "target_name": "stage", "connection_name": "list_EMPLOYEE_ANALYTICS_STAGE_ANALYTICS"} */
show objects in EMPLOYEE_ANALYTICS_STAGE.ANALYTICS
    limit 10000
    
;
[0m10:29:28.863708 [debug] [ThreadPool]: SQL status: SUCCESS 0 in 0.136 seconds
[0m10:29:28.866056 [debug] [ThreadPool]: Using snowflake connection "list_EMPLOYEE_ANALYTICS_STAGE_STAGING"
[0m10:29:28.866669 [debug] [ThreadPool]: On list_EMPLOYEE_ANALYTICS_STAGE_STAGING: /* {"app": "dbt", "dbt_version": "1.9.4", "profile_name": "employee_analytics", "target_name": "stage", "connection_name": "list_EMPLOYEE_ANALYTICS_STAGE_STAGING"} */
alter session unset quoted_identifiers_ignore_case;
[0m10:29:28.952307 [debug] [ThreadPool]: SQL status: SUCCESS 0 in 0.167 seconds
[0m10:29:28.954497 [debug] [ThreadPool]: Using snowflake connection "list_EMPLOYEE_ANALYTICS_STAGE_ANALYTICS"
[0m10:29:28.955091 [debug] [ThreadPool]: On list_EMPLOYEE_ANALYTICS_STAGE_ANALYTICS: /* {"app": "dbt", "dbt_version": "1.9.4", "profile_name": "employee_analytics", "target_name": "stage", "connection_name": "list_EMPLOYEE_ANALYTICS_STAGE_ANALYTICS"} */
alter session unset quoted_identifiers_ignore_case;
[0m10:29:28.968959 [debug] [ThreadPool]: SQL status: SUCCESS 1 in 0.102 seconds
[0m10:29:29.076809 [debug] [ThreadPool]: SQL status: SUCCESS 1 in 0.121 seconds
[0m10:29:29.090003 [debug] [Thread-2 (]: Began running node model.employee_analytics.stg_departments
[0m10:29:29.090808 [debug] [Thread-3 (]: Began running node model.employee_analytics.stg_employee_events
[0m10:29:29.091680 [debug] [Thread-4 (]: Began running node model.employee_analytics.stg_employees
[0m10:29:29.092632 [info ] [Thread-2 (]: 1 of 20 START sql view model STAGING.stg_departments ........................... [RUN]
[0m10:29:29.093538 [info ] [Thread-3 (]: 2 of 20 START sql view model STAGING.stg_employee_events ....................... [RUN]
[0m10:29:29.094372 [info ] [Thread-4 (]: 3 of 20 START sql view model STAGING.stg_employees ............................. [RUN]
[0m10:29:29.095153 [debug] [Thread-2 (]: Re-using an available connection from the pool (formerly list_EMPLOYEE_ANALYTICS_STAGE_STAGING, now model.employee_analytics.stg_departments)
[0m10:29:29.095782 [debug] [Thread-3 (]: Re-using an available connection from the pool (formerly list_EMPLOYEE_ANALYTICS_STAGE_ANALYTICS, now model.employee_analytics.stg_employee_events)
[0m10:29:29.096633 [debug] [Thread-4 (]: Acquiring new snowflake connection 'model.employee_analytics.stg_employees'
[0m10:29:29.097231 [debug] [Thread-2 (]: Began compiling node model.employee_analytics.stg_departments
[0m10:29:29.097777 [debug] [Thread-3 (]: Began compiling node model.employee_analytics.stg_employee_events
[0m10:29:29.098294 [debug] [Thread-4 (]: Began compiling node model.employee_analytics.stg_employees
[0m10:29:29.108091 [debug] [Thread-2 (]: Writing injected SQL for node "model.employee_analytics.stg_departments"
[0m10:29:29.115397 [debug] [Thread-3 (]: Writing injected SQL for node "model.employee_analytics.stg_employee_events"
[0m10:29:29.120550 [debug] [Thread-4 (]: Writing injected SQL for node "model.employee_analytics.stg_employees"
[0m10:29:29.121881 [debug] [Thread-2 (]: Began executing node model.employee_analytics.stg_departments
[0m10:29:29.122766 [debug] [Thread-3 (]: Began executing node model.employee_analytics.stg_employee_events
[0m10:29:29.146550 [debug] [Thread-4 (]: Began executing node model.employee_analytics.stg_employees
[0m10:29:29.172523 [debug] [Thread-2 (]: Writing runtime sql for node "model.employee_analytics.stg_departments"
[0m10:29:29.187712 [debug] [Thread-3 (]: Writing runtime sql for node "model.employee_analytics.stg_employee_events"
[0m10:29:29.192516 [debug] [Thread-4 (]: Writing runtime sql for node "model.employee_analytics.stg_employees"
[0m10:29:29.194313 [debug] [Thread-2 (]: Using snowflake connection "model.employee_analytics.stg_departments"
[0m10:29:29.195719 [debug] [Thread-3 (]: Using snowflake connection "model.employee_analytics.stg_employee_events"
[0m10:29:29.196582 [debug] [Thread-2 (]: On model.employee_analytics.stg_departments: /* {"app": "dbt", "dbt_version": "1.9.4", "profile_name": "employee_analytics", "target_name": "stage", "node_id": "model.employee_analytics.stg_departments"} */
create or replace   view EMPLOYEE_ANALYTICS_STAGE.STAGING.stg_departments
  
   as (
    select department_id,trim(department_name) department_name,trim(department_head) department_head,trim(cost_center) cost_center from EMPLOYEE_ANALYTICS_STAGE.RAW.DEPARTMENTS
  );
[0m10:29:29.197737 [debug] [Thread-4 (]: Using snowflake connection "model.employee_analytics.stg_employees"
[0m10:29:29.198388 [debug] [Thread-3 (]: On model.employee_analytics.stg_employee_events: /* {"app": "dbt", "dbt_version": "1.9.4", "profile_name": "employee_analytics", "target_name": "stage", "node_id": "model.employee_analytics.stg_employee_events"} */
create or replace   view EMPLOYEE_ANALYTICS_STAGE.STAGING.stg_employee_events
  
   as (
    select event_id,employee_id,upper(trim(event_type)) event_type,event_date,old_value,new_value from EMPLOYEE_ANALYTICS_STAGE.RAW.EMPLOYEE_EVENTS
  );
[0m10:29:29.199006 [debug] [Thread-2 (]: Opening a new connection, currently in state init
[0m10:29:29.199618 [debug] [Thread-4 (]: On model.employee_analytics.stg_employees: /* {"app": "dbt", "dbt_version": "1.9.4", "profile_name": "employee_analytics", "target_name": "stage", "node_id": "model.employee_analytics.stg_employees"} */
create or replace   view EMPLOYEE_ANALYTICS_STAGE.STAGING.stg_employees
  
   as (
    select employee_id,trim(employee_name) employee_name,lower(trim(email)) email,department_id,trim(job_title) job_title,join_date,exit_date,upper(trim(employment_status)) employment_status,salary,updated_at from EMPLOYEE_ANALYTICS_STAGE.RAW.EMPLOYEES
  );
[0m10:29:29.200309 [debug] [Thread-3 (]: Opening a new connection, currently in state init
[0m10:29:29.201014 [debug] [Thread-4 (]: Opening a new connection, currently in state init
[0m10:29:30.230807 [debug] [Thread-3 (]: SQL status: SUCCESS 1 in 1.030 seconds
[0m10:29:30.239582 [debug] [Thread-2 (]: SQL status: SUCCESS 1 in 1.040 seconds
[0m10:29:30.261901 [info ] [Thread-3 (]: 2 of 20 OK created sql view model STAGING.stg_employee_events .................. [[32mSUCCESS 1[0m in 1.16s]
[0m10:29:30.262820 [info ] [Thread-2 (]: 1 of 20 OK created sql view model STAGING.stg_departments ...................... [[32mSUCCESS 1[0m in 1.17s]
[0m10:29:30.263766 [debug] [Thread-3 (]: Finished running node model.employee_analytics.stg_employee_events
[0m10:29:30.264589 [debug] [Thread-2 (]: Finished running node model.employee_analytics.stg_departments
[0m10:29:30.265987 [debug] [Thread-5 (]: Began running node test.employee_analytics.not_null_stg_employee_events_event_id.ec250bcb52
[0m10:29:30.266592 [debug] [Thread-3 (]: Began running node test.employee_analytics.unique_stg_employee_events_event_id.d61930ab8c
[0m10:29:30.267581 [debug] [Thread-2 (]: Began running node test.employee_analytics.not_null_stg_departments_department_id.ce7f6f5cf8
[0m10:29:30.268283 [info ] [Thread-5 (]: 4 of 20 START test not_null_stg_employee_events_event_id ....................... [RUN]
[0m10:29:30.268919 [info ] [Thread-3 (]: 5 of 20 START test unique_stg_employee_events_event_id ......................... [RUN]
[0m10:29:30.269500 [info ] [Thread-2 (]: 6 of 20 START test not_null_stg_departments_department_id ...................... [RUN]
[0m10:29:30.270304 [debug] [Thread-5 (]: Acquiring new snowflake connection 'test.employee_analytics.not_null_stg_employee_events_event_id.ec250bcb52'
[0m10:29:30.270983 [debug] [Thread-3 (]: Re-using an available connection from the pool (formerly model.employee_analytics.stg_employee_events, now test.employee_analytics.unique_stg_employee_events_event_id.d61930ab8c)
[0m10:29:30.271684 [debug] [Thread-2 (]: Re-using an available connection from the pool (formerly model.employee_analytics.stg_departments, now test.employee_analytics.not_null_stg_departments_department_id.ce7f6f5cf8)
[0m10:29:30.272321 [debug] [Thread-5 (]: Began compiling node test.employee_analytics.not_null_stg_employee_events_event_id.ec250bcb52
[0m10:29:30.272868 [debug] [Thread-3 (]: Began compiling node test.employee_analytics.unique_stg_employee_events_event_id.d61930ab8c
[0m10:29:30.273412 [debug] [Thread-2 (]: Began compiling node test.employee_analytics.not_null_stg_departments_department_id.ce7f6f5cf8
[0m10:29:30.285887 [debug] [Thread-5 (]: Writing injected SQL for node "test.employee_analytics.not_null_stg_employee_events_event_id.ec250bcb52"
[0m10:29:30.295207 [debug] [Thread-3 (]: Writing injected SQL for node "test.employee_analytics.unique_stg_employee_events_event_id.d61930ab8c"
[0m10:29:30.301614 [debug] [Thread-2 (]: Writing injected SQL for node "test.employee_analytics.not_null_stg_departments_department_id.ce7f6f5cf8"
[0m10:29:30.302522 [debug] [Thread-4 (]: SQL status: SUCCESS 1 in 1.101 seconds
[0m10:29:30.303757 [debug] [Thread-5 (]: Began executing node test.employee_analytics.not_null_stg_employee_events_event_id.ec250bcb52
[0m10:29:30.304746 [debug] [Thread-3 (]: Began executing node test.employee_analytics.unique_stg_employee_events_event_id.d61930ab8c
[0m10:29:30.307995 [info ] [Thread-4 (]: 3 of 20 OK created sql view model STAGING.stg_employees ........................ [[32mSUCCESS 1[0m in 1.21s]
[0m10:29:30.308816 [debug] [Thread-2 (]: Began executing node test.employee_analytics.not_null_stg_departments_department_id.ce7f6f5cf8
[0m10:29:30.330878 [debug] [Thread-5 (]: Writing runtime sql for node "test.employee_analytics.not_null_stg_employee_events_event_id.ec250bcb52"
[0m10:29:30.335638 [debug] [Thread-3 (]: Writing runtime sql for node "test.employee_analytics.unique_stg_employee_events_event_id.d61930ab8c"
[0m10:29:30.336588 [debug] [Thread-4 (]: Finished running node model.employee_analytics.stg_employees
[0m10:29:30.340777 [debug] [Thread-2 (]: Writing runtime sql for node "test.employee_analytics.not_null_stg_departments_department_id.ce7f6f5cf8"
[0m10:29:30.342508 [debug] [Thread-5 (]: Using snowflake connection "test.employee_analytics.not_null_stg_employee_events_event_id.ec250bcb52"
[0m10:29:30.343360 [debug] [Thread-4 (]: Began running node test.employee_analytics.unique_stg_departments_department_id.8e1b8b707b
[0m10:29:30.345054 [debug] [Thread-3 (]: Using snowflake connection "test.employee_analytics.unique_stg_employee_events_event_id.d61930ab8c"
[0m10:29:30.346064 [debug] [Thread-5 (]: On test.employee_analytics.not_null_stg_employee_events_event_id.ec250bcb52: /* {"app": "dbt", "dbt_version": "1.9.4", "profile_name": "employee_analytics", "target_name": "stage", "node_id": "test.employee_analytics.not_null_stg_employee_events_event_id.ec250bcb52"} */
select
      count(*) as failures,
      count(*) != 0 as should_warn,
      count(*) != 0 as should_error
    from (
      
    
    



select event_id
from EMPLOYEE_ANALYTICS_STAGE.STAGING.stg_employee_events
where event_id is null



      
    ) dbt_internal_test
[0m10:29:30.347311 [debug] [Thread-2 (]: Using snowflake connection "test.employee_analytics.not_null_stg_departments_department_id.ce7f6f5cf8"
[0m10:29:30.347959 [info ] [Thread-4 (]: 7 of 20 START test unique_stg_departments_department_id ........................ [RUN]
[0m10:29:30.348761 [debug] [Thread-3 (]: On test.employee_analytics.unique_stg_employee_events_event_id.d61930ab8c: /* {"app": "dbt", "dbt_version": "1.9.4", "profile_name": "employee_analytics", "target_name": "stage", "node_id": "test.employee_analytics.unique_stg_employee_events_event_id.d61930ab8c"} */
select
      count(*) as failures,
      count(*) != 0 as should_warn,
      count(*) != 0 as should_error
    from (
      
    
    

select
    event_id as unique_field,
    count(*) as n_records

from EMPLOYEE_ANALYTICS_STAGE.STAGING.stg_employee_events
where event_id is not null
group by event_id
having count(*) > 1



      
    ) dbt_internal_test
[0m10:29:30.349356 [debug] [Thread-5 (]: Opening a new connection, currently in state init
[0m10:29:30.349904 [debug] [Thread-2 (]: On test.employee_analytics.not_null_stg_departments_department_id.ce7f6f5cf8: /* {"app": "dbt", "dbt_version": "1.9.4", "profile_name": "employee_analytics", "target_name": "stage", "node_id": "test.employee_analytics.not_null_stg_departments_department_id.ce7f6f5cf8"} */
select
      count(*) as failures,
      count(*) != 0 as should_warn,
      count(*) != 0 as should_error
    from (
      
    
    



select department_id
from EMPLOYEE_ANALYTICS_STAGE.STAGING.stg_departments
where department_id is null



      
    ) dbt_internal_test
[0m10:29:30.350635 [debug] [Thread-4 (]: Re-using an available connection from the pool (formerly model.employee_analytics.stg_employees, now test.employee_analytics.unique_stg_departments_department_id.8e1b8b707b)
[0m10:29:30.351234 [debug] [Thread-3 (]: Opening a new connection, currently in state init
[0m10:29:30.352003 [debug] [Thread-2 (]: Opening a new connection, currently in state init
[0m10:29:30.352693 [debug] [Thread-4 (]: Began compiling node test.employee_analytics.unique_stg_departments_department_id.8e1b8b707b
[0m10:29:30.359222 [debug] [Thread-4 (]: Writing injected SQL for node "test.employee_analytics.unique_stg_departments_department_id.8e1b8b707b"
[0m10:29:30.360147 [debug] [Thread-4 (]: Began executing node test.employee_analytics.unique_stg_departments_department_id.8e1b8b707b
[0m10:29:30.364409 [debug] [Thread-4 (]: Writing runtime sql for node "test.employee_analytics.unique_stg_departments_department_id.8e1b8b707b"
[0m10:29:30.365738 [debug] [Thread-4 (]: Using snowflake connection "test.employee_analytics.unique_stg_departments_department_id.8e1b8b707b"
[0m10:29:30.366335 [debug] [Thread-4 (]: On test.employee_analytics.unique_stg_departments_department_id.8e1b8b707b: /* {"app": "dbt", "dbt_version": "1.9.4", "profile_name": "employee_analytics", "target_name": "stage", "node_id": "test.employee_analytics.unique_stg_departments_department_id.8e1b8b707b"} */
select
      count(*) as failures,
      count(*) != 0 as should_warn,
      count(*) != 0 as should_error
    from (
      
    
    

select
    department_id as unique_field,
    count(*) as n_records

from EMPLOYEE_ANALYTICS_STAGE.STAGING.stg_departments
where department_id is not null
group by department_id
having count(*) > 1



      
    ) dbt_internal_test
[0m10:29:30.366850 [debug] [Thread-4 (]: Opening a new connection, currently in state init
[0m10:29:31.170614 [debug] [Thread-2 (]: SQL status: SUCCESS 1 in 0.818 seconds
[0m10:29:31.175424 [info ] [Thread-2 (]: 6 of 20 PASS not_null_stg_departments_department_id ............................ [[32mPASS[0m in 0.90s]
[0m10:29:31.176534 [debug] [Thread-2 (]: Finished running node test.employee_analytics.not_null_stg_departments_department_id.ce7f6f5cf8
[0m10:29:31.177364 [debug] [Thread-2 (]: Began running node test.employee_analytics.accepted_values_stg_employees_employment_status__ACTIVE__EXITED.696b0099c8
[0m10:29:31.178164 [info ] [Thread-2 (]: 8 of 20 START test accepted_values_stg_employees_employment_status__ACTIVE__EXITED  [RUN]
[0m10:29:31.178913 [debug] [Thread-2 (]: Re-using an available connection from the pool (formerly test.employee_analytics.not_null_stg_departments_department_id.ce7f6f5cf8, now test.employee_analytics.accepted_values_stg_employees_employment_status__ACTIVE__EXITED.696b0099c8)
[0m10:29:31.179484 [debug] [Thread-2 (]: Began compiling node test.employee_analytics.accepted_values_stg_employees_employment_status__ACTIVE__EXITED.696b0099c8
[0m10:29:31.186405 [debug] [Thread-2 (]: Writing injected SQL for node "test.employee_analytics.accepted_values_stg_employees_employment_status__ACTIVE__EXITED.696b0099c8"
[0m10:29:31.187327 [debug] [Thread-5 (]: SQL status: SUCCESS 1 in 0.838 seconds
[0m10:29:31.190373 [info ] [Thread-5 (]: 4 of 20 PASS not_null_stg_employee_events_event_id ............................. [[32mPASS[0m in 0.92s]
[0m10:29:31.191197 [debug] [Thread-2 (]: Began executing node test.employee_analytics.accepted_values_stg_employees_employment_status__ACTIVE__EXITED.696b0099c8
[0m10:29:31.191989 [debug] [Thread-5 (]: Finished running node test.employee_analytics.not_null_stg_employee_events_event_id.ec250bcb52
[0m10:29:31.196721 [debug] [Thread-2 (]: Writing runtime sql for node "test.employee_analytics.accepted_values_stg_employees_employment_status__ACTIVE__EXITED.696b0099c8"
[0m10:29:31.197623 [debug] [Thread-5 (]: Began running node test.employee_analytics.not_null_stg_employees_department_id.a7701eed35
[0m10:29:31.198797 [info ] [Thread-5 (]: 9 of 20 START test not_null_stg_employees_department_id ........................ [RUN]
[0m10:29:31.200256 [debug] [Thread-2 (]: Using snowflake connection "test.employee_analytics.accepted_values_stg_employees_employment_status__ACTIVE__EXITED.696b0099c8"
[0m10:29:31.201089 [debug] [Thread-5 (]: Re-using an available connection from the pool (formerly test.employee_analytics.not_null_stg_employee_events_event_id.ec250bcb52, now test.employee_analytics.not_null_stg_employees_department_id.a7701eed35)
[0m10:29:31.201793 [debug] [Thread-2 (]: On test.employee_analytics.accepted_values_stg_employees_employment_status__ACTIVE__EXITED.696b0099c8: /* {"app": "dbt", "dbt_version": "1.9.4", "profile_name": "employee_analytics", "target_name": "stage", "node_id": "test.employee_analytics.accepted_values_stg_employees_employment_status__ACTIVE__EXITED.696b0099c8"} */
select
      count(*) as failures,
      count(*) != 0 as should_warn,
      count(*) != 0 as should_error
    from (
      
    
    

with all_values as (

    select
        employment_status as value_field,
        count(*) as n_records

    from EMPLOYEE_ANALYTICS_STAGE.STAGING.stg_employees
    group by employment_status

)

select *
from all_values
where value_field not in (
    'ACTIVE','EXITED'
)



      
    ) dbt_internal_test
[0m10:29:31.202421 [debug] [Thread-5 (]: Began compiling node test.employee_analytics.not_null_stg_employees_department_id.a7701eed35
[0m10:29:31.202978 [debug] [Thread-2 (]: Opening a new connection, currently in state init
[0m10:29:31.209876 [debug] [Thread-5 (]: Writing injected SQL for node "test.employee_analytics.not_null_stg_employees_department_id.a7701eed35"
[0m10:29:31.211036 [debug] [Thread-5 (]: Began executing node test.employee_analytics.not_null_stg_employees_department_id.a7701eed35
[0m10:29:31.215485 [debug] [Thread-5 (]: Writing runtime sql for node "test.employee_analytics.not_null_stg_employees_department_id.a7701eed35"
[0m10:29:31.216958 [debug] [Thread-5 (]: Using snowflake connection "test.employee_analytics.not_null_stg_employees_department_id.a7701eed35"
[0m10:29:31.217646 [debug] [Thread-5 (]: On test.employee_analytics.not_null_stg_employees_department_id.a7701eed35: /* {"app": "dbt", "dbt_version": "1.9.4", "profile_name": "employee_analytics", "target_name": "stage", "node_id": "test.employee_analytics.not_null_stg_employees_department_id.a7701eed35"} */
select
      count(*) as failures,
      count(*) != 0 as should_warn,
      count(*) != 0 as should_error
    from (
      
    
    



select department_id
from EMPLOYEE_ANALYTICS_STAGE.STAGING.stg_employees
where department_id is null



      
    ) dbt_internal_test
[0m10:29:31.218246 [debug] [Thread-5 (]: Opening a new connection, currently in state init
[0m10:29:31.221774 [debug] [Thread-4 (]: SQL status: SUCCESS 1 in 0.855 seconds
[0m10:29:31.224403 [info ] [Thread-4 (]: 7 of 20 PASS unique_stg_departments_department_id .............................. [[32mPASS[0m in 0.87s]
[0m10:29:31.225304 [debug] [Thread-4 (]: Finished running node test.employee_analytics.unique_stg_departments_department_id.8e1b8b707b
[0m10:29:31.226044 [debug] [Thread-4 (]: Began running node test.employee_analytics.not_null_stg_employees_employee_id.7f6f73d15b
[0m10:29:31.226759 [info ] [Thread-4 (]: 10 of 20 START test not_null_stg_employees_employee_id ......................... [RUN]
[0m10:29:31.227466 [debug] [Thread-4 (]: Re-using an available connection from the pool (formerly test.employee_analytics.unique_stg_departments_department_id.8e1b8b707b, now test.employee_analytics.not_null_stg_employees_employee_id.7f6f73d15b)
[0m10:29:31.228006 [debug] [Thread-4 (]: Began compiling node test.employee_analytics.not_null_stg_employees_employee_id.7f6f73d15b
[0m10:29:31.236124 [debug] [Thread-4 (]: Writing injected SQL for node "test.employee_analytics.not_null_stg_employees_employee_id.7f6f73d15b"
[0m10:29:31.237137 [debug] [Thread-4 (]: Began executing node test.employee_analytics.not_null_stg_employees_employee_id.7f6f73d15b
[0m10:29:31.241535 [debug] [Thread-4 (]: Writing runtime sql for node "test.employee_analytics.not_null_stg_employees_employee_id.7f6f73d15b"
[0m10:29:31.242819 [debug] [Thread-3 (]: SQL status: SUCCESS 1 in 0.891 seconds
[0m10:29:31.245809 [info ] [Thread-3 (]: 5 of 20 PASS unique_stg_employee_events_event_id ............................... [[32mPASS[0m in 0.97s]
[0m10:29:31.246968 [debug] [Thread-4 (]: Using snowflake connection "test.employee_analytics.not_null_stg_employees_employee_id.7f6f73d15b"
[0m10:29:31.247820 [debug] [Thread-3 (]: Finished running node test.employee_analytics.unique_stg_employee_events_event_id.d61930ab8c
[0m10:29:31.248867 [debug] [Thread-4 (]: On test.employee_analytics.not_null_stg_employees_employee_id.7f6f73d15b: /* {"app": "dbt", "dbt_version": "1.9.4", "profile_name": "employee_analytics", "target_name": "stage", "node_id": "test.employee_analytics.not_null_stg_employees_employee_id.7f6f73d15b"} */
select
      count(*) as failures,
      count(*) != 0 as should_warn,
      count(*) != 0 as should_error
    from (
      
    
    



select employee_id
from EMPLOYEE_ANALYTICS_STAGE.STAGING.stg_employees
where employee_id is null



      
    ) dbt_internal_test
[0m10:29:31.249997 [debug] [Thread-3 (]: Began running node test.employee_analytics.relationships_stg_employee_events_employee_id__employee_id__ref_stg_employees_.d0912f39d6
[0m10:29:31.251561 [debug] [Thread-4 (]: Opening a new connection, currently in state init
[0m10:29:31.253225 [info ] [Thread-3 (]: 11 of 20 START test relationships_stg_employee_events_employee_id__employee_id__ref_stg_employees_  [RUN]
[0m10:29:31.254571 [debug] [Thread-3 (]: Re-using an available connection from the pool (formerly test.employee_analytics.unique_stg_employee_events_event_id.d61930ab8c, now test.employee_analytics.relationships_stg_employee_events_employee_id__employee_id__ref_stg_employees_.d0912f39d6)
[0m10:29:31.255390 [debug] [Thread-3 (]: Began compiling node test.employee_analytics.relationships_stg_employee_events_employee_id__employee_id__ref_stg_employees_.d0912f39d6
[0m10:29:31.263965 [debug] [Thread-3 (]: Writing injected SQL for node "test.employee_analytics.relationships_stg_employee_events_employee_id__employee_id__ref_stg_employees_.d0912f39d6"
[0m10:29:31.265049 [debug] [Thread-3 (]: Began executing node test.employee_analytics.relationships_stg_employee_events_employee_id__employee_id__ref_stg_employees_.d0912f39d6
[0m10:29:31.269373 [debug] [Thread-3 (]: Writing runtime sql for node "test.employee_analytics.relationships_stg_employee_events_employee_id__employee_id__ref_stg_employees_.d0912f39d6"
[0m10:29:31.271052 [debug] [Thread-3 (]: Using snowflake connection "test.employee_analytics.relationships_stg_employee_events_employee_id__employee_id__ref_stg_employees_.d0912f39d6"
[0m10:29:31.272106 [debug] [Thread-3 (]: On test.employee_analytics.relationships_stg_employee_events_employee_id__employee_id__ref_stg_employees_.d0912f39d6: /* {"app": "dbt", "dbt_version": "1.9.4", "profile_name": "employee_analytics", "target_name": "stage", "node_id": "test.employee_analytics.relationships_stg_employee_events_employee_id__employee_id__ref_stg_employees_.d0912f39d6"} */
select
      count(*) as failures,
      count(*) != 0 as should_warn,
      count(*) != 0 as should_error
    from (
      
    
    

with child as (
    select employee_id as from_field
    from EMPLOYEE_ANALYTICS_STAGE.STAGING.stg_employee_events
    where employee_id is not null
),

parent as (
    select employee_id as to_field
    from EMPLOYEE_ANALYTICS_STAGE.STAGING.stg_employees
)

select
    from_field

from child
left join parent
    on child.from_field = parent.to_field

where parent.to_field is null



      
    ) dbt_internal_test
[0m10:29:31.273023 [debug] [Thread-3 (]: Opening a new connection, currently in state init
[0m10:29:32.200295 [debug] [Thread-5 (]: SQL status: SUCCESS 1 in 0.982 seconds
[0m10:29:32.203029 [info ] [Thread-5 (]: 9 of 20 PASS not_null_stg_employees_department_id .............................. [[32mPASS[0m in 1.00s]
[0m10:29:32.203932 [debug] [Thread-5 (]: Finished running node test.employee_analytics.not_null_stg_employees_department_id.a7701eed35
[0m10:29:32.204749 [debug] [Thread-5 (]: Began running node test.employee_analytics.unique_stg_employees_employee_id.db72478d64
[0m10:29:32.205477 [info ] [Thread-5 (]: 12 of 20 START test unique_stg_employees_employee_id ........................... [RUN]
[0m10:29:32.206305 [debug] [Thread-5 (]: Re-using an available connection from the pool (formerly test.employee_analytics.not_null_stg_employees_department_id.a7701eed35, now test.employee_analytics.unique_stg_employees_employee_id.db72478d64)
[0m10:29:32.207158 [debug] [Thread-4 (]: SQL status: SUCCESS 1 in 0.956 seconds
[0m10:29:32.207742 [debug] [Thread-5 (]: Began compiling node test.employee_analytics.unique_stg_employees_employee_id.db72478d64
[0m10:29:32.210314 [info ] [Thread-4 (]: 10 of 20 PASS not_null_stg_employees_employee_id ............................... [[32mPASS[0m in 0.98s]
[0m10:29:32.219048 [debug] [Thread-5 (]: Writing injected SQL for node "test.employee_analytics.unique_stg_employees_employee_id.db72478d64"
[0m10:29:32.219943 [debug] [Thread-4 (]: Finished running node test.employee_analytics.not_null_stg_employees_employee_id.7f6f73d15b
[0m10:29:32.221125 [debug] [Thread-4 (]: Began running node model.employee_analytics.agg_employee_movement
[0m10:29:32.221900 [debug] [Thread-5 (]: Began executing node test.employee_analytics.unique_stg_employees_employee_id.db72478d64
[0m10:29:32.222717 [info ] [Thread-4 (]: 13 of 20 START sql table model ANALYTICS.agg_employee_movement ................. [RUN]
[0m10:29:32.227060 [debug] [Thread-5 (]: Writing runtime sql for node "test.employee_analytics.unique_stg_employees_employee_id.db72478d64"
[0m10:29:32.227928 [debug] [Thread-4 (]: Re-using an available connection from the pool (formerly test.employee_analytics.not_null_stg_employees_employee_id.7f6f73d15b, now model.employee_analytics.agg_employee_movement)
[0m10:29:32.228946 [debug] [Thread-4 (]: Began compiling node model.employee_analytics.agg_employee_movement
[0m10:29:32.234291 [debug] [Thread-4 (]: Writing injected SQL for node "model.employee_analytics.agg_employee_movement"
[0m10:29:32.235508 [debug] [Thread-5 (]: Using snowflake connection "test.employee_analytics.unique_stg_employees_employee_id.db72478d64"
[0m10:29:32.236526 [debug] [Thread-5 (]: On test.employee_analytics.unique_stg_employees_employee_id.db72478d64: /* {"app": "dbt", "dbt_version": "1.9.4", "profile_name": "employee_analytics", "target_name": "stage", "node_id": "test.employee_analytics.unique_stg_employees_employee_id.db72478d64"} */
select
      count(*) as failures,
      count(*) != 0 as should_warn,
      count(*) != 0 as should_error
    from (
      
    
    

select
    employee_id as unique_field,
    count(*) as n_records

from EMPLOYEE_ANALYTICS_STAGE.STAGING.stg_employees
where employee_id is not null
group by employee_id
having count(*) > 1



      
    ) dbt_internal_test
[0m10:29:32.237357 [debug] [Thread-4 (]: Began executing node model.employee_analytics.agg_employee_movement
[0m10:29:32.237939 [debug] [Thread-5 (]: Opening a new connection, currently in state init
[0m10:29:32.266949 [debug] [Thread-4 (]: Writing runtime sql for node "model.employee_analytics.agg_employee_movement"
[0m10:29:32.268819 [debug] [Thread-4 (]: Using snowflake connection "model.employee_analytics.agg_employee_movement"
[0m10:29:32.269514 [debug] [Thread-4 (]: On model.employee_analytics.agg_employee_movement: /* {"app": "dbt", "dbt_version": "1.9.4", "profile_name": "employee_analytics", "target_name": "stage", "node_id": "model.employee_analytics.agg_employee_movement"} */
create or replace transient table EMPLOYEE_ANALYTICS_STAGE.ANALYTICS.agg_employee_movement
         as
        (select date_trunc('month',event_date)::date month,count_if(event_type='JOINED') joiners,count_if(event_type='EXITED') exits,count_if(event_type='TRANSFERRED') transfers,count_if(event_type='PROMOTED') promotions,count_if(event_type='SALARY_CHANGE') salary_changes from EMPLOYEE_ANALYTICS_STAGE.STAGING.stg_employee_events group by 1
        );
[0m10:29:32.270109 [debug] [Thread-4 (]: Opening a new connection, currently in state init
[0m10:29:32.292015 [debug] [Thread-2 (]: SQL status: SUCCESS 1 in 1.089 seconds
[0m10:29:32.294814 [info ] [Thread-2 (]: 8 of 20 PASS accepted_values_stg_employees_employment_status__ACTIVE__EXITED ... [[32mPASS[0m in 1.12s]
[0m10:29:32.295737 [debug] [Thread-2 (]: Finished running node test.employee_analytics.accepted_values_stg_employees_employment_status__ACTIVE__EXITED.696b0099c8
[0m10:29:32.327958 [debug] [Thread-3 (]: SQL status: SUCCESS 1 in 1.055 seconds
[0m10:29:32.330769 [info ] [Thread-3 (]: 11 of 20 PASS relationships_stg_employee_events_employee_id__employee_id__ref_stg_employees_  [[32mPASS[0m in 1.08s]
[0m10:29:32.331696 [debug] [Thread-3 (]: Finished running node test.employee_analytics.relationships_stg_employee_events_employee_id__employee_id__ref_stg_employees_.d0912f39d6
[0m10:29:33.459379 [debug] [Thread-5 (]: SQL status: SUCCESS 1 in 1.221 seconds
[0m10:29:33.462218 [info ] [Thread-5 (]: 12 of 20 PASS unique_stg_employees_employee_id ................................. [[32mPASS[0m in 1.26s]
[0m10:29:33.463125 [debug] [Thread-5 (]: Finished running node test.employee_analytics.unique_stg_employees_employee_id.db72478d64
[0m10:29:33.464247 [debug] [Thread-2 (]: Began running node model.employee_analytics.dim_employees
[0m10:29:33.465139 [info ] [Thread-2 (]: 14 of 20 START sql table model ANALYTICS.dim_employees ......................... [RUN]
[0m10:29:33.466036 [debug] [Thread-2 (]: Re-using an available connection from the pool (formerly test.employee_analytics.accepted_values_stg_employees_employment_status__ACTIVE__EXITED.696b0099c8, now model.employee_analytics.dim_employees)
[0m10:29:33.466632 [debug] [Thread-2 (]: Began compiling node model.employee_analytics.dim_employees
[0m10:29:33.474266 [debug] [Thread-2 (]: Writing injected SQL for node "model.employee_analytics.dim_employees"
[0m10:29:33.475189 [debug] [Thread-2 (]: Began executing node model.employee_analytics.dim_employees
[0m10:29:33.479557 [debug] [Thread-2 (]: Writing runtime sql for node "model.employee_analytics.dim_employees"
[0m10:29:33.481171 [debug] [Thread-2 (]: Using snowflake connection "model.employee_analytics.dim_employees"
[0m10:29:33.481802 [debug] [Thread-2 (]: On model.employee_analytics.dim_employees: /* {"app": "dbt", "dbt_version": "1.9.4", "profile_name": "employee_analytics", "target_name": "stage", "node_id": "model.employee_analytics.dim_employees"} */
create or replace transient table EMPLOYEE_ANALYTICS_STAGE.ANALYTICS.dim_employees
         as
        (select e.employee_id,e.employee_name,e.email,e.job_title,d.department_name,d.cost_center,e.join_date,e.exit_date,e.employment_status,e.salary,datediff(month,e.join_date,coalesce(e.exit_date,current_date())) tenure_months from EMPLOYEE_ANALYTICS_STAGE.STAGING.stg_employees e left join EMPLOYEE_ANALYTICS_STAGE.STAGING.stg_departments d on e.department_id=d.department_id
        );
[0m10:29:33.482351 [debug] [Thread-2 (]: Opening a new connection, currently in state init
[0m10:29:34.250834 [debug] [Thread-4 (]: SQL status: SUCCESS 1 in 1.981 seconds
[0m10:29:34.254342 [info ] [Thread-4 (]: 13 of 20 OK created sql table model ANALYTICS.agg_employee_movement ............ [[32mSUCCESS 1[0m in 2.03s]
[0m10:29:34.255263 [debug] [Thread-4 (]: Finished running node model.employee_analytics.agg_employee_movement
[0m10:29:34.934464 [debug] [Thread-2 (]: SQL status: SUCCESS 1 in 1.452 seconds
[0m10:29:34.937457 [info ] [Thread-2 (]: 14 of 20 OK created sql table model ANALYTICS.dim_employees .................... [[32mSUCCESS 1[0m in 1.47s]
[0m10:29:34.938297 [debug] [Thread-2 (]: Finished running node model.employee_analytics.dim_employees
[0m10:29:34.939678 [debug] [Thread-5 (]: Began running node test.employee_analytics.assert_exit_date_valid
[0m10:29:34.940448 [debug] [Thread-3 (]: Began running node test.employee_analytics.assert_salary_positive
[0m10:29:34.941057 [debug] [Thread-4 (]: Began running node test.employee_analytics.not_null_dim_employees_employee_id.ef83a0c291
[0m10:29:34.941639 [debug] [Thread-2 (]: Began running node test.employee_analytics.not_null_dim_employees_salary.1690cd4958
[0m10:29:34.942463 [info ] [Thread-5 (]: 15 of 20 START test assert_exit_date_valid ..................................... [RUN]
[0m10:29:34.943102 [info ] [Thread-3 (]: 16 of 20 START test assert_salary_positive ..................................... [RUN]
[0m10:29:34.943689 [info ] [Thread-4 (]: 17 of 20 START test not_null_dim_employees_employee_id ......................... [RUN]
[0m10:29:34.944309 [info ] [Thread-2 (]: 18 of 20 START test not_null_dim_employees_salary .............................. [RUN]
[0m10:29:34.945006 [debug] [Thread-5 (]: Re-using an available connection from the pool (formerly test.employee_analytics.unique_stg_employees_employee_id.db72478d64, now test.employee_analytics.assert_exit_date_valid)
[0m10:29:34.945669 [debug] [Thread-3 (]: Re-using an available connection from the pool (formerly test.employee_analytics.relationships_stg_employee_events_employee_id__employee_id__ref_stg_employees_.d0912f39d6, now test.employee_analytics.assert_salary_positive)
[0m10:29:34.946318 [debug] [Thread-4 (]: Re-using an available connection from the pool (formerly model.employee_analytics.agg_employee_movement, now test.employee_analytics.not_null_dim_employees_employee_id.ef83a0c291)
[0m10:29:34.946903 [debug] [Thread-2 (]: Re-using an available connection from the pool (formerly model.employee_analytics.dim_employees, now test.employee_analytics.not_null_dim_employees_salary.1690cd4958)
[0m10:29:34.947448 [debug] [Thread-5 (]: Began compiling node test.employee_analytics.assert_exit_date_valid
[0m10:29:34.947966 [debug] [Thread-3 (]: Began compiling node test.employee_analytics.assert_salary_positive
[0m10:29:34.948505 [debug] [Thread-4 (]: Began compiling node test.employee_analytics.not_null_dim_employees_employee_id.ef83a0c291
[0m10:29:34.949012 [debug] [Thread-2 (]: Began compiling node test.employee_analytics.not_null_dim_employees_salary.1690cd4958
[0m10:29:34.953871 [debug] [Thread-5 (]: Writing injected SQL for node "test.employee_analytics.assert_exit_date_valid"
[0m10:29:34.958744 [debug] [Thread-3 (]: Writing injected SQL for node "test.employee_analytics.assert_salary_positive"
[0m10:29:34.964849 [debug] [Thread-4 (]: Writing injected SQL for node "test.employee_analytics.not_null_dim_employees_employee_id.ef83a0c291"
[0m10:29:34.973349 [debug] [Thread-2 (]: Writing injected SQL for node "test.employee_analytics.not_null_dim_employees_salary.1690cd4958"
[0m10:29:34.974544 [debug] [Thread-5 (]: Began executing node test.employee_analytics.assert_exit_date_valid
[0m10:29:34.975499 [debug] [Thread-3 (]: Began executing node test.employee_analytics.assert_salary_positive
[0m10:29:34.976330 [debug] [Thread-4 (]: Began executing node test.employee_analytics.not_null_dim_employees_employee_id.ef83a0c291
[0m10:29:34.980518 [debug] [Thread-5 (]: Writing runtime sql for node "test.employee_analytics.assert_exit_date_valid"
[0m10:29:34.981356 [debug] [Thread-2 (]: Began executing node test.employee_analytics.not_null_dim_employees_salary.1690cd4958
[0m10:29:34.985562 [debug] [Thread-3 (]: Writing runtime sql for node "test.employee_analytics.assert_salary_positive"
[0m10:29:34.989523 [debug] [Thread-4 (]: Writing runtime sql for node "test.employee_analytics.not_null_dim_employees_employee_id.ef83a0c291"
[0m10:29:34.994040 [debug] [Thread-2 (]: Writing runtime sql for node "test.employee_analytics.not_null_dim_employees_salary.1690cd4958"
[0m10:29:34.995194 [debug] [Thread-5 (]: Using snowflake connection "test.employee_analytics.assert_exit_date_valid"
[0m10:29:34.996515 [debug] [Thread-3 (]: Using snowflake connection "test.employee_analytics.assert_salary_positive"
[0m10:29:34.997819 [debug] [Thread-4 (]: Using snowflake connection "test.employee_analytics.not_null_dim_employees_employee_id.ef83a0c291"
[0m10:29:34.998576 [debug] [Thread-5 (]: On test.employee_analytics.assert_exit_date_valid: /* {"app": "dbt", "dbt_version": "1.9.4", "profile_name": "employee_analytics", "target_name": "stage", "node_id": "test.employee_analytics.assert_exit_date_valid"} */
select
      count(*) as failures,
      count(*) != 0 as should_warn,
      count(*) != 0 as should_error
    from (
      select * from EMPLOYEE_ANALYTICS_STAGE.ANALYTICS.dim_employees where exit_date is not null and exit_date < join_date
      
    ) dbt_internal_test
[0m10:29:34.999618 [debug] [Thread-2 (]: Using snowflake connection "test.employee_analytics.not_null_dim_employees_salary.1690cd4958"
[0m10:29:35.000232 [debug] [Thread-3 (]: On test.employee_analytics.assert_salary_positive: /* {"app": "dbt", "dbt_version": "1.9.4", "profile_name": "employee_analytics", "target_name": "stage", "node_id": "test.employee_analytics.assert_salary_positive"} */
select
      count(*) as failures,
      count(*) != 0 as should_warn,
      count(*) != 0 as should_error
    from (
      select * from EMPLOYEE_ANALYTICS_STAGE.ANALYTICS.dim_employees where salary <= 0
      
    ) dbt_internal_test
[0m10:29:35.000843 [debug] [Thread-4 (]: On test.employee_analytics.not_null_dim_employees_employee_id.ef83a0c291: /* {"app": "dbt", "dbt_version": "1.9.4", "profile_name": "employee_analytics", "target_name": "stage", "node_id": "test.employee_analytics.not_null_dim_employees_employee_id.ef83a0c291"} */
select
      count(*) as failures,
      count(*) != 0 as should_warn,
      count(*) != 0 as should_error
    from (
      
    
    



select employee_id
from EMPLOYEE_ANALYTICS_STAGE.ANALYTICS.dim_employees
where employee_id is null



      
    ) dbt_internal_test
[0m10:29:35.001439 [debug] [Thread-5 (]: Opening a new connection, currently in state init
[0m10:29:35.002026 [debug] [Thread-2 (]: On test.employee_analytics.not_null_dim_employees_salary.1690cd4958: /* {"app": "dbt", "dbt_version": "1.9.4", "profile_name": "employee_analytics", "target_name": "stage", "node_id": "test.employee_analytics.not_null_dim_employees_salary.1690cd4958"} */
select
      count(*) as failures,
      count(*) != 0 as should_warn,
      count(*) != 0 as should_error
    from (
      
    
    



select salary
from EMPLOYEE_ANALYTICS_STAGE.ANALYTICS.dim_employees
where salary is null



      
    ) dbt_internal_test
[0m10:29:35.002566 [debug] [Thread-3 (]: Opening a new connection, currently in state init
[0m10:29:35.003071 [debug] [Thread-4 (]: Opening a new connection, currently in state init
[0m10:29:35.003794 [debug] [Thread-2 (]: Opening a new connection, currently in state init
[0m10:29:35.827645 [debug] [Thread-4 (]: SQL status: SUCCESS 1 in 0.824 seconds
[0m10:29:35.828487 [debug] [Thread-2 (]: SQL status: SUCCESS 1 in 0.825 seconds
[0m10:29:35.830968 [info ] [Thread-4 (]: 17 of 20 PASS not_null_dim_employees_employee_id ............................... [[32mPASS[0m in 0.88s]
[0m10:29:35.833375 [info ] [Thread-2 (]: 18 of 20 PASS not_null_dim_employees_salary .................................... [[32mPASS[0m in 0.89s]
[0m10:29:35.837013 [debug] [Thread-4 (]: Finished running node test.employee_analytics.not_null_dim_employees_employee_id.ef83a0c291
[0m10:29:35.837893 [debug] [Thread-2 (]: Finished running node test.employee_analytics.not_null_dim_employees_salary.1690cd4958
[0m10:29:35.838944 [debug] [Thread-3 (]: SQL status: SUCCESS 1 in 0.836 seconds
[0m10:29:35.839680 [debug] [Thread-4 (]: Began running node test.employee_analytics.unique_dim_employees_employee_id.79828c8f30
[0m10:29:35.842524 [info ] [Thread-3 (]: 16 of 20 PASS assert_salary_positive ........................................... [[32mPASS[0m in 0.90s]
[0m10:29:35.843314 [info ] [Thread-4 (]: 19 of 20 START test unique_dim_employees_employee_id ........................... [RUN]
[0m10:29:35.844144 [debug] [Thread-3 (]: Finished running node test.employee_analytics.assert_salary_positive
[0m10:29:35.844895 [debug] [Thread-4 (]: Re-using an available connection from the pool (formerly test.employee_analytics.not_null_dim_employees_employee_id.ef83a0c291, now test.employee_analytics.unique_dim_employees_employee_id.79828c8f30)
[0m10:29:35.845778 [debug] [Thread-4 (]: Began compiling node test.employee_analytics.unique_dim_employees_employee_id.79828c8f30
[0m10:29:35.851840 [debug] [Thread-4 (]: Writing injected SQL for node "test.employee_analytics.unique_dim_employees_employee_id.79828c8f30"
[0m10:29:35.852702 [debug] [Thread-4 (]: Began executing node test.employee_analytics.unique_dim_employees_employee_id.79828c8f30
[0m10:29:35.856809 [debug] [Thread-4 (]: Writing runtime sql for node "test.employee_analytics.unique_dim_employees_employee_id.79828c8f30"
[0m10:29:35.858161 [debug] [Thread-4 (]: Using snowflake connection "test.employee_analytics.unique_dim_employees_employee_id.79828c8f30"
[0m10:29:35.858768 [debug] [Thread-4 (]: On test.employee_analytics.unique_dim_employees_employee_id.79828c8f30: /* {"app": "dbt", "dbt_version": "1.9.4", "profile_name": "employee_analytics", "target_name": "stage", "node_id": "test.employee_analytics.unique_dim_employees_employee_id.79828c8f30"} */
select
      count(*) as failures,
      count(*) != 0 as should_warn,
      count(*) != 0 as should_error
    from (
      
    
    

select
    employee_id as unique_field,
    count(*) as n_records

from EMPLOYEE_ANALYTICS_STAGE.ANALYTICS.dim_employees
where employee_id is not null
group by employee_id
having count(*) > 1



      
    ) dbt_internal_test
[0m10:29:35.859283 [debug] [Thread-4 (]: Opening a new connection, currently in state init
[0m10:29:35.863319 [debug] [Thread-5 (]: SQL status: SUCCESS 1 in 0.862 seconds
[0m10:29:35.865751 [info ] [Thread-5 (]: 15 of 20 PASS assert_exit_date_valid ........................................... [[32mPASS[0m in 0.92s]
[0m10:29:35.866560 [debug] [Thread-5 (]: Finished running node test.employee_analytics.assert_exit_date_valid
[0m10:29:36.508060 [debug] [Thread-4 (]: SQL status: SUCCESS 1 in 0.649 seconds
[0m10:29:36.510561 [info ] [Thread-4 (]: 19 of 20 PASS unique_dim_employees_employee_id ................................. [[32mPASS[0m in 0.67s]
[0m10:29:36.511454 [debug] [Thread-4 (]: Finished running node test.employee_analytics.unique_dim_employees_employee_id.79828c8f30
[0m10:29:36.512655 [debug] [Thread-2 (]: Began running node model.employee_analytics.agg_department_summary
[0m10:29:36.513675 [info ] [Thread-2 (]: 20 of 20 START sql table model ANALYTICS.agg_department_summary ................ [RUN]
[0m10:29:36.514401 [debug] [Thread-2 (]: Re-using an available connection from the pool (formerly test.employee_analytics.not_null_dim_employees_salary.1690cd4958, now model.employee_analytics.agg_department_summary)
[0m10:29:36.514992 [debug] [Thread-2 (]: Began compiling node model.employee_analytics.agg_department_summary
[0m10:29:36.519985 [debug] [Thread-2 (]: Writing injected SQL for node "model.employee_analytics.agg_department_summary"
[0m10:29:36.520860 [debug] [Thread-2 (]: Began executing node model.employee_analytics.agg_department_summary
[0m10:29:36.525173 [debug] [Thread-2 (]: Writing runtime sql for node "model.employee_analytics.agg_department_summary"
[0m10:29:36.526695 [debug] [Thread-2 (]: Using snowflake connection "model.employee_analytics.agg_department_summary"
[0m10:29:36.527335 [debug] [Thread-2 (]: On model.employee_analytics.agg_department_summary: /* {"app": "dbt", "dbt_version": "1.9.4", "profile_name": "employee_analytics", "target_name": "stage", "node_id": "model.employee_analytics.agg_department_summary"} */
create or replace transient table EMPLOYEE_ANALYTICS_STAGE.ANALYTICS.agg_department_summary
         as
        (select department_name,count(*) total_employees,count_if(employment_status='ACTIVE') active_employees,count_if(employment_status='EXITED') exited_employees,round(avg(salary),2) avg_salary,round(avg(tenure_months),1) avg_tenure_months from EMPLOYEE_ANALYTICS_STAGE.ANALYTICS.dim_employees group by department_name
        );
[0m10:29:36.527891 [debug] [Thread-2 (]: Opening a new connection, currently in state init
[0m10:29:37.943333 [debug] [Thread-2 (]: SQL status: SUCCESS 1 in 1.415 seconds
[0m10:29:37.946293 [info ] [Thread-2 (]: 20 of 20 OK created sql table model ANALYTICS.agg_department_summary ........... [[32mSUCCESS 1[0m in 1.43s]
[0m10:29:37.947105 [debug] [Thread-2 (]: Finished running node model.employee_analytics.agg_department_summary
[0m10:29:37.950616 [debug] [Dummy-1   ]: Connection 'master' was properly closed.
[0m10:29:37.951453 [debug] [Dummy-1   ]: Connection 'test.employee_analytics.assert_salary_positive' was properly closed.
[0m10:29:37.952077 [debug] [Dummy-1   ]: Connection 'model.employee_analytics.agg_department_summary' was properly closed.
[0m10:29:37.952548 [debug] [Dummy-1   ]: Connection 'test.employee_analytics.unique_dim_employees_employee_id.79828c8f30' was properly closed.
[0m10:29:37.952973 [debug] [Dummy-1   ]: Connection 'test.employee_analytics.assert_exit_date_valid' was properly closed.
[0m10:29:37.953595 [info ] [Dummy-1   ]: 
[0m10:29:37.954108 [info ] [Dummy-1   ]: Finished running 3 table models, 14 data tests, 3 view models in 0 hours 0 minutes and 10.77 seconds (10.77s).
[0m10:29:37.957054 [debug] [Dummy-1   ]: Command end result
[0m10:29:37.985402 [debug] [Dummy-1   ]: Wrote artifact WritableManifest to /tmp/dbt/target/manifest.json
[0m10:29:37.987741 [debug] [Dummy-1   ]: Wrote artifact SemanticManifest to /tmp/dbt/target/semantic_manifest.json
[0m10:29:37.994958 [debug] [Dummy-1   ]: Wrote artifact RunExecutionResult to /tmp/dbt/target/run_results.json
[0m10:29:37.995527 [info ] [Dummy-1   ]: 
[0m10:29:37.996181 [info ] [Dummy-1   ]: [32mCompleted successfully[0m
[0m10:29:37.996729 [info ] [Dummy-1   ]: 
[0m10:29:37.997244 [info ] [Dummy-1   ]: Done. PASS=20 WARN=0 ERROR=0 SKIP=0 TOTAL=20
[0m10:29:37.999195 [debug] [Dummy-1   ]: Resource report: {"command_name": "build", "command_success": true, "command_wall_clock_time": 13.972403, "process_in_blocks": "0", "process_kernel_time": 1.13, "process_mem_max_rss": "517720", "process_out_blocks": "0", "process_user_time": 6.96}
[0m10:29:37.999896 [debug] [Dummy-1   ]: Command `cli build` succeeded at 10:29:37.999608 after 13.97 seconds
[0m10:29:38.000526 [debug] [Dummy-1   ]: Flushing usage events
